[2026-10-01T08:43:39.574Z] [INFO] [startup] MCPG Gateway version: v0.4.25
[2026-10-01T08:43:39.575Z] [INFO] [startup] Starting MCPG with config: stdin, listen: 0.0.0.0:8080, log-dir: /tmp/gh-aw/mcp-logs/
[2026-10-01T08:43:39.575Z] [DEBUG] [cmd:root] Starting MCPG with config: stdin, listen: 0.0.0.0:8080
[2026-10-01T08:43:39.575Z] [DEBUG] [cmd:root] WASM cache dir resolved from default (logDir="/tmp/gh-aw/mcp-logs/"): "/tmp/gh-aw/wazero-cache"
[2026-10-01T08:43:39.576Z] [DEBUG] [cmd:root] Configuring WASM compilation cache: resolvedDir="/tmp/gh-aw/wazero-cache", flagChanged=false
[2026-10-01T08:43:39.576Z] [DEBUG] [guard:wasm] Configuring global compilation cache: dir="/tmp/gh-aw/wazero-cache"
[2026-10-01T08:43:39.576Z] [DEBUG] [guard:wasm] Creating disk-backed compilation cache: dir=/tmp/gh-aw/wazero-cache
[2026-10-01T08:43:39.577Z] [DEBUG] [guard:wasm] Global compilation cache replaced successfully
[2026-10-01T08:43:39.577Z] [DEBUG] [cmd:root] WASM compilation cache configured: mode=disk, dir="/tmp/gh-aw/wazero-cache"
[2026-10-01T08:43:39.577Z] [INFO] [startup] WASM compilation cache directory: /tmp/gh-aw/wazero-cache
[2026-10-01T08:43:39.578Z] [DEBUG] [config:config] Loading configuration from stdin JSON
[2026-10-01T08:43:39.578Z] [DEBUG] [config:config] Read 1771 bytes from stdin
[2026-10-01T08:43:39.578Z] [DEBUG] [config:config_stdin] Checking 1 server(s) for 'local' type normalization
[2026-10-01T08:43:39.579Z] [DEBUG] [config:expand] Expanding variables: context=raw JSON data
[2026-10-01T08:43:39.579Z] [DEBUG] [config:expand] Expanded variable: GITHUB_WORKSPACE (found in environment)
[2026-10-01T08:43:39.583Z] [DEBUG] [config:expand] Expanded variable: GITHUB_WORKSPACE (found in environment)
[2026-10-01T08:43:39.583Z] [DEBUG] [config:expand] Expanded variable: GITHUB_WORKSPACE (found in environment)
[2026-10-01T08:43:39.583Z] [DEBUG] [config:expand] Expanded variable: DEFAULT_BRANCH (found in environment)
[2026-10-01T08:43:39.584Z] [DEBUG] [config:expand] Expanded variable: GH_AW_ASSETS_ALLOWED_EXTS (found in environment)
[2026-10-01T08:43:39.584Z] [DEBUG] [config:expand] Expanded variable: GH_AW_ASSETS_BRANCH (found in environment)
[2026-10-01T08:43:39.584Z] [DEBUG] [config:expand] Expanded variable: GH_AW_ASSETS_MAX_SIZE_KB (found in environment)
[2026-10-01T08:43:39.585Z] [DEBUG] [config:expand] Expanded variable: GH_AW_MCP_LOG_DIR (found in environment)
[2026-10-01T08:43:39.585Z] [DEBUG] [config:expand] Expanded variable: GH_AW_SAFE_OUTPUTS (found in environment)
[2026-10-01T08:43:39.585Z] [DEBUG] [config:expand] Expanded variable: GH_AW_SAFE_OUTPUTS_CONFIG_PATH (found in environment)
[2026-10-01T08:43:39.586Z] [DEBUG] [config:expand] Expanded variable: GH_AW_SAFE_OUTPUTS_TOOLS_PATH (found in environment)
[2026-10-01T08:43:39.586Z] [DEBUG] [config:expand] Expanded variable: GH_AW_POLICY_ALLOW_CREATE_PULL_REQUEST (found in environment)
[2026-10-01T08:43:39.586Z] [DEBUG] [config:expand] Expanded variable: GH_AW_PR_HEAD_BASE_BRANCH (found in environment)
[2026-10-01T08:43:39.587Z] [DEBUG] [config:expand] Expanded variable: GH_AW_PR_HEAD_BASE_SHA (found in environment)
[2026-10-01T08:43:39.587Z] [DEBUG] [config:expand] Expanded variable: GH_AW_PR_HEAD_BASE_REPO (found in environment)
[2026-10-01T08:43:39.587Z] [DEBUG] [config:expand] Expanded variable: GH_AW_PR_HEAD_BASE_PR_NUMBER (found in environment)
[2026-10-01T08:43:39.588Z] [DEBUG] [config:expand] Expanded variable: GH_AW_PR_HEAD_BASE_REF (found in environment)
[2026-10-01T08:43:39.588Z] [DEBUG] [config:expand] Expanded variable: GH_AW_PR_HEAD_REPO (found in environment)
[2026-10-01T08:43:39.588Z] [DEBUG] [config:expand] Expanded variable: GITHUB_EVENT_NAME (found in environment)
[2026-10-01T08:43:39.589Z] [DEBUG] [config:expand] Expanded variable: GITHUB_EVENT_PATH (found in environment)
[2026-10-01T08:43:39.589Z] [DEBUG] [config:expand] Expanded variable: GITHUB_REPOSITORY (found in environment)
[2026-10-01T08:43:39.589Z] [DEBUG] [config:expand] Expanded variable: GITHUB_SHA (found in environment)
[2026-10-01T08:43:39.590Z] [DEBUG] [config:expand] Expanded variable: GITHUB_TOKEN (found in environment)
[2026-10-01T08:43:39.590Z] [DEBUG] [config:expand] Expanded variable: GITHUB_WORKSPACE (found in environment)
[2026-10-01T08:43:39.591Z] [DEBUG] [config:expand] Expanded variable: RUNNER_TEMP (found in environment)
[2026-10-01T08:43:39.591Z] [DEBUG] [config:expand] Variable expansion completed: context=raw JSON data, undefined_count=0
[2026-10-01T08:43:39.591Z] [DEBUG] [config:config_stdin] Stripped gateway extension fields for schema validation: 1 servers processed
[2026-10-01T08:43:39.592Z] [DEBUG] [config:validation_schema] Starting JSON schema validation: data_size=2169 bytes
[2026-10-01T08:43:39.592Z] [DEBUG] [config:validation_schema] Compiling JSON schema for the first time
[2026-10-01T08:43:39.596Z] [DEBUG] [config:validation_schema] Schema compiled and cached successfully
[2026-10-01T08:43:39.596Z] [DEBUG] [config:validation_schema] Schema compilation/retrieval took: 4.169403ms
[2026-10-01T08:43:39.597Z] [DEBUG] [config:validation_schema] JSON parsing took: 36.288µs
[2026-10-01T08:43:39.597Z] [DEBUG] [config:validation_schema] Schema validation took: 45.585µs
[2026-10-01T08:43:39.597Z] [DEBUG] [config:validation_schema] Total validation completed successfully in 5.584742ms
[2026-10-01T08:43:39.599Z] [DEBUG] [config:config] Parsed stdin config with 1 servers
[2026-10-01T08:43:39.599Z] [DEBUG] [config:validation_gateway] Validating string patterns: server_count=1
[2026-10-01T08:43:39.599Z] [DEBUG] [config:validation_gateway] Validating server: name=safeoutputs, type=
[2026-10-01T08:43:39.600Z] [DEBUG] [config:config] IsStdioServerType: type="", result=true
[2026-10-01T08:43:39.600Z] [DEBUG] [config:validation_gateway] Validating gateway configuration
[2026-10-01T08:43:39.600Z] [DEBUG] [config:validation_rules] Validating gateway port
[2026-10-01T08:43:39.600Z] [DEBUG] [config:validation_rules] Validating port range: field=port, value=8080, min=1, max=65535, jsonPath=gateway.port
[2026-10-01T08:43:39.601Z] [DEBUG] [config:validation_rules] Validating startup timeout
[2026-10-01T08:43:39.601Z] [DEBUG] [config:validation_rules] Validating positive timeout: field=startupTimeout, value=120, min=1, jsonPath=gateway.startupTimeout
[2026-10-01T08:43:39.601Z] [DEBUG] [config:validation_gateway] Validating payload directory: /tmp/gh-aw/mcp-payloads
[2026-10-01T08:43:39.602Z] [DEBUG] [config:validation_rules] Validating absolute path: field=payloadDir, value=/tmp/gh-aw/mcp-payloads, jsonPath=gateway.payloadDir
[2026-10-01T08:43:39.602Z] [DEBUG] [config:validation_rules] Valid Unix absolute path: /tmp/gh-aw/mcp-payloads
[2026-10-01T08:43:39.602Z] [DEBUG] [config:validation_gateway] Gateway config validation passed
[2026-10-01T08:43:39.603Z] [DEBUG] [config:validation_gateway] Validating gateway configuration
[2026-10-01T08:43:39.603Z] [DEBUG] [config:validation_rules] Validating gateway port
[2026-10-01T08:43:39.603Z] [DEBUG] [config:validation_rules] Validating port range: field=port, value=8080, min=1, max=65535, jsonPath=gateway.port
[2026-10-01T08:43:39.603Z] [DEBUG] [config:validation_rules] Validating startup timeout
[2026-10-01T08:43:39.604Z] [DEBUG] [config:validation_rules] Validating positive timeout: field=startupTimeout, value=120, min=1, jsonPath=gateway.startupTimeout
[2026-10-01T08:43:39.604Z] [DEBUG] [config:validation_gateway] Validating payload directory: /tmp/gh-aw/mcp-payloads
[2026-10-01T08:43:39.604Z] [DEBUG] [config:validation_rules] Validating absolute path: field=payloadDir, value=/tmp/gh-aw/mcp-payloads, jsonPath=gateway.payloadDir
[2026-10-01T08:43:39.605Z] [DEBUG] [config:validation_rules] Valid Unix absolute path: /tmp/gh-aw/mcp-payloads
[2026-10-01T08:43:39.605Z] [DEBUG] [config:validation_gateway] Gateway config validation passed
[2026-10-01T08:43:39.605Z] [DEBUG] [config:config_stdin] Converting stdin config: 1 servers
[2026-10-01T08:43:39.606Z] [DEBUG] [config:config] MCP_GATEWAY_TOOL_TIMEOUT not set in environment
[2026-10-01T08:43:39.606Z] [DEBUG] [config:config_stdin] Gateway configured: port=8080, toolTimeout=60, startupTimeout=120
[2026-10-01T08:43:39.606Z] [DEBUG] [config:feature] Applying 2 default setter(s)
[2026-10-01T08:43:39.607Z] [DEBUG] [config:feature] All default setters applied
[2026-10-01T08:43:39.607Z] [DEBUG] [config:config] Effective container runtime name: "docker" (config="")
[2026-10-01T08:43:39.607Z] [DEBUG] [config:config] Effective container runtime command: "docker"
[2026-10-01T08:43:39.608Z] [DEBUG] [config:validation_server] Validating server config: name=safeoutputs, type=
[2026-10-01T08:43:39.608Z] [DEBUG] [config:config] NormalizeServerType: normalizing "" to "stdio"
[2026-10-01T08:43:39.608Z] [DEBUG] [config:validation_server] Server type normalized from "" to "stdio": name=safeoutputs
[2026-10-01T08:43:39.609Z] [DEBUG] [config:config] IsStdioServerType: type="stdio", result=true
[2026-10-01T08:43:39.609Z] [DEBUG] [config:validation_server] Validating mounts for server: name=safeoutputs, mount_count=3
[2026-10-01T08:43:39.609Z] [DEBUG] [config:validation_rules] Validating mount format: mount=/home/runner/work/gh-aw-spike-target/gh-aw-spike-target:/home/runner/work/gh-aw-spike-target/gh-aw-spike-target:rw, jsonPath=mcpServers.safeoutputs, index=0
[2026-10-01T08:43:39.610Z] [DEBUG] [mountspec:mountspec] Parsing mount spec: parts=3
[2026-10-01T08:43:39.610Z] [DEBUG] [config:validation_rules] Validating mount format: mount=/home/runner/work/_temp/gh-aw/safeoutputs:/home/runner/work/_temp/gh-aw/safeoutputs:rw, jsonPath=mcpServers.safeoutputs, index=1
[2026-10-01T08:43:39.610Z] [DEBUG] [mountspec:mountspec] Parsing mount spec: parts=3
[2026-10-01T08:43:39.611Z] [DEBUG] [config:validation_rules] Validating mount format: mount=/tmp/gh-aw:/tmp/gh-aw:rw, jsonPath=mcpServers.safeoutputs, index=2
[2026-10-01T08:43:39.611Z] [DEBUG] [mountspec:mountspec] Parsing mount spec: parts=3
[2026-10-01T08:43:39.612Z] [DEBUG] [config:validation_server] Server config validation passed: name=safeoutputs, type=stdio
[2026-10-01T08:43:39.612Z] [DEBUG] [config:config_stdin] Server "safeoutputs": expanding 23 environment variable(s)
[2026-10-01T08:43:39.612Z] [DEBUG] [config:expand] Expanding env variables for server: safeoutputs, count=23
[2026-10-01T08:43:39.613Z] [DEBUG] [config:expand] Expanding variables: context=jsonPath=mcpServers.safeoutputs.env.GH_AW_ASSETS_ALLOWED_EXTS
[2026-10-01T08:43:39.613Z] [DEBUG] [config:expand] Variable expansion completed: context=jsonPath=mcpServers.safeoutputs.env.GH_AW_ASSETS_ALLOWED_EXTS, undefined_count=0
[2026-10-01T08:43:39.613Z] [DEBUG] [config:expand] Expanding variables: context=jsonPath=mcpServers.safeoutputs.env.GH_AW_ASSETS_MAX_SIZE_KB
[2026-10-01T08:43:39.614Z] [DEBUG] [config:expand] Variable expansion completed: context=jsonPath=mcpServers.safeoutputs.env.GH_AW_ASSETS_MAX_SIZE_KB, undefined_count=0
[2026-10-01T08:43:39.614Z] [DEBUG] [config:expand] Expanding variables: context=jsonPath=mcpServers.safeoutputs.env.GH_AW_PR_HEAD_BASE_BRANCH
[2026-10-01T08:43:39.614Z] [DEBUG] [config:expand] Variable expansion completed: context=jsonPath=mcpServers.safeoutputs.env.GH_AW_PR_HEAD_BASE_BRANCH, undefined_count=0
[2026-10-01T08:43:39.615Z] [DEBUG] [config:expand] Expanding variables: context=jsonPath=mcpServers.safeoutputs.env.GH_AW_SAFE_OUTPUTS
[2026-10-01T08:43:39.615Z] [DEBUG] [config:expand] Variable expansion completed: context=jsonPath=mcpServers.safeoutputs.env.GH_AW_SAFE_OUTPUTS, undefined_count=0
[2026-10-01T08:43:39.615Z] [DEBUG] [config:expand] Expanding variables: context=jsonPath=mcpServers.safeoutputs.env.GH_AW_POLICY_ALLOW_CREATE_PULL_REQUEST
[2026-10-01T08:43:39.616Z] [DEBUG] [config:expand] Variable expansion completed: context=jsonPath=mcpServers.safeoutputs.env.GH_AW_POLICY_ALLOW_CREATE_PULL_REQUEST, undefined_count=0
[2026-10-01T08:43:39.616Z] [DEBUG] [config:expand] Expanding variables: context=jsonPath=mcpServers.safeoutputs.env.GH_AW_PR_HEAD_BASE_REPO
[2026-10-01T08:43:39.616Z] [DEBUG] [config:expand] Variable expansion completed: context=jsonPath=mcpServers.safeoutputs.env.GH_AW_PR_HEAD_BASE_REPO, undefined_count=0
[2026-10-01T08:43:39.617Z] [DEBUG] [config:expand] Expanding variables: context=jsonPath=mcpServers.safeoutputs.env.GH_AW_PR_HEAD_BASE_REF
[2026-10-01T08:43:39.617Z] [DEBUG] [config:expand] Variable expansion completed: context=jsonPath=mcpServers.safeoutputs.env.GH_AW_PR_HEAD_BASE_REF, undefined_count=0
[2026-10-01T08:43:39.617Z] [DEBUG] [config:expand] Expanding variables: context=jsonPath=mcpServers.safeoutputs.env.GITHUB_SHA
[2026-10-01T08:43:39.618Z] [DEBUG] [config:expand] Variable expansion completed: context=jsonPath=mcpServers.safeoutputs.env.GITHUB_SHA, undefined_count=0
[2026-10-01T08:43:39.618Z] [DEBUG] [config:expand] Expanding variables: context=jsonPath=mcpServers.safeoutputs.env.GITHUB_TOKEN
[2026-10-01T08:43:39.618Z] [DEBUG] [config:expand] Variable expansion completed: context=jsonPath=mcpServers.safeoutputs.env.GITHUB_TOKEN, undefined_count=0
[2026-10-01T08:43:39.619Z] [DEBUG] [config:expand] Expanding variables: context=jsonPath=mcpServers.safeoutputs.env.RUNNER_TEMP
[2026-10-01T08:43:39.619Z] [DEBUG] [config:expand] Variable expansion completed: context=jsonPath=mcpServers.safeoutputs.env.RUNNER_TEMP, undefined_count=0
[2026-10-01T08:43:39.619Z] [DEBUG] [config:expand] Expanding variables: context=jsonPath=mcpServers.safeoutputs.env.DEBUG
[2026-10-01T08:43:39.620Z] [DEBUG] [config:expand] Variable expansion completed: context=jsonPath=mcpServers.safeoutputs.env.DEBUG, undefined_count=0
[2026-10-01T08:43:39.620Z] [DEBUG] [config:expand] Expanding variables: context=jsonPath=mcpServers.safeoutputs.env.GH_AW_ASSETS_BRANCH
[2026-10-01T08:43:39.620Z] [DEBUG] [config:expand] Variable expansion completed: context=jsonPath=mcpServers.safeoutputs.env.GH_AW_ASSETS_BRANCH, undefined_count=0
[2026-10-01T08:43:39.620Z] [DEBUG] [config:expand] Expanding variables: context=jsonPath=mcpServers.safeoutputs.env.GH_AW_MCP_LOG_DIR
[2026-10-01T08:43:39.621Z] [DEBUG] [config:expand] Variable expansion completed: context=jsonPath=mcpServers.safeoutputs.env.GH_AW_MCP_LOG_DIR, undefined_count=0
[2026-10-01T08:43:39.621Z] [DEBUG] [config:expand] Expanding variables: context=jsonPath=mcpServers.safeoutputs.env.GH_AW_PR_HEAD_BASE_SHA
[2026-10-01T08:43:39.621Z] [DEBUG] [config:expand] Variable expansion completed: context=jsonPath=mcpServers.safeoutputs.env.GH_AW_PR_HEAD_BASE_SHA, undefined_count=0
[2026-10-01T08:43:39.622Z] [DEBUG] [config:expand] Expanding variables: context=jsonPath=mcpServers.safeoutputs.env.GH_AW_PR_HEAD_BASE_PR_NUMBER
[2026-10-01T08:43:39.622Z] [DEBUG] [config:expand] Variable expansion completed: context=jsonPath=mcpServers.safeoutputs.env.GH_AW_PR_HEAD_BASE_PR_NUMBER, undefined_count=0
[2026-10-01T08:43:39.622Z] [DEBUG] [config:expand] Expanding variables: context=jsonPath=mcpServers.safeoutputs.env.GITHUB_EVENT_NAME
[2026-10-01T08:43:39.622Z] [DEBUG] [config:expand] Variable expansion completed: context=jsonPath=mcpServers.safeoutputs.env.GITHUB_EVENT_NAME, undefined_count=0
[2026-10-01T08:43:39.623Z] [DEBUG] [config:expand] Expanding variables: context=jsonPath=mcpServers.safeoutputs.env.GITHUB_EVENT_PATH
[2026-10-01T08:43:39.623Z] [DEBUG] [config:expand] Variable expansion completed: context=jsonPath=mcpServers.safeoutputs.env.GITHUB_EVENT_PATH, undefined_count=0
[2026-10-01T08:43:39.623Z] [DEBUG] [config:expand] Expanding variables: context=jsonPath=mcpServers.safeoutputs.env.DEFAULT_BRANCH
[2026-10-01T08:43:39.624Z] [DEBUG] [config:expand] Variable expansion completed: context=jsonPath=mcpServers.safeoutputs.env.DEFAULT_BRANCH, undefined_count=0
[2026-10-01T08:43:39.624Z] [DEBUG] [config:expand] Expanding variables: context=jsonPath=mcpServers.safeoutputs.env.GH_AW_SAFE_OUTPUTS_CONFIG_PATH
[2026-10-01T08:43:39.624Z] [DEBUG] [config:expand] Variable expansion completed: context=jsonPath=mcpServers.safeoutputs.env.GH_AW_SAFE_OUTPUTS_CONFIG_PATH, undefined_count=0
[2026-10-01T08:43:39.625Z] [DEBUG] [config:expand] Expanding variables: context=jsonPath=mcpServers.safeoutputs.env.GH_AW_SAFE_OUTPUTS_TOOLS_PATH
[2026-10-01T08:43:39.625Z] [DEBUG] [config:expand] Variable expansion completed: context=jsonPath=mcpServers.safeoutputs.env.GH_AW_SAFE_OUTPUTS_TOOLS_PATH, undefined_count=0
[2026-10-01T08:43:39.625Z] [DEBUG] [config:expand] Expanding variables: context=jsonPath=mcpServers.safeoutputs.env.GH_AW_PR_HEAD_REPO
[2026-10-01T08:43:39.626Z] [DEBUG] [config:expand] Variable expansion completed: context=jsonPath=mcpServers.safeoutputs.env.GH_AW_PR_HEAD_REPO, undefined_count=0
[2026-10-01T08:43:39.626Z] [DEBUG] [config:expand] Expanding variables: context=jsonPath=mcpServers.safeoutputs.env.GITHUB_REPOSITORY
[2026-10-01T08:43:39.627Z] [DEBUG] [config:expand] Variable expansion completed: context=jsonPath=mcpServers.safeoutputs.env.GITHUB_REPOSITORY, undefined_count=0
[2026-10-01T08:43:39.627Z] [DEBUG] [config:expand] Expanding variables: context=jsonPath=mcpServers.safeoutputs.env.GITHUB_WORKSPACE
[2026-10-01T08:43:39.628Z] [DEBUG] [config:expand] Variable expansion completed: context=jsonPath=mcpServers.safeoutputs.env.GITHUB_WORKSPACE, undefined_count=0
[2026-10-01T08:43:39.628Z] [DEBUG] [config:expand] Env variable expansion completed for server: safeoutputs
[2026-10-01T08:43:39.628Z] [DEBUG] [config:config_stdin] Converting server "safeoutputs": type=stdio
[2026-10-01T08:43:39.629Z] [DEBUG] [config:config_stdin] Server "safeoutputs": using custom entrypoint "sh"
[2026-10-01T08:43:39.629Z] [DEBUG] [config:config_stdin] Server "safeoutputs": added 3 volume mount(s)
[2026-10-01T08:43:39.629Z] [DEBUG] [config:config_stdin] Server "safeoutputs": adding 2 extra Docker runtime arg(s)
[2026-10-01T08:43:39.630Z] [DEBUG] [config:config_stdin] Server "safeoutputs": adding 2 entrypoint arg(s)
[2026-10-01T08:43:39.630Z] [DEBUG] [config:config_stdin] Server "safeoutputs": configured stdio container=ghcr.io/github/gh-aw-node, env_vars=23, mounts=3
[2026-10-01T08:43:39.630Z] [DEBUG] [config:config] Configured stdio MCP server: name=safeoutputs, container=ghcr.io/github/gh-aw-node
[2026-10-01T08:43:39.631Z] [DEBUG] [config:feature] Applying 1 stdin converter(s)
[2026-10-01T08:43:39.631Z] [DEBUG] [config:feature] All stdin converters applied
[2026-10-01T08:43:39.631Z] [DEBUG] [config:validation_gateway] Validating guard policies: count=0
[2026-10-01T08:43:39.631Z] [DEBUG] [config:config] GetAgentIDs: gateway.agentIds not set, falling back to singular effective agent ID
[2026-10-01T08:43:39.632Z] [DEBUG] [config:agent_policy] No per-agent policies configured; skipping validation
[2026-10-01T08:43:39.632Z] [DEBUG] [config:config] Converted stdin config to internal format with 1 servers
[2026-10-01T08:43:39.632Z] [DEBUG] [cmd:root] Configuration loaded with 1 servers
[2026-10-01T08:43:39.633Z] [DEBUG] [config:config] Effective container runtime name: "docker" (config="")
[2026-10-01T08:43:39.633Z] [DEBUG] [config:config] Effective container runtime command: "docker"
[2026-10-01T08:43:39.633Z] [DEBUG] [cmd:root] Validating execution environment with container runtime docker...
[2026-10-01T08:43:39.634Z] [DEBUG] [config:validation_env] Starting execution environment validation
[2026-10-01T08:43:39.634Z] [DEBUG] [sys:container] Detecting container environment
[2026-10-01T08:43:39.634Z] [DEBUG] [sys:container] Container detected via /.dockerenv
[2026-10-01T08:43:39.635Z] [DEBUG] [sys:container] Scanning 2 cgroup file(s) for container ID
[2026-10-01T08:43:39.635Z] [DEBUG] [sys:container] No container ID found in cgroup file: path=/proc/1/cgroup
[2026-10-01T08:43:39.635Z] [DEBUG] [sys:container] No container ID found in cgroup file: path=/proc/self/cgroup
[2026-10-01T08:43:39.636Z] [DEBUG] [sys:container] No container ID found in any cgroup file
[2026-10-01T08:43:39.636Z] [DEBUG] [config:validation_env] Containerization check: isContainerized=true, containerID=
[2026-10-01T08:43:39.636Z] [DEBUG] [sys:docker] Checking Docker socket accessibility: socketPath=/var/run/docker.sock
[2026-10-01T08:43:43.016Z] [DEBUG] [sys:docker] Docker daemon check: accessible=true
[2026-10-01T08:43:43.016Z] [DEBUG] [config:validation_env] Validation complete: valid=true, errors=0, warnings=0
[2026-10-01T08:43:43.016Z] [INFO] [startup] Environment validation passed
[2026-10-01T08:43:43.017Z] [INFO] [startup] Loaded 1 MCP server(s): [safeoutputs]
[2026-10-01T08:43:43.017Z] [DEBUG] [cmd:root] Resolving guard policy override: cliChanged=false, cliGuardPolicyChanged=false, allowOnlyPublic=false, owner="", repo="", minIntegrity=""
[2026-10-01T08:43:43.018Z] [DEBUG] [config:guard_policy] ResolveGuardPolicyOverride: cliChanged=false, hasCLIPolicyJSON=false, allowOnlyPublic=false, owner="", repo="", minIntegrity=""
[2026-10-01T08:43:43.018Z] [DEBUG] [config:guard_policy] ResolveGuardPolicyOverride: no guard policy configured (nil)
[2026-10-01T08:43:43.018Z] [DEBUG] [cmd:root] No guard policy override configured
[2026-10-01T08:43:43.019Z] [DEBUG] [cmd:root] Guard policy resolved: hasOverride=false, source=
[2026-10-01T08:43:43.019Z] [DEBUG] [difc:sink_server_ids] Setting sink server IDs: input_count=0
[2026-10-01T08:43:43.019Z] [DEBUG] [difc:sink_server_ids] No sink server IDs provided, clearing configuration
[2026-10-01T08:43:43.020Z] [INFO] [startup] Guards sink server ID logging enrichment disabled (no sink server IDs configured)
[2026-10-01T08:43:43.020Z] [DEBUG] [cmd:root] Server mode: routed, guards mode: 
[2026-10-01T08:43:43.021Z] [DEBUG] [cmd:root] Applying tracing overrides: shouldInitTracingConfig=true
[2026-10-01T08:43:43.021Z] [DEBUG] [cmd:root] Gateway tracing config was nil, initializing empty TracingConfig
[2026-10-01T08:43:43.021Z] [DEBUG] [cmd:root] Tracing overrides applied: endpointConfigured=false, serviceName=""
[2026-10-01T08:43:43.022Z] [DEBUG] [cmd:root] Initializing tracing provider
[2026-10-01T08:43:43.022Z] [DEBUG] [tracing:provider] resolveServiceName: using default service name: "mcp-gateway"
[2026-10-01T08:43:43.022Z] [DEBUG] [tracing:provider] Registering global W3C TraceContext+Baggage text map propagator
[2026-10-01T08:43:43.022Z] [DEBUG] [tracing:provider] Tracing disabled: no OTLP endpoint configured
[2026-10-01T08:43:43.023Z] [DEBUG] [cmd:root] Tracing provider initialized successfully
[2026-10-01T08:43:43.023Z] [INFO] [startup] OpenTelemetry tracing disabled (no OTLP endpoint configured)
[2026-10-01T08:43:43.024Z] [DEBUG] [cmd:root] Creating unified MCP server: mode=routed, servers=1
[2026-10-01T08:43:43.024Z] [DEBUG] [server:unified] Creating new unified server: sequentialLaunch=false, servers=1
[2026-10-01T08:43:43.024Z] [DEBUG] [launcher:launcher] Creating new launcher with 1 configured servers
[2026-10-01T08:43:43.025Z] [DEBUG] [sys:container] Detecting container environment
[2026-10-01T08:43:43.025Z] [DEBUG] [sys:container] Container detected via /.dockerenv
[2026-10-01T08:43:43.025Z] [DEBUG] [sys:container] Scanning 2 cgroup file(s) for container ID
[2026-10-01T08:43:43.026Z] [DEBUG] [sys:container] No container ID found in cgroup file: path=/proc/1/cgroup
[2026-10-01T08:43:43.026Z] [DEBUG] [sys:container] No container ID found in cgroup file: path=/proc/self/cgroup
[2026-10-01T08:43:43.026Z] [DEBUG] [sys:container] No container ID found in any cgroup file
[2026-10-01T08:43:43.027Z] [DEBUG] [launcher:launcher] Container detection: runningInContainer=true
[2026-10-01T08:43:43.027Z] [DEBUG] [config:config] Resolved gateway config after defaulting: port=8080, startupTimeout=120, toolTimeout=60, keepaliveInterval=1500
[2026-10-01T08:43:43.027Z] [DEBUG] [config:feature] Applying 2 default setter(s)
[2026-10-01T08:43:43.027Z] [DEBUG] [config:config_tracing] Applying default tracing service name: mcp-gateway
[2026-10-01T08:43:43.028Z] [DEBUG] [config:feature] All default setters applied
[2026-10-01T08:43:43.028Z] [DEBUG] [launcher:launcher] Using startup timeout: 2m0s
[2026-10-01T08:43:43.028Z] [DEBUG] [launcher:pool] Creating new session connection pool: idleTimeout=6h0m0s, cleanupInterval=5m0s, maxErrors=10
[2026-10-01T08:43:43.029Z] [DEBUG] [launcher:pool] Cleanup goroutine started
[2026-10-01T08:43:43.029Z] [DEBUG] [launcher:mount_policy] Mount policy overridden by MCP_GATEWAY_ALLOWED_MOUNT_ROOTS: 6 root(s)
[2026-10-01T08:43:43.029Z] [DEBUG] [server:unified] Payload configuration: dir=/tmp/gh-aw/mcp-payloads, pathPrefix=, sizeThreshold=524288 bytes (512.00 KB)
[2026-10-01T08:43:43.030Z] [DEBUG] [difc:agent] Creating agent registry with defaults: secrecyTags=0, integrityTags=0
[2026-10-01T08:43:43.030Z] [DEBUG] [difc:capabilities] Creating new capabilities set
[2026-10-01T08:43:43.030Z] [DEBUG] [launcher:launcher] Retrieved server IDs: count=1, ids=[safeoutputs]
[2026-10-01T08:43:43.031Z] [DEBUG] [server:system_tools] Creating new SysServer with 1 servers: [safeoutputs]
[2026-10-01T08:43:43.031Z] [DEBUG] [server:tool_registry_helpers] Built allowed tool sets: 0 server(s) with tool restrictions
[2026-10-01T08:43:43.031Z] [DEBUG] [server:circuit_breaker] Creating circuit breaker: serverID=safeoutputs, threshold=3, cooldown=1m0s
[2026-10-01T08:43:43.032Z] [DEBUG] [server:circuit_breaker] Created circuit breaker for server safeoutputs: threshold=0, cooldown=0s
[2026-10-01T08:43:43.032Z] [DEBUG] [server:circuit_breaker] buildCircuitBreakers: created 1 circuit breakers
[2026-10-01T08:43:43.032Z] [DEBUG] [guard:registry] Creating new guard registry
[2026-10-01T08:43:43.032Z] [DEBUG] [server:http_server] Creating SDK server: name=awmg-unified
[2026-10-01T08:43:43.033Z] [INFO] [difc] MCP_GATEWAY_WASM_GUARDS_DIR=/guards
[2026-10-01T08:43:43.033Z] [DEBUG] [launcher:launcher] Retrieved server IDs: count=1, ids=[safeoutputs]
[2026-10-01T08:43:43.034Z] [INFO] [difc] [safeoutputs] Guard policy: {"write-sink":{"accept":["*"],"sink-visibility":"public"}}
[2026-10-01T08:43:43.034Z] [DEBUG] [guard:wasm] Searching for WASM guard file: serverID=safeoutputs, dir=/guards/safeoutputs
[2026-10-01T08:43:43.035Z] [DEBUG] [guard:wasm] No WASM guard directory found for serverID=safeoutputs
[2026-10-01T08:43:43.035Z] [DEBUG] [server:guard_init] Resolving guard policy: serverID=safeoutputs
[2026-10-01T08:43:43.035Z] [DEBUG] [config:guard_policy] ParseServerGuardPolicy: serverID=safeoutputs, keyCount=1
[2026-10-01T08:43:43.036Z] [DEBUG] [config:guard_policy] ParsePolicyMap: hasAllowOnly=false, hasWriteSink=true, keyCount=1
[2026-10-01T08:43:43.036Z] [DEBUG] [config:guard_policy] Parsing guard policy JSON: len=58
[2026-10-01T08:43:43.036Z] [DEBUG] [config:guard_policy] UnmarshalJSON: parsing guard policy, keys=1
[2026-10-01T08:43:43.037Z] [DEBUG] [config:guard_policy] UnmarshalJSON: guard policy type is write-sink
[2026-10-01T08:43:43.037Z] [DEBUG] [config:guard_policy] ValidateGuardPolicy: delegating to write-sink validation, acceptCount=1, sinkVisibility="public"
[2026-10-01T08:43:43.037Z] [DEBUG] [config:guard_policy] ValidateWriteSinkPolicy: acceptCount=1, sinkVisibility="public"
[2026-10-01T08:43:43.038Z] [DEBUG] [config:guard_policy] ValidateWriteSinkPolicy: wildcard accept, policy is valid
[2026-10-01T08:43:43.038Z] [DEBUG] [server:guard_init] Using server-level guard policy: serverID=safeoutputs
[2026-10-01T08:43:43.038Z] [DEBUG] [envutil:github] Looking up GitHub token=[REDACTED] 4 candidate env vars
[2026-10-01T08:43:43.038Z] [DEBUG] [envutil:github] GitHub token found: source=GITHUB_TOKEN
[2026-10-01T08:43:43.039Z] [DEBUG] [envutil:github] Looking up GitHub token=[REDACTED] 4 candidate env vars
[2026-10-01T08:43:43.039Z] [DEBUG] [envutil:github] GitHub token found: source=GITHUB_TOKEN
[2026-10-01T08:43:43.039Z] [DEBUG] [envutil:github] GitHub API URL using default: 
[2026-10-01T08:43:43.040Z] [DEBUG] [envutil:github] Deriving API URL from server URL: https://github.com
[2026-10-01T08:43:43.040Z] [DEBUG] [envutil:github] GitHub.com detected, using default API URL: https://api.github.com
[2026-10-01T08:43:43.040Z] [DEBUG] [envutil:github] GitHub API URL derived from GITHUB_SERVER_URL=https://github.com: https://api.github.com
[2026-10-01T08:43:43.041Z] [DEBUG] [githubhttp:visibility] Fetching repo visibility: nwo=Viktor-Jensen-Torp/gh-aw-spike-target, apiBaseURL=https://api.github.com
[2026-10-01T08:43:43.041Z] [DEBUG] [githubhttp:client] GitHub GET: baseURL="https://api.github.com", path="/repos/Viktor-Jensen-Torp/gh-aw-spike-target", hasAuth=true
[2026-10-01T08:43:43.041Z] [DEBUG] [githubhttp:client] Applying GitHub API headers: method="GET", path="/repos/Viktor-Jensen-Torp/gh-aw-spike-target", hasAuth=true
[2026-10-01T08:43:43.659Z] [DEBUG] [githubhttp:client] GitHub GET response: path="/repos/Viktor-Jensen-Torp/gh-aw-spike-target", status=200
[2026-10-01T08:43:43.660Z] [DEBUG] [githubhttp:visibility] Repo visibility resolved: nwo=Viktor-Jensen-Torp/gh-aw-spike-target, visibility=public
[2026-10-01T08:43:43.660Z] [DEBUG] [server:guard_init] resolveWorkflowRepoVisibility: cached repo visibility for Viktor-Jensen-Torp/gh-aw-spike-target: public
[2026-10-01T08:43:43.661Z] [INFO] [difc] [safeoutputs] Sink visibility runtime verification passed: repo=Viktor-Jensen-Torp/gh-aw-spike-target, configured="public", actual="public"
[2026-10-01T08:43:43.661Z] [DEBUG] [guard:write-sink] Creating write-sink guard with 1 accept patterns, sink-visibility="public"
[2026-10-01T08:43:43.662Z] [INFO] [difc] [safeoutputs] Created write-sink guard with 1 accept patterns, sink-visibility="public"
[2026-10-01T08:43:43.662Z] [DEBUG] [envutil:github] Looking up GitHub token=[REDACTED] 4 candidate env vars
[2026-10-01T08:43:43.662Z] [DEBUG] [envutil:github] GitHub token found: source=GITHUB_TOKEN
[2026-10-01T08:43:43.663Z] [DEBUG] [config:guard_policy] ParseServerGuardPolicy: serverID=safeoutputs, keyCount=1
[2026-10-01T08:43:43.663Z] [DEBUG] [config:guard_policy] ParsePolicyMap: hasAllowOnly=false, hasWriteSink=true, keyCount=1
[2026-10-01T08:43:43.663Z] [DEBUG] [config:guard_policy] Parsing guard policy JSON: len=58
[2026-10-01T08:43:43.664Z] [DEBUG] [config:guard_policy] UnmarshalJSON: parsing guard policy, keys=1
[2026-10-01T08:43:43.664Z] [DEBUG] [config:guard_policy] UnmarshalJSON: guard policy type is write-sink
[2026-10-01T08:43:43.664Z] [DEBUG] [config:guard_policy] ValidateGuardPolicy: delegating to write-sink validation, acceptCount=1, sinkVisibility="public"
[2026-10-01T08:43:43.665Z] [DEBUG] [config:guard_policy] ValidateWriteSinkPolicy: acceptCount=1, sinkVisibility="public"
[2026-10-01T08:43:43.665Z] [DEBUG] [config:guard_policy] ValidateWriteSinkPolicy: wildcard accept, policy is valid
[2026-10-01T08:43:43.666Z] [DEBUG] [server:guard_init] overrideToPublicScope: skipping write-sink-only per-server policy for serverID=safeoutputs
[2026-10-01T08:43:43.667Z] [DEBUG] [server:guard_init] Resolving guard policy: serverID=safeoutputs
[2026-10-01T08:43:43.667Z] [DEBUG] [config:guard_policy] ParseServerGuardPolicy: serverID=safeoutputs, keyCount=1
[2026-10-01T08:43:43.668Z] [DEBUG] [config:guard_policy] ParsePolicyMap: hasAllowOnly=false, hasWriteSink=true, keyCount=1
[2026-10-01T08:43:43.668Z] [DEBUG] [config:guard_policy] Parsing guard policy JSON: len=58
[2026-10-01T08:43:43.668Z] [DEBUG] [config:guard_policy] UnmarshalJSON: parsing guard policy, keys=1
[2026-10-01T08:43:43.669Z] [DEBUG] [config:guard_policy] UnmarshalJSON: guard policy type is write-sink
[2026-10-01T08:43:43.669Z] [DEBUG] [config:guard_policy] ValidateGuardPolicy: delegating to write-sink validation, acceptCount=1, sinkVisibility="public"
[2026-10-01T08:43:43.670Z] [DEBUG] [config:guard_policy] ValidateWriteSinkPolicy: acceptCount=1, sinkVisibility="public"
[2026-10-01T08:43:43.670Z] [DEBUG] [config:guard_policy] ValidateWriteSinkPolicy: wildcard accept, policy is valid
[2026-10-01T08:43:43.670Z] [DEBUG] [server:guard_init] Using server-level guard policy: serverID=safeoutputs
[2026-10-01T08:43:43.671Z] [DEBUG] [config:config] GetAgentIDs: gateway.agentIds not set, falling back to singular effective agent ID
[2026-10-01T08:43:43.671Z] [DEBUG] [guard:registry] Registering guard for serverID=safeoutputs, guardName=write-sink
[2026-10-01T08:43:43.671Z] [INFO] [guard] Registered guard 'write-sink' for server 'safeoutputs'
[2026-10-01T08:43:43.672Z] [INFO] [difc] [safeoutputs] Registered guard 'write-sink'
[2026-10-01T08:43:43.672Z] [DEBUG] [guard:registry] HasNonNoopGuard: found non-noop guard=write-sink
[2026-10-01T08:43:43.672Z] [DEBUG] [server:unified] Auto-enabled DIFC: non-noop guard, global policy, per-server guard policies, or per-agent allow-only policies detected
[2026-10-01T08:43:43.673Z] [INFO] [startup] Guards enforcement enabled with mode: 
[2026-10-01T08:43:43.673Z] [DEBUG] [launcher:launcher] Retrieved server IDs: count=1, ids=[safeoutputs]
[2026-10-01T08:43:43.673Z] [INFO] [backend] Starting tool registration for 1 backends
[2026-10-01T08:43:43.674Z] [INFO] [backend] DIFC enabled: registering sys tools...
[2026-10-01T08:43:43.674Z] [DEBUG] [server:unified] registerSysTool: name=sys___init
[2026-10-01T08:43:43.674Z] [DEBUG] [server:unified] registerSysTool: name=sys___list_servers
[2026-10-01T08:43:43.675Z] [DEBUG] [server:unified] Registered 2 sys tools
[2026-10-01T08:43:43.675Z] [DEBUG] [launcher:launcher] Retrieved server IDs: count=1, ids=[safeoutputs]
[2026-10-01T08:43:43.675Z] [DEBUG] [server:unified] Registering tools in parallel from 1 backends
[2026-10-01T08:43:43.676Z] [DEBUG] [server:unified] Registering tools from backend: safeoutputs
[2026-10-01T08:43:43.676Z] [DEBUG] [backend] [safeoutputs] GetOrLaunch called for server: safeoutputs
[2026-10-01T08:43:43.677Z] [DEBUG] [launcher:launcher] Server config found: serverID=safeoutputs, type=stdio
[2026-10-01T08:43:43.677Z] [DEBUG] [launcher:launcher] Connection not found in cache, launching new: serverID=safeoutputs
[2026-10-01T08:43:43.677Z] [DEBUG] [launcher:launcher] Retrieved server config: serverID=safeoutputs, type=stdio
[2026-10-01T08:43:43.678Z] [DEBUG] [mountspec:mountspec] Parsing mount spec: parts=3
[2026-10-01T08:43:43.678Z] [DEBUG] [launcher:mount_policy] Mount "/home/runner/work/gh-aw-spike-target/gh-aw-spike-target" allowed under root "/home/runner/work/gh-aw-spike-target/gh-aw-spike-target" (writable=true)
[2026-10-01T08:43:43.678Z] [DEBUG] [mountspec:mountspec] Parsing mount spec: parts=3
[2026-10-01T08:43:43.679Z] [DEBUG] [launcher:mount_policy] Mount "/home/runner/work/_temp/gh-aw/safeoutputs" allowed under root "/home/runner/work/_temp/gh-aw/safeoutputs" (writable=true)
[2026-10-01T08:43:43.679Z] [DEBUG] [mountspec:mountspec] Parsing mount spec: parts=3
[2026-10-01T08:43:43.679Z] [DEBUG] [launcher:mount_policy] Mount "/tmp/gh-aw" allowed under root "/tmp" (writable=true)
[2026-10-01T08:43:43.680Z] [INFO] [backend] [safeoutputs] Launching MCP backend server: server=safeoutputs, command=docker, args=[run --rm -i -e NO_COLOR=... -e TERM=... -e PYTHONUNBUFFERED=... --entrypoint sh -v /home/runner/work/gh-aw-spike-target/gh-aw-spike-target:/home/runner/work/gh-aw-spike-target/gh-aw-spike-target:rw -v /home/runner/work/_temp/gh-aw/safeoutputs:/home/runner/work/_temp/gh-aw/safeoutputs:rw -v /tmp/gh-aw:/tmp/gh-aw:rw -e GITHUB_TOKEN=ghs_... -e GH_AW_MCP_LOG_DIR=/tmp... -e GH_AW_PR_HEAD_REPO -e GITHUB_REPOSITORY=Vikt... -e GH_AW_SAFE_OUTPUTS=/hom... -e GH_AW_PR_HEAD_BASE_PR_NUMBER -e GH_AW_SAFE_OUTPUTS_TOOLS_PATH=/hom... -e GH_AW_PR_HEAD_BASE_BRANCH -e GH_AW_PR_HEAD_BASE_REF -e DEBUG=... -e GH_AW_PR_HEAD_BASE_SHA -e DEFAULT_BRANCH=... -e GITHUB_WORKSPACE=/hom... -e GH_AW_ASSETS_MAX_SIZE_KB=... -e GH_AW_PR_HEAD_BASE_REPO -e RUNNER_TEMP=/hom... -e GH_AW_ASSETS_BRANCH -e GITHUB_EVENT_NAME=work... -e GITHUB_EVENT_PATH=/hom... -e GH_AW_SAFE_OUTPUTS_CONFIG_PATH=/hom... -e GH_AW_ASSETS_ALLOWED_EXTS -e GH_AW_POLICY_ALLOW_CREATE_PULL_REQUEST=... -e GITHUB_SHA=de19... -w /home/runner/work/gh-aw-spike-target/gh-aw-spike-target ghcr.io/github/gh-aw-node -c sh /home/runner/work/_temp/gh-aw/safeoutputs/start_safe_outputs_mcp.sh]
[2026-10-01T08:43:43.681Z] [DEBUG] [launcher:launcher] Launching new server: serverID=safeoutputs, command=docker, inContainer=true, isDirectCommand=false
[2026-10-01T08:43:43.682Z] [DEBUG] [launcher:launcher] Starting server with timeout: serverID=safeoutputs, sessionID=(none), timeout=2m0s
[2026-10-01T08:43:43.682Z] [DEBUG] [launcher:launcher] Starting connection goroutine: serverID=safeoutputs
[2026-10-01T08:43:43.682Z] [INFO] [backend] Creating new MCP backend connection, command=docker, args=[run --rm -i -e NO_COLOR=... -e TERM=... -e PYTHONUNBUFFERED=... --entrypoint sh -v /home/runner/work/gh-aw-spike-target/gh-aw-spike-target:/home/runner/work/gh-aw-spike-target/gh-aw-spike-target:rw -v /home/runner/work/_temp/gh-aw/safeoutputs:/home/runner/work/_temp/gh-aw/safeoutputs:rw -v /tmp/gh-aw:/tmp/gh-aw:rw -e GITHUB_TOKEN=ghs_... -e GH_AW_MCP_LOG_DIR=/tmp... -e GH_AW_PR_HEAD_REPO -e GITHUB_REPOSITORY=Vikt... -e GH_AW_SAFE_OUTPUTS=/hom... -e GH_AW_PR_HEAD_BASE_PR_NUMBER -e GH_AW_SAFE_OUTPUTS_TOOLS_PATH=/hom... -e GH_AW_PR_HEAD_BASE_BRANCH -e GH_AW_PR_HEAD_BASE_REF -e DEBUG=... -e GH_AW_PR_HEAD_BASE_SHA -e DEFAULT_BRANCH=... -e GITHUB_WORKSPACE=/hom... -e GH_AW_ASSETS_MAX_SIZE_KB=... -e GH_AW_PR_HEAD_BASE_REPO -e RUNNER_TEMP=/hom... -e GH_AW_ASSETS_BRANCH -e GITHUB_EVENT_NAME=work... -e GITHUB_EVENT_PATH=/hom... -e GH_AW_SAFE_OUTPUTS_CONFIG_PATH=/hom... -e GH_AW_ASSETS_ALLOWED_EXTS -e GH_AW_POLICY_ALLOW_CREATE_PULL_REQUEST=... -e GITHUB_SHA=de19... -w /home/runner/work/gh-aw-spike-target/gh-aw-spike-target ghcr.io/github/gh-aw-node -c sh /home/runner/work/_temp/gh-aw/safeoutputs/start_safe_outputs_mcp.sh]
[2026-10-01T08:43:43.683Z] [DEBUG] [envutil:expand] Expanding env args: input_count=68
[2026-10-01T08:43:43.683Z] [DEBUG] [envutil:expand] Expanding env var: name=GH_AW_PR_HEAD_REPO
[2026-10-01T08:43:43.684Z] [DEBUG] [envutil:expand] Expanding env var: name=GH_AW_PR_HEAD_BASE_PR_NUMBER
[2026-10-01T08:43:43.684Z] [DEBUG] [envutil:expand] Expanding env var: name=GH_AW_PR_HEAD_BASE_BRANCH
[2026-10-01T08:43:43.684Z] [DEBUG] [envutil:expand] Expanding env var: name=GH_AW_PR_HEAD_BASE_REF
[2026-10-01T08:43:43.685Z] [DEBUG] [envutil:expand] Expanding env var: name=GH_AW_PR_HEAD_BASE_SHA
[2026-10-01T08:43:43.685Z] [DEBUG] [envutil:expand] Expanding env var: name=GH_AW_PR_HEAD_BASE_REPO
[2026-10-01T08:43:43.685Z] [DEBUG] [envutil:expand] Expanding env var: name=GH_AW_ASSETS_BRANCH
[2026-10-01T08:43:43.685Z] [DEBUG] [envutil:expand] Expanding env var: name=GH_AW_ASSETS_ALLOWED_EXTS
[2026-10-01T08:43:43.686Z] [DEBUG] [envutil:expand] Env args expansion complete: output_count=68
[2026-10-01T08:43:43.686Z] [DEBUG] [mcp:connection] Expanded args for Docker env: [run --rm -i -e NO_COLOR=... -e TERM=... -e PYTHONUNBUFFERED=... --entrypoint sh -v /home/runner/work/gh-aw-spike-target/gh-aw-spike-target:/home/runner/work/gh-aw-spike-target/gh-aw-spike-target:rw -v /home/runner/work/_temp/gh-aw/safeoutputs:/home/runner/work/_temp/gh-aw/safeoutputs:rw -v /tmp/gh-aw:/tmp/gh-aw:rw -e GITHUB_TOKEN=ghs_... -e GH_AW_MCP_LOG_DIR=/tmp... -e GH_AW_PR_HEAD_REPO= -e GITHUB_REPOSITORY=Vikt... -e GH_AW_SAFE_OUTPUTS=/hom... -e GH_AW_PR_HEAD_BASE_PR_NUMBER= -e GH_AW_SAFE_OUTPUTS_TOOLS_PATH=/hom... -e GH_AW_PR_HEAD_BASE_BRANCH= -e GH_AW_PR_HEAD_BASE_REF= -e DEBUG=... -e GH_AW_PR_HEAD_BASE_SHA= -e DEFAULT_BRANCH=... -e GITHUB_WORKSPACE=/hom... -e GH_AW_ASSETS_MAX_SIZE_KB=... -e GH_AW_PR_HEAD_BASE_REPO= -e RUNNER_TEMP=/hom... -e GH_AW_ASSETS_BRANCH= -e GITHUB_EVENT_NAME=work... -e GITHUB_EVENT_PATH=/hom... -e GH_AW_SAFE_OUTPUTS_CONFIG_PATH=/hom... -e GH_AW_ASSETS_ALLOWED_EXTS= -e GH_AW_POLICY_ALLOW_CREATE_PULL_REQUEST=... -e GITHUB_SHA=de19... -w /home/runner/work/gh-aw-spike-target/gh-aw-spike-target ghcr.io/github/gh-aw-node -c sh /home/runner/work/_temp/gh-aw/safeoutputs/start_safe_outputs_mcp.sh]
[2026-10-01T08:43:43.687Z] [INFO] [backend] Starting MCP backend server, command=docker, args=[run --rm -i -e NO_COLOR=... -e TERM=... -e PYTHONUNBUFFERED=... --entrypoint sh -v /home/runner/work/gh-aw-spike-target/gh-aw-spike-target:/home/runner/work/gh-aw-spike-target/gh-aw-spike-target:rw -v /home/runner/work/_temp/gh-aw/safeoutputs:/home/runner/work/_temp/gh-aw/safeoutputs:rw -v /tmp/gh-aw:/tmp/gh-aw:rw -e GITHUB_TOKEN=ghs_... -e GH_AW_MCP_LOG_DIR=/tmp... -e GH_AW_PR_HEAD_REPO= -e GITHUB_REPOSITORY=Vikt... -e GH_AW_SAFE_OUTPUTS=/hom... -e GH_AW_PR_HEAD_BASE_PR_NUMBER= -e GH_AW_SAFE_OUTPUTS_TOOLS_PATH=/hom... -e GH_AW_PR_HEAD_BASE_BRANCH= -e GH_AW_PR_HEAD_BASE_REF= -e DEBUG=... -e GH_AW_PR_HEAD_BASE_SHA= -e DEFAULT_BRANCH=... -e GITHUB_WORKSPACE=/hom... -e GH_AW_ASSETS_MAX_SIZE_KB=... -e GH_AW_PR_HEAD_BASE_REPO= -e RUNNER_TEMP=/hom... -e GH_AW_ASSETS_BRANCH= -e GITHUB_EVENT_NAME=work... -e GITHUB_EVENT_PATH=/hom... -e GH_AW_SAFE_OUTPUTS_CONFIG_PATH=/hom... -e GH_AW_ASSETS_ALLOWED_EXTS= -e GH_AW_POLICY_ALLOW_CREATE_PULL_REQUEST=... -e GITHUB_SHA=de19... -w /home/runner/work/gh-aw-spike-target/gh-aw-spike-target ghcr.io/github/gh-aw-node -c sh /home/runner/work/_temp/gh-aw/safeoutputs/start_safe_outputs_mcp.sh]
[2026-10-01T08:43:43.688Z] [DEBUG] [mcp:connection] Initiating MCP server connection and handshake
[2026-10-01T08:43:43.848Z] [INFO] [backend] [safeoutputs] [stderr] Git configured with standard GitHub Actions identity
[2026-10-01T08:43:43.884Z] [INFO] [backend] [safeoutputs] [stderr] [2026-10-01T08:43:43.878Z] [mcp_server_core] Module is being loaded
[2026-10-01T08:43:43.916Z] [INFO] [backend] [safeoutputs] [stderr] [2026-10-01T08:43:43.915Z] [safeoutputs] Loading safe-outputs configuration
[2026-10-01T08:43:43.917Z] [INFO] [backend] [safeoutputs] [stderr] [2026-10-01T08:43:43.916Z] [safeoutputs] Reading config from file: /home/runner/work/_temp/gh-aw/safeoutputs/config.json
[2026-10-01T08:43:43.918Z] [INFO] [backend] [safeoutputs] [stderr] [2026-10-01T08:43:43.916Z] [safeoutputs] Config file exists at: /home/runner/work/_temp/gh-aw/safeoutputs/config.json
[2026-10-01T08:43:43.919Z] [INFO] [backend] [safeoutputs] [stderr] [2026-10-01T08:43:43.916Z] [safeoutputs] Config file content length: 1134 characters
[2026-10-01T08:43:43.919Z] [INFO] [backend] [safeoutputs] [stderr] [2026-10-01T08:43:43.916Z] [safeoutputs] Config file read successfully, attempting to parse JSON
[2026-10-01T08:43:43.920Z] [INFO] [backend] [safeoutputs] [stderr] [2026-10-01T08:43:43.917Z] [safeoutputs] Successfully parsed config from file with 6 configuration keys
[2026-10-01T08:43:43.922Z] [INFO] [backend] [safeoutputs] [stderr] [2026-10-01T08:43:43.918Z] [safeoutputs] Final processed config: {"create_pull_request":{"allowed_base_branches":["develop"],"allowed_files":["apps/**","packages/**","docs/architecture.md"],"auto_merge":"squash","base_branch":"develop","draft":false,"labels":["agent"],"max":1,"max_patch_files":100,"max_patch_size":4096,"protect_top_level_dot_folders":true,"protected_files":["package.json","bun.lockb","bunfig.toml","deno.json","deno.jsonc","deno.lock","global.json","NuGet.Config","Directory.Packages.props","mix.exs","mix.lock","go.mod","go.sum","stack.yaml","stack.yaml.lock","pom.xml","build.gradle","build.gradle.kts","settings.gradle","settings.gradle.kts","gradle.properties","package-lock.json","yarn.lock","pnpm-lock.yaml","npm-shrinkwrap.json","requirements.txt","Pipfile","Pipfile.lock","pyproject.toml","setup.py","setup.cfg","Gemfile","Gemfile.lock","uv.lock","CODEOWNERS","DESIGN.md","README.md","CONTRIBUTING.md","SECURITY.md","CODE_OF_CONDUCT.md","PI.md","AGENTS.md"],"protected_files_policy":"request-review","title_prefix":"[implementer] "},"create_report_incomplete_issue":{},"missing_data":{},"missing_tool":{},"noop":{"max":1,"report-as-issue":"false"},"report_incomplete":{}}
[2026-10-01T08:43:43.923Z] [INFO] [backend] [safeoutputs] [stderr] [2026-10-01T08:43:43.918Z] [safeoutputs] Loading safe-outputs tools
[2026-10-01T08:43:43.923Z] [INFO] [backend] [safeoutputs] [stderr] [2026-10-01T08:43:43.918Z] [safeoutputs] Reading tools from file: /home/runner/work/_temp/gh-aw/safeoutputs/tools.json
[2026-10-01T08:43:43.924Z] [INFO] [backend] [safeoutputs] [stderr] [2026-10-01T08:43:43.918Z] [safeoutputs] Tools file exists at: /home/runner/work/_temp/gh-aw/safeoutputs/tools.json
[2026-10-01T08:43:43.925Z] [INFO] [backend] [safeoutputs] [stderr] [2026-10-01T08:43:43.919Z] [safeoutputs] Tools file content length: 11290 characters
[2026-10-01T08:43:43.925Z] [INFO] [backend] [safeoutputs] [stderr] [2026-10-01T08:43:43.919Z] [safeoutputs] Tools file read successfully, attempting to parse JSON
[2026-10-01T08:43:43.926Z] [INFO] [backend] [safeoutputs] [stderr] [2026-10-01T08:43:43.919Z] [safeoutputs] Successfully parsed 5 tools from file
[2026-10-01T08:43:43.927Z] [INFO] [backend] [safeoutputs] [stderr] [2026-10-01T08:43:43.922Z] [safeoutputs] Configured git safe.directory for bridge context: /home/runner/work/gh-aw-spike-target/gh-aw-spike-target
[2026-10-01T08:43:43.927Z] [INFO] [backend] [safeoutputs] [stderr] [2026-10-01T08:43:43.923Z] [safeoutputs]   output file: /home/runner/work/_temp/gh-aw/safeoutputs/outputs.jsonl
[2026-10-01T08:43:43.929Z] [INFO] [backend] [safeoutputs] [stderr] [2026-10-01T08:43:43.924Z] [safeoutputs]   config: {"create_pull_request":{"allowed_base_branches":["develop"],"allowed_files":["apps/**","packages/**","docs/architecture.md"],"auto_merge":"squash","base_branch":"develop","draft":false,"labels":["agent"],"max":1,"max_patch_files":100,"max_patch_size":4096,"protect_top_level_dot_folders":true,"protected_files":["package.json","bun.lockb","bunfig.toml","deno.json","deno.jsonc","deno.lock","global.json","NuGet.Config","Directory.Packages.props","mix.exs","mix.lock","go.mod","go.sum","stack.yaml","stack.yaml.lock","pom.xml","build.gradle","build.gradle.kts","settings.gradle","settings.gradle.kts","gradle.properties","package-lock.json","yarn.lock","pnpm-lock.yaml","npm-shrinkwrap.json","requirements.txt","Pipfile","Pipfile.lock","pyproject.toml","setup.py","setup.cfg","Gemfile","Gemfile.lock","uv.lock","CODEOWNERS","DESIGN.md","README.md","CONTRIBUTING.md","SECURITY.md","CODE_OF_CONDUCT.md","PI.md","AGENTS.md"],"protected_files_policy":"request-review","title_prefix":"[implementer] "},"create_report_incomplete_issue":{},"missing_data":{},"missing_tool":{},"noop":{"max":1,"report-as-issue":"false"},"report_incomplete":{}}
[2026-10-01T08:43:43.931Z] [INFO] [backend] Successfully connected to MCP backend server, command=docker
[2026-10-01T08:43:43.931Z] [INFO] [backend] [safeoutputs] [stderr] [2026-10-01T08:43:43.924Z] [safeoutputs] Registered tool: create_pull_request
[2026-10-01T08:43:43.931Z] [INFO] [backend] Started MCP server: docker [run --rm -i -e NO_COLOR=... -e TERM=... -e PYTHONUNBUFFERED=... --entrypoint sh -v /home/runner/work/gh-aw-spike-target/gh-aw-spike-target:/home/runner/work/gh-aw-spike-target/gh-aw-spike-target:rw -v /home/runner/work/_temp/gh-aw/safeoutputs:/home/runner/work/_temp/gh-aw/safeoutputs:rw -v /tmp/gh-aw:/tmp/gh-aw:rw -e GITHUB_TOKEN=ghs_... -e GH_AW_MCP_LOG_DIR=/tmp... -e GH_AW_PR_HEAD_REPO= -e GITHUB_REPOSITORY=Vikt... -e GH_AW_SAFE_OUTPUTS=/hom... -e GH_AW_PR_HEAD_BASE_PR_NUMBER= -e GH_AW_SAFE_OUTPUTS_TOOLS_PATH=/hom... -e GH_AW_PR_HEAD_BASE_BRANCH= -e GH_AW_PR_HEAD_BASE_REF= -e DEBUG=... -e GH_AW_PR_HEAD_BASE_SHA= -e DEFAULT_BRANCH=... -e GITHUB_WORKSPACE=/hom... -e GH_AW_ASSETS_MAX_SIZE_KB=... -e GH_AW_PR_HEAD_BASE_REPO= -e RUNNER_TEMP=/hom... -e GH_AW_ASSETS_BRANCH= -e GITHUB_EVENT_NAME=work... -e GITHUB_EVENT_PATH=/hom... -e GH_AW_SAFE_OUTPUTS_CONFIG_PATH=/hom... -e GH_AW_ASSETS_ALLOWED_EXTS= -e GH_AW_POLICY_ALLOW_CREATE_PULL_REQUEST=... -e GITHUB_SHA=de19... -w /home/runner/work/gh-aw-spike-target/gh-aw-spike-target ghcr.io/github/gh-aw-node -c sh /home/runner/work/_temp/gh-aw/safeoutputs/start_safe_outputs_mcp.sh]
[2026-10-01T08:43:43.932Z] [INFO] [backend] [safeoutputs] [stderr] [2026-10-01T08:43:43.925Z] [safeoutputs] Registered tool: missing_tool
[2026-10-01T08:43:43.932Z] [INFO] [backend] [safeoutputs] Successfully launched MCP backend server: server=safeoutputs
[2026-10-01T08:43:43.933Z] [INFO] [backend] [safeoutputs] [stderr] [2026-10-01T08:43:43.925Z] [safeoutputs] Registered tool: noop
[2026-10-01T08:43:43.933Z] [DEBUG] [launcher:launcher] Connection established: serverID=safeoutputs
[2026-10-01T08:43:43.934Z] [DEBUG] [launcher:launcher] Recorded server start: serverID=safeoutputs
[2026-10-01T08:43:43.934Z] [DEBUG] [mcp:connection] ServerInfo: serverID=safeoutputs, name=safeoutputs, version=1.0.0
[2026-10-01T08:43:43.934Z] [INFO] [backend] [safeoutputs] [stderr] [2026-10-01T08:43:43.925Z] [safeoutputs] Registered tool: missing_data
[2026-10-01T08:43:43.935Z] [INFO] [backend] [safeoutputs] Backend server info: name=safeoutputs, version=1.0.0
[2026-10-01T08:43:43.935Z] [DEBUG] [server:tool_registry_helpers] Fetching backend list: serverID=safeoutputs, method=tools/list
[2026-10-01T08:43:43.936Z] [DEBUG] [mcp:connection_logging] Outbound RPC request: serverID=safeoutputs, method=tools/list, payloadBytes=53, enclave=false
[2026-10-01T08:43:43.936Z] [DEBUG] [mcp:connection_logging] snapshotTags: no agent tag snapshot attached
[2026-10-01T08:43:43.936Z] [DEBUG] [rpc] safeoutputs→tools/list 53b {"jsonrpc":"2.0","method":"tools/list","params":null}
[2026-10-01T08:43:43.937Z] [INFO] [backend] [safeoutputs] [stderr] [2026-10-01T08:43:43.925Z] [safeoutputs] Registered tool: report_incomplete
[2026-10-01T08:43:43.938Z] [INFO] [backend] [safeoutputs] [stderr] [2026-10-01T08:43:43.925Z] [safeoutputs] Skipping generic tool for non-tool config key=[REDACTED]
[2026-10-01T08:43:43.938Z] [DEBUG] [mcp:connection] Dispatching SDK method: tools/list, serverID=safeoutputs
[2026-10-01T08:43:43.938Z] [INFO] [backend] [safeoutputs] [stderr] [2026-10-01T08:43:43.925Z] [safeoutputs]   tools: create_pull_request, missing_tool, noop, missing_data, report_incomplete
[2026-10-01T08:43:43.939Z] [DEBUG] [mcp:connection] listtools: requesting tools list from backend serverID=safeoutputs
[2026-10-01T08:43:43.940Z] [INFO] [backend] [safeoutputs] [stderr] [2026-10-01T08:43:43.926Z] [safeoutputs] v1.0.0 ready on stdio
[2026-10-01T08:43:43.940Z] [DEBUG] [mcp:pagination] PaginateAll: starting pagination, maxPages=100
[2026-10-01T08:43:43.941Z] [INFO] [backend] [safeoutputs] [stderr] [2026-10-01T08:43:43.926Z] [safeoutputs]   tools: create_pull_request, missing_tool, noop, missing_data, report_incomplete
[2026-10-01T08:43:43.941Z] [INFO] [backend] [safeoutputs] [stderr] [2026-10-01T08:43:43.926Z] [safeoutputs] listening...
[2026-10-01T08:43:43.942Z] [INFO] [backend] [safeoutputs] [stderr] [2026-10-01T08:43:43.928Z] [safeoutputs] recv: {"jsonrpc":"2.0","id":1,"method":"server/discover","params":{"_meta":{"io.modelcontextprotocol/clientCapabilities":{"roots":{"listChanged":true}},"io.modelcontextprotocol/clientInfo":{"name":"awmg","version":"v0.4.25"},"io.modelcontextprotocol/protocolVersion":"2026-07-28"}}}
[2026-10-01T08:43:43.943Z] [DEBUG] [mcp:connection] listtools: received page of 5 tools from serverID=safeoutputs
[2026-10-01T08:43:43.943Z] [DEBUG] [mcp:pagination] PaginateAll: fetched page=1, items=5, hasNext=false
[2026-10-01T08:43:43.944Z] [DEBUG] [mcp:pagination] PaginateAll: completed, totalItems=5, pages=1
[2026-10-01T08:43:43.944Z] [INFO] [backend] [safeoutputs] [stderr] [2026-10-01T08:43:43.928Z] [safeoutputs] send: {"jsonrpc":"2.0","id":1,"error":{"code":-32601,"message":"Method not found: server/discover"}}
[2026-10-01T08:43:43.944Z] [DEBUG] [mcp:connection] listtools: received 5 tools total from serverID=safeoutputs
[2026-10-01T08:43:43.945Z] [DEBUG] [mcp:helpers] marshalToResponse: result_len=9287 bytes
[2026-10-01T08:43:43.945Z] [DEBUG] [mcp:connection_logging] Inbound RPC response: serverID=safeoutputs, payloadBytes=9321, hasError=false, enclave=false
[2026-10-01T08:43:43.946Z] [DEBUG] [mcp:connection_logging] snapshotTags: no agent tag snapshot attached
[2026-10-01T08:43:43.946Z] [INFO] [backend] [safeoutputs] [stderr] [2026-10-01T08:43:43.929Z] [safeoutputs] recv: {"jsonrpc":"2.0","id":2,"method":"initialize","params":{"clientInfo":{"name":"awmg","version":"v0.4.25"},"protocolVersion":"2025-11-25","capabilities":{"roots":{"listChanged":true}}}}
[2026-10-01T08:43:43.947Z] [INFO] [backend] [safeoutputs] [stderr] [2026-10-01T08:43:43.929Z] [safeoutputs] client info: {"name":"awmg","version":"v0.4.25"}
[2026-10-01T08:43:43.947Z] [INFO] [backend] [safeoutputs] [stderr] [2026-10-01T08:43:43.929Z] [safeoutputs] send: {"jsonrpc":"2.0","id":2,"result":{"serverInfo":{"name":"safeoutputs","version":"1.0.0"},"protocolVersion":"2025-11-25","capabilities":{"tools":{}}}}
[2026-10-01T08:43:43.948Z] [INFO] [backend] [safeoutputs] [stderr] [2026-10-01T08:43:43.930Z] [safeoutputs] recv: {"jsonrpc":"2.0","method":"notifications/initialized","params":{}}
[2026-10-01T08:43:43.949Z] [INFO] [backend] [safeoutputs] [stderr] [2026-10-01T08:43:43.930Z] [safeoutputs] ignore notifications/initialized
[2026-10-01T08:43:43.949Z] [INFO] [backend] [safeoutputs] [stderr] [2026-10-01T08:43:43.941Z] [safeoutputs] recv: {"jsonrpc":"2.0","id":3,"method":"tools/list","params":{}}
[2026-10-01T08:43:43.950Z] [DEBUG] [rpc] safeoutputs←resp 9321b {"jsonrpc":"2.0","id":1,"result":{"ttlMs":0,"cacheScope":"","tools":[{"description":"Create a new GitHub pull request to propose code changes. Use this after making file edits to submit them for review and merging. The PR will be created from the current branch with your committed changes. This is a write-once declaration for a real intended PR, not a sandbox or probe: do not call it with placeholder content, test titles/bodies, or auth experiments. If you are not ready to open the real PR, use noop or report_incomplete instead. For code review comments on an existing PR, use create_pull_request_review_comment instead. CONSTRAINTS: Maximum 1 pull request(s) can be created. Title will be prefixed with \"[implementer] \". Labels [\"agent\"] will be automatically added. This tool records a real pull request intent. Do not use it for tests, auth checks, or probing. Call it once only when the final PR title/body/branch are ready; otherwise use noop or report_incomplete.","inputSchema":{"additionalProperties":false,"properties":{"base":{"description":"Target base branch for the pull request. This override is only allowed when workflow configuration sets safe-outputs.create-pull-request.allowed-base-branches and the value matches one of those patterns, or when it names the branch of a pull request created earlier in the same run (a stacked pull request). Stacked pull requests are rejected when safe-outputs.create-pull-request.stacked is false.","type":"string"},"body":{"description":"Detailed PR description in Markdown. Include what changes were made, why, testing notes, and any breaking changes. Do NOT repeat the title as a heading.","maxLength":65536,"type":"string"},"branch":{"description":"Source branch name containing the changes. If omitted, uses the current working branch. If the workflow configuration sets safe-outputs.create-pull-request.allowed-branches, then the branch name MUST be given and match one of these patterns.","type":"string"},"dependencies":{"description":"Optional list of branch names this pull request depends on (branches of earlier pull requests in the same stack). Used to detect circular stack dependencies and to record stack metadata.","items":{"type":"string"},"type":"array"},"draft":{"description":"Whether to create the PR as a draft. Draft PRs cannot be merged until marked as ready for review. Use mark_pull_request_as_ready_for_review to convert a draft PR. Default: true.","type":"boolean"},"integrity":{"description":"Trustworthiness level of the message source (e.g., \"low\", \"medium\", \"high\").","type":"string"},"labels":{"description":"Labels to categorize the PR (e.g., 'enhancement', 'bugfix'). Labels must exist in the repository.","items":{"type":"string"},"type":"array"},"repo":{"description":"Target repository in 'owner/repo' format. For multi-repo workflows where the target repo differs from the workflow repo, this must match a repo in the allowed-repos list or the configured target-repo. If omitted, defaults to the configured target-repo (from safe-outputs config), NOT the workflow repository. In most cases, you should omit this parameter and let the system use the configured default.","type":"string"},"secrecy":{"description":"Confidentiality level of the message content (e.g., \"public\", \"internal\", \"private\").","type":"string"},"stack_position":{"description":"Optional 1-based position of this pull request within a stack of dependent pull requests. Recorded in the pull request body as stack metadata.","type":["number","string"]},"stack_root":{"description":"Optional branch name of the root of the pull request stack (the branch the first pull request in the stack targets). Recorded in the pull request body as stack metadata.","type":"string"},"temporary_id":{"description":"Unique temporary identifier for this pull request. Canonical form: '#aw_' followed by 3 to 12 alphanumeric or underscore characters (A-Za-z0-9_) — e.g., '#aw_pr1', '#aw_fix_123'. The bare 'aw_pr1' form is also accepted and normalised to '#aw_pr1'. Use this same '#aw_ID' form in body text to cross-reference this PR; these references are replaced with the real pull request number after creation.","pattern":"^#?aw_[A-Za-z0-9_]{3,12}$","type":"string"},"title":{"description":"Concise PR title describing the changes. Follow repository conventions (e.g., conventional commits). The title appears as the main heading.","type":"string"}},"required":["title","body"],"type":"object"},"name":"create_pull_request"},{"description":"Report that a tool or capability needed to complete the task is not available, or share any information you deem important about missing functionality or limitations. Use this when you cannot accomplish what was requested because the required functionality is missing or access is restricted. When a bash command is blocked by security policy, call this tool with reason set to \"security\".","inputSchema":{"additionalProperties":false,"properties":{"alternatives":{"description":"Any workarounds, manual steps, or alternative approaches the user could take (max 256 characters).","type":"string"},"integrity":{"description":"Trustworthiness level of the message source (e.g., \"low\", \"medium\", \"high\").","type":"string"},"reason":{"description":"Explanation of why this tool is needed or what information you want to share about the limitation (max 256 characters).","type":"string"},"secrecy":{"description":"Confidentiality level of the message content (e.g., \"public\", \"internal\", \"private\").","type":"string"},"tool":{"description":"Optional: Name or description of the missing tool or capability (max 128 characters). Be specific about what functionality is needed.","type":"string"}},"required":["reason"],"type":"object"},"name":"missing_tool"},{"description":"Log a transparency message when no significant actions are needed. Use this to confirm workflow completion and provide visibility when analysis is complete but no changes or outputs are required (e.g., 'No issues found', 'All checks passed'). This ensures the workflow produces human-visible output even when no other actions are taken.","inputSchema":{"additionalProperties":false,"properties":{"integrity":{"description":"Trustworthiness level of the message source (e.g., \"low\", \"medium\", \"high\").","type":"string"},"message":{"description":"Status or completion message to log. Should explain what was analyzed and the outcome (e.g., 'Code review complete - no issues found', 'Analysis complete - all tests passing'). This is the only content field noop accepts; common aliases (reason, summary, details, text, note, status) are accepted and mapped to message. Serialize any metrics or structured run summary into this single string; other named fields (for example processed, skipped) are not accepted and cause a missing-message error.","maxLength":65536,"type":"string"},"secrecy":{"description":"Confidentiality level of the message content (e.g., \"public\", \"internal\", \"private\").","type":"string"}},"required":["message"],"type":"object"},"name":"noop"},{"description":"Report that data or information needed to complete the task is not available. Use this when you cannot accomplish what was requested because required data, context, or information is missing.","inputSchema":{"additionalProperties":false,"properties":{"alternatives":{"description":"Any workarounds, manual steps, or alternative approaches the user could take (max 256 characters).","type":"string"},"context":{"description":"Additional context about the missing data or where it should come from (max 256 characters).","type":"string"},"data_type":{"description":"Type or description of the missing data or information (max 128 characters). Be specific about what data is needed.","type":"string"},"integrity":{"description":"Trustworthiness level of the message source (e.g., \"low\", \"medium\", \"high\").","type":"string"},"reason":{"description":"Explanation of why this data is needed to complete the task (max 256 characters).","type":"string"},"secrecy":{"description":"Confidentiality level of the message content (e.g., \"public\", \"internal\", \"private\").","type":"string"}},"required":[],"type":"object"},"name":"missing_data"},{"description":"Signal that the task could not be completed due to an infrastructure or tool failure (e.g., MCP server crash, missing authentication, inaccessible repository). Use this when required tools or data are unavailable and the task cannot be meaningfully performed. This is distinct from noop (no action needed) — it indicates an active failure that prevented the task from running. Provide a specific reason and optional details so downstream issue aggregation can preserve complete incomplete-signal context. The workflow framework will treat this as a failure signal even when the agent exits successfully.","inputSchema":{"additionalProperties":false,"properties":{"details":{"description":"Optional extended details or diagnostic context about the failure (max 65000 characters).","maxLength":65536,"type":"string"},"reason":{"description":"A concise explanation of why the task could not be completed (max 1024 characters). Be specific about which tools or resources were unavailable.","type":"string"}},"required":["reason"],"type":"object"},"name":"report_incomplete"}]}}
[2026-10-01T08:43:43.957Z] [DEBUG] [mcp:schema] Normalizing input schema for tool: safeoutputs___create_pull_request
[2026-10-01T08:43:43.957Z] [DEBUG] [mcp:schema] Tool safeoutputs___create_pull_request schema analysis: hasType=true
[2026-10-01T08:43:43.957Z] [DEBUG] [mcp:schema] Tool safeoutputs___create_pull_request object type schema: hasProperties=true, hasAdditionalProperties=true
[2026-10-01T08:43:43.958Z] [DEBUG] [mcp:schema] Tool safeoutputs___create_pull_request schema is valid, no normalization needed
[2026-10-01T08:43:43.958Z] [DEBUG] [middleware:jqschema] ShouldApplyMiddleware: tool=safeoutputs___create_pull_request, applies=true
[2026-10-01T08:43:43.958Z] [DEBUG] [middleware:jqschema] WrapToolHandler: wrapping tool=safeoutputs___create_pull_request, sizeThreshold=524288 bytes, baseDir=/tmp/gh-aw/mcp-payloads, pathPrefixSet=false
[2026-10-01T08:43:43.959Z] [DEBUG] [server:tool_registry_helpers] Registering tool without validation: safeoutputs___create_pull_request
[2026-10-01T08:43:43.959Z] [DEBUG] [server:unified] Registered tool: safeoutputs-create_pull_request
[2026-10-01T08:43:43.960Z] [INFO] [backend] [safeoutputs] [stderr] [2026-10-01T08:43:43.941Z] [safeoutputs] send: {"jsonrpc":"2.0","id":3,"result":{"tools":[{"name":"create_pull_request","description":"Create a new GitHub pull request to propose code changes. Use this after making file edits to submit them for review and merging. The PR will be created from the current branch with your committed changes. This is a write-once declaration for a real intended PR, not a sandbox or probe: do not call it with placeholder content, test titles/bodies, or auth experiments. If you are not ready to open the real PR, use noop or report_incomplete instead. For code review comments on an existing PR, use create_pull_request_review_comment instead. CONSTRAINTS: Maximum 1 pull request(s) can be created. Title will be prefixed with \"[implementer] \". Labels [\"agent\"] will be automatically added. This tool records a real pull request intent. Do not use it for tests, auth checks, or probing. Call it once only when the final PR title/body/branch are ready; otherwise use noop or report_incomplete.","inputSchema":{"type":"object","required":["title","body"],"properties":{"title":{"type":"string","description":"Concise PR title describing the changes. Follow repository conventions (e.g., conventional commits). The title appears as the main heading."},"body":{"type":"string","description":"Detailed PR description in Markdown. Include what changes were made, why, testing notes, and any breaking changes. Do NOT repeat the title as a heading.","maxLength":65536},"branch":{"type":"string","description":"Source branch name containing the changes. If omitted, uses the current working branch. If the workflow configuration sets safe-outputs.create-pull-request.allowed-branches, then the branch name MUST be given and match one of these patterns."},"base":{"type":"string","description":"Target base branch for the pull request. This override is only allowed when workflow configuration sets safe-outputs.create-pull-request.allowed-base-branches and the value matches one of those patterns, or when it names the branch of a pull request created earlier in the same run (a stacked pull request). Stacked pull requests are rejected when safe-outputs.create-pull-request.stacked is false."},"stack_position":{"type":["number","string"],"description":"Optional 1-based position of this pull request within a stack of dependent pull requests. Recorded in the pull request body as stack metadata."},"stack_root":{"type":"string","description":"Optional branch name of the root of the pull request stack (the branch the first pull request in the stack targets). Recorded in the pull request body as stack metadata."},"dependencies":{"type":"array","items":{"type":"string"},"description":"Optional list of branch names this pull request depends on (branches of earlier pull requests in the same stack). Used to detect circular stack dependencies and to record stack metadata."},"labels":{"type":"array","items":{"type":"string"},"description":"Labels to categorize the PR (e.g., 'enhancement', 'bugfix'). Labels must exist in the repository."},"draft":{"type":"boolean","description":"Whether to create the PR as a draft. Draft PRs cannot be merged until marked as ready for review. Use mark_pull_request_as_ready_for_review to convert a draft PR. Default: true."},"repo":{"type":"string","description":"Target repository in 'owner/repo' format. For multi-repo workflows where the target repo differs from the workflow repo, this must match a repo in the allowed-repos list or the configured target-repo. If omitted, defaults to the configured target-repo (from safe-outputs config), NOT the workflow repository. In most cases, you should omit this parameter and let the system use the configured default."},"temporary_id":{"type":"string","pattern":"^#?aw_[A-Za-z0-9_]{3,12}$","description":"Unique temporary identifier for this pull request. Canonical form: '#aw_' followed by 3 to 12 alphanumeric or underscore characters (A-Za-z0-9_) — e.g., '#aw_pr1', '#aw_fix_123'. The bare 'aw_pr1' form is also accepted and normalised to '#aw_pr1'. Use this same '#aw_ID' form in body text to cross-reference this PR; these references are replaced with the real pull request number after creation."},"secrecy":{"type":"string","description":"Confidentiality level of the message content (e.g., \"public\", \"internal\", \"private\")."},"integrity":{"type":"string","description":"Trustworthiness level of the message source (e.g., \"low\", \"medium\", \"high\")."}},"additionalProperties":false}},{"name":"missing_tool","description":"Report that a tool or capability needed to complete the task is not available, or share any information you deem important about missing functionality or limitations. Use this when you cannot accomplish what was requested because the required functionality is missing or access is restricted. When a bash command is blocked by security policy, call this tool with reason set to \"security\".","inputSchema":{"type":"object","required":["reason"],"properties":{"tool":{"type":"string","description":"Optional: Name or description of the missing tool or capability (max 128 characters). Be specific about what functionality is needed."},"reason":{"type":"string","description":"Explanation of why this tool is needed or what information you want to share about the limitation (max 256 characters)."},"alternatives":{"type":"string","description":"Any workarounds, manual steps, or alternative approaches the user could take (max 256 characters)."},"secrecy":{"type":"string","description":"Confidentiality level of the message content (e.g., \"public\", \"internal\", \"private\")."},"integrity":{"type":"string","description":"Trustworthiness level of the message source (e.g., \"low\", \"medium\", \"high\")."}},"additionalProperties":false}},{"name":"noop","description":"Log a transparency message when no significant actions are needed. Use this to confirm workflow completion and provide visibility when analysis is complete but no changes or outputs are required (e.g., 'No issues found', 'All checks passed'). This ensures the workflow produces human-visible output even when no other actions are taken.","inputSchema":{"type":"object","required":["message"],"properties":{"message":{"type":"string","description":"Status or completion message to log. Should explain what was analyzed and the outcome (e.g., 'Code review complete - no issues found', 'Analysis complete - all tests passing'). This is the only content field noop accepts; common aliases (reason, summary, details, text, note, status) are accepted and mapped to message. Serialize any metrics or structured run summary into this single string; other named fields (for example processed, skipped) are not accepted and cause a missing-message error.","maxLength":65536},"secrecy":{"type":"string","description":"Confidentiality level of the message content (e.g., \"public\", \"internal\", \"private\")."},"integrity":{"type":"string","description":"Trustworthiness level of the message source (e.g., \"low\", \"medium\", \"high\")."}},"additionalProperties":false}},{"name":"missing_data","description":"Report that data or information needed to complete the task is not available. Use this when you cannot accomplish what was requested because required data, context, or information is missing.","inputSchema":{"type":"object","required":[],"properties":{"data_type":{"type":"string","description":"Type or description of the missing data or information (max 128 characters). Be specific about what data is needed."},"reason":{"type":"string","description":"Explanation of why this data is needed to complete the task (max 256 characters)."},"context":{"type":"string","description":"Additional context about the missing data or where it should come from (max 256 characters)."},"alternatives":{"type":"string","description":"Any workarounds, manual steps, or alternative approaches the user could take (max 256 characters)."},"secrecy":{"type":"string","description":"Confidentiality level of the message content (e.g., \"public\", \"internal\", \"private\")."},"integrity":{"type":"string","description":"Trustworthiness level of the message source (e.g., \"low\", \"medium\", \"high\")."}},"additionalProperties":false}},{"name":"report_incomplete","description":"Signal that the task could not be completed due to an infrastructure or tool failure (e.g., MCP server crash, missing authentication, inaccessible repository). Use this when required tools or data are unavailable and the task cannot be meaningfully performed. This is distinct from noop (no action needed) — it indicates an active failure that prevented the task from running. Provide a specific reason and optional details so downstream issue aggregation can preserve complete incomplete-signal context. The workflow framework will treat this as a failure signal even when the agent exits successfully.","inputSchema":{"type":"object","required":["reason"],"properties":{"reason":{"type":"string","description":"A concise explanation of why the task could not be completed (max 1024 characters). Be specific about which tools or resources were unavailable."},"details":{"type":"string","description":"Optional extended details or diagnostic context about the failure (max 65000 characters).","maxLength":65536}},"additionalProperties":false}}]}}
[2026-10-01T08:43:43.964Z] [DEBUG] [mcp:schema] Normalizing input schema for tool: safeoutputs___missing_tool
[2026-10-01T08:43:43.964Z] [DEBUG] [mcp:schema] Tool safeoutputs___missing_tool schema analysis: hasType=true
[2026-10-01T08:43:43.964Z] [DEBUG] [mcp:schema] Tool safeoutputs___missing_tool object type schema: hasProperties=true, hasAdditionalProperties=true
[2026-10-01T08:43:43.965Z] [DEBUG] [mcp:schema] Tool safeoutputs___missing_tool schema is valid, no normalization needed
[2026-10-01T08:43:43.965Z] [DEBUG] [middleware:jqschema] ShouldApplyMiddleware: tool=safeoutputs___missing_tool, applies=true
[2026-10-01T08:43:43.965Z] [DEBUG] [middleware:jqschema] WrapToolHandler: wrapping tool=safeoutputs___missing_tool, sizeThreshold=524288 bytes, baseDir=/tmp/gh-aw/mcp-payloads, pathPrefixSet=false
[2026-10-01T08:43:43.966Z] [DEBUG] [server:tool_registry_helpers] Registering tool without validation: safeoutputs___missing_tool
[2026-10-01T08:43:43.966Z] [DEBUG] [server:unified] Registered tool: safeoutputs-missing_tool
[2026-10-01T08:43:43.967Z] [DEBUG] [mcp:schema] Normalizing input schema for tool: safeoutputs___noop
[2026-10-01T08:43:43.967Z] [DEBUG] [mcp:schema] Tool safeoutputs___noop schema analysis: hasType=true
[2026-10-01T08:43:43.968Z] [DEBUG] [mcp:schema] Tool safeoutputs___noop object type schema: hasProperties=true, hasAdditionalProperties=true
[2026-10-01T08:43:43.968Z] [DEBUG] [mcp:schema] Tool safeoutputs___noop schema is valid, no normalization needed
[2026-10-01T08:43:43.968Z] [DEBUG] [middleware:jqschema] ShouldApplyMiddleware: tool=safeoutputs___noop, applies=true
[2026-10-01T08:43:43.969Z] [DEBUG] [middleware:jqschema] WrapToolHandler: wrapping tool=safeoutputs___noop, sizeThreshold=524288 bytes, baseDir=/tmp/gh-aw/mcp-payloads, pathPrefixSet=false
[2026-10-01T08:43:43.969Z] [DEBUG] [server:tool_registry_helpers] Registering tool without validation: safeoutputs___noop
[2026-10-01T08:43:43.969Z] [DEBUG] [server:unified] Registered tool: safeoutputs-noop
[2026-10-01T08:43:43.970Z] [DEBUG] [mcp:schema] Normalizing input schema for tool: safeoutputs___missing_data
[2026-10-01T08:43:43.970Z] [DEBUG] [mcp:schema] Tool safeoutputs___missing_data schema analysis: hasType=true
[2026-10-01T08:43:43.970Z] [DEBUG] [mcp:schema] Tool safeoutputs___missing_data object type schema: hasProperties=true, hasAdditionalProperties=true
[2026-10-01T08:43:43.971Z] [DEBUG] [mcp:schema] Tool safeoutputs___missing_data schema is valid, no normalization needed
[2026-10-01T08:43:43.971Z] [DEBUG] [middleware:jqschema] ShouldApplyMiddleware: tool=safeoutputs___missing_data, applies=true
[2026-10-01T08:43:43.971Z] [DEBUG] [middleware:jqschema] WrapToolHandler: wrapping tool=safeoutputs___missing_data, sizeThreshold=524288 bytes, baseDir=/tmp/gh-aw/mcp-payloads, pathPrefixSet=false
[2026-10-01T08:43:43.972Z] [DEBUG] [server:tool_registry_helpers] Registering tool without validation: safeoutputs___missing_data
[2026-10-01T08:43:43.972Z] [DEBUG] [server:unified] Registered tool: safeoutputs-missing_data
[2026-10-01T08:43:43.972Z] [DEBUG] [mcp:schema] Normalizing input schema for tool: safeoutputs___report_incomplete
[2026-10-01T08:43:43.973Z] [DEBUG] [mcp:schema] Tool safeoutputs___report_incomplete schema analysis: hasType=true
[2026-10-01T08:43:43.973Z] [DEBUG] [mcp:schema] Tool safeoutputs___report_incomplete object type schema: hasProperties=true, hasAdditionalProperties=true
[2026-10-01T08:43:43.973Z] [DEBUG] [mcp:schema] Tool safeoutputs___report_incomplete schema is valid, no normalization needed
[2026-10-01T08:43:43.974Z] [DEBUG] [middleware:jqschema] ShouldApplyMiddleware: tool=safeoutputs___report_incomplete, applies=true
[2026-10-01T08:43:43.974Z] [DEBUG] [middleware:jqschema] WrapToolHandler: wrapping tool=safeoutputs___report_incomplete, sizeThreshold=524288 bytes, baseDir=/tmp/gh-aw/mcp-payloads, pathPrefixSet=false
[2026-10-01T08:43:43.974Z] [DEBUG] [server:tool_registry_helpers] Registering tool without validation: safeoutputs___report_incomplete
[2026-10-01T08:43:43.975Z] [DEBUG] [server:unified] Registered tool: safeoutputs-report_incomplete
[2026-10-01T08:43:43.975Z] [DEBUG] [server:unified] Registered 5 tools from safeoutputs: safeoutputs-create_pull_request, safeoutputs-missing_tool, safeoutputs-noop, safeoutputs-missing_data, safeoutputs-report_incomplete
[2026-10-01T08:43:43.975Z] [DEBUG] [mcp:connection] BackendHasPromptsCapability: serverID=safeoutputs, hasPrompts=false
[2026-10-01T08:43:43.976Z] [DEBUG] [server:unified] Backend safeoutputs does not declare prompts capability (skipping)
[2026-10-01T08:43:43.976Z] [DEBUG] [server:unified] Successfully registered tools from safeoutputs (took 300.372462ms)
[2026-10-01T08:43:43.977Z] [INFO] [backend] [safeoutputs] Successfully registered tools from safeoutputs (took 300.372462ms)
[2026-10-01T08:43:43.977Z] [DEBUG] [server:tool_registry_helpers] Tool registration complete: all 1 backend(s) registered successfully
[2026-10-01T08:43:43.977Z] [INFO] [backend] Tool registration complete: 1 succeeded, 0 failed, total tools=7
[2026-10-01T08:43:43.978Z] [DEBUG] [launcher:health] Creating health monitor: interval=30s, maxRestartFailures=3
[2026-10-01T08:43:43.978Z] [DEBUG] [launcher:health] Starting health monitor: interval=30s
[2026-10-01T08:43:43.978Z] [INFO] [startup] Health monitor started (interval=30s)
[2026-10-01T08:43:43.978Z] [DEBUG] [server:unified] Unified server created successfully with 7 tools
[2026-10-01T08:43:43.979Z] [DEBUG] [cmd:root] Unified MCP server created successfully
[2026-10-01T08:43:43.979Z] [DEBUG] [cmd:delegation] No delegation config provided, skipping private control channel startup
[2026-10-01T08:43:43.979Z] [DEBUG] [config:config] GetAgentIDs: gateway.agentIds not set, falling back to singular effective agent ID
[2026-10-01T08:43:43.980Z] [DEBUG] [cmd:root] Building HTTP server: mode=routed, listenAddr=0.0.0.0:8080, authEnabled=true, hmacEnabled=false
[2026-10-01T08:43:43.980Z] [DEBUG] [launcher:health] Health monitor goroutine started: interval=30s
[2026-10-01T08:43:43.980Z] [INFO] [startup] Starting MCPG in ROUTED mode on 0.0.0.0:8080
[2026-10-01T08:43:43.981Z] [DEBUG] [launcher:launcher] Retrieved server IDs: count=1, ids=[safeoutputs]
[2026-10-01T08:43:43.981Z] [INFO] [startup] Routes: /mcp/<server> where <server> is one of: [safeoutputs]
[2026-10-01T08:43:43.982Z] [DEBUG] [server:routed] Creating HTTP server for routed mode: addr=0.0.0.0:8080
[2026-10-01T08:43:43.982Z] [DEBUG] [launcher:launcher] Retrieved server IDs: count=1, ids=[safeoutputs]
[2026-10-01T08:43:43.983Z] [DEBUG] [server:routed] Registering routes for 1 backends: [safeoutputs]
[2026-10-01T08:43:43.983Z] [DEBUG] [server:http_server] Building MCP HTTP server: addr=0.0.0.0:8080, auth_enabled=true, hmac_enabled=false
[2026-10-01T08:43:43.983Z] [DEBUG] [server:handlers] Registering common endpoints: close_auth_enabled=true
[2026-10-01T08:43:43.984Z] [DEBUG] [server:handlers] Creating OAuth discovery handler
[2026-10-01T08:43:43.984Z] [DEBUG] [server:handlers] Creating OAuth discovery handler
[2026-10-01T08:43:43.984Z] [DEBUG] [server:handlers] Creating reflect handler
[2026-10-01T08:43:43.985Z] [DEBUG] [server:handlers] Creating close handler
[2026-10-01T08:43:43.985Z] [DEBUG] [server:handlers] Wrapping /close endpoint with API key auth
[2026-10-01T08:43:43.985Z] [DEBUG] [server:auth] Auth key configured, applying middleware
[2026-10-01T08:43:43.985Z] [DEBUG] [server:auth] Initialized auth middleware
[2026-10-01T08:43:43.986Z] [DEBUG] [server:handlers] Registered common endpoints: oauth discovery, health, reflect, close
[2026-10-01T08:43:43.986Z] [DEBUG] [server:http_server] Session timeout configured: 6h0m0s
[2026-10-01T08:43:43.986Z] [DEBUG] [server:routed] [CACHE] Creating filtered server cache: ttl=6h0m0s, maxSize=1000
[2026-10-01T08:43:43.987Z] [DEBUG] [server:helpers] buildMCPHandler: logTag=routed:safeoutputs, backendID=, sessionTimeout=6h0m0s
[2026-10-01T08:43:43.987Z] [DEBUG] [server:helpers] Wrapping handler with middleware: logTag=routed:safeoutputs, authEnabled=true, hmacEnabled=false
[2026-10-01T08:43:43.987Z] [DEBUG] [server:hmac] No HMAC secret configured, skipping middleware
[2026-10-01T08:43:43.988Z] [DEBUG] [server:auth] Auth key configured, applying middleware
[2026-10-01T08:43:43.988Z] [DEBUG] [server:auth] Initialized auth middleware
[2026-10-01T08:43:43.988Z] [DEBUG] [server:helpers] WithOTELTracing: wrapping handler with tag=routed:safeoutputs
[2026-10-01T08:43:43.988Z] [DEBUG] [tracing:http] Registering HTTP handler with OTel span: span=gateway.request, extraAttrs=1
[2026-10-01T08:43:43.989Z] [DEBUG] [server:helpers] Middleware wrapping complete: logTag=routed:safeoutputs
[2026-10-01T08:43:43.989Z] [DEBUG] [server:routed] Registered route: /mcp/safeoutputs
[2026-10-01T08:43:43.989Z] [DEBUG] [server:http_server] MCP HTTP server scaffold ready: addr=0.0.0.0:8080
[2026-10-01T08:43:43.990Z] [DEBUG] [server:http_server] Creating HTTP server: addr=0.0.0.0:8080
[2026-10-01T08:43:43.990Z] [DEBUG] [server:unified] SetHTTPShutdown: registering HTTP shutdown function (set=true)
[2026-10-01T08:43:43.990Z] [DEBUG] [cmd:root] Registered HTTP shutdown hook on unified server
[2026-10-01T08:43:43.991Z] [DEBUG] [cmd:root] Registered exit hook (context cancel) on unified server
[2026-10-01T08:43:43.991Z] [DEBUG] [cmd:root] TLS configuration: hasCert=false, hasKey=false, hasCA=false
[2026-10-01T08:43:43.992Z] [DEBUG] [cmd:root] TCP listener created on 0.0.0.0:8080
[2026-10-01T08:43:43.992Z] [INFO] [startup] TLS not configured — listening on http://0.0.0.0:8080 (set --tls-cert/--tls-key to enable)
[2026-10-01T08:43:43.992Z] [DEBUG] [cmd:root] Writing gateway config: listenAddr=0.0.0.0:8080, mode=routed, serverCount=1
[2026-10-01T08:43:43.993Z] [DEBUG] [cmd:root] Parsed listen address: host=0.0.0.0, port=8080
[2026-10-01T08:43:43.993Z] [DEBUG] [cmd:root] Resolved gateway address: host=0.0.0.0, port=8080
[2026-10-01T08:43:43.993Z] [DEBUG] [config:config] GetAgentIDs: gateway.agentIds not set, falling back to singular effective agent ID
[2026-10-01T08:43:43.994Z] [DEBUG] [cmd:root] Gateway config: auth_enabled=true
[2026-10-01T08:43:43.994Z] [DEBUG] [cmd:root] Gateway auth=[REDACTED]
[2026-10-01T08:43:43.994Z] [DEBUG] [cmd:root] Writing server config: name=safeoutputs, url=http://127.0.0.1:8080/mcp/safeoutputs, toolCount=0
[2026-10-01T08:43:43.995Z] [DEBUG] [cmd:root] Wrote server config entry: name=safeoutputs, url=http://127.0.0.1:8080/mcp/safeoutputs, toolCount=0
[2026-10-01T08:43:43.995Z] [DEBUG] [cmd:root] Gateway config written successfully: serverCount=1
[2026-10-01T08:43:43.995Z] [DEBUG] [cmd:root] Starting HTTP server: addr=0.0.0.0:8080, shutdownTimeout=5s
[2026-10-01T08:43:44.222Z] [DEBUG] [server:response_writer] Creating new response writer
[2026-10-01T08:43:44.222Z] [DEBUG] [server:health] Health check request: method=GET, remote=172.17.0.1:40410
[2026-10-01T08:43:44.223Z] [DEBUG] [server:health] Building health response
[2026-10-01T08:43:44.223Z] [DEBUG] [launcher:launcher] Retrieved server IDs: count=1, ids=[safeoutputs]
[2026-10-01T08:43:44.223Z] [DEBUG] [server:unified] GetServerStatus: querying status for 1 servers
[2026-10-01T08:43:44.224Z] [DEBUG] [launcher:launcher] GetServerState: serverID=safeoutputs
[2026-10-01T08:43:44.224Z] [DEBUG] [launcher:launcher] Server state: serverID=safeoutputs, status=running, startedAt=2026-10-01 08:43:43.934027795 +0000 UTC m=+4.370258344
[2026-10-01T08:43:44.225Z] [DEBUG] [server:unified] GetServerStatus: serverID=safeoutputs, status=running, uptime=0s
[2026-10-01T08:43:44.225Z] [DEBUG] [server:health] Retrieved status for 1 servers
[2026-10-01T08:43:44.226Z] [DEBUG] [server:health] Overall health status determined: healthy
[2026-10-01T08:43:44.226Z] [DEBUG] [server:health] Health response: status=healthy, servers=1
[2026-10-01T08:43:44.226Z] [DEBUG] [httputil:httputil] Writing JSON response: statusCode=200
[2026-10-01T08:43:44.227Z] [DEBUG] [server:response_writer] Setting response status code: 200
[2026-10-01T08:43:44.227Z] [DEBUG] [httputil:httputil] BaseResponseWriter.WriteHeader: capturing status code=200
[2026-10-01T08:43:44.228Z] [DEBUG] [httputil:httputil] JSON response body size: 128 bytes
[2026-10-01T08:43:44.228Z] [DEBUG] [server:response_writer] Writing response body: 128 bytes
[2026-10-01T08:43:44.228Z] [DEBUG] [server:response_writer] Retrieving captured body: 128 bytes
[2026-10-01T08:43:44.229Z] [DEBUG] [server:response_writer] Retrieving captured body: 128 bytes
[2026-10-01T08:43:44.229Z] [DEBUG] [server:helpers] [172.17.0.1:40410] GET /health - Status: 200, Response: {"status":"healthy","specVersion":"1.17.0","gatewayVersion":"v0.4.25","servers":{"safeoutputs":{"status":"running","uptime":0}}}
[2026-10-01T08:43:44.272Z] [DEBUG] [tracing:http] Handling request: span=gateway.request, method=POST, path=/mcp/safeoutputs, remoteParent=false
[2026-10-01T08:43:44.273Z] [DEBUG] [tracing:http] Span started: span=gateway.request, traceID=[REDACTED]
[2026-10-01T08:43:44.273Z] [DEBUG] [server:auth] Authenticating request: method=POST, path=/mcp/safeoutputs, remote=172.17.0.1:40412
[2026-10-01T08:43:44.273Z] [INFO] [auth] Authentication successful, remote=172.17.0.1:40412, path=/mcp/safeoutputs
[2026-10-01T08:43:44.274Z] [DEBUG] [auth:header] Extracting session ID from auth header: sanitized=SV5i...
[2026-10-01T08:43:44.274Z] [DEBUG] [auth:header] Using plain agent ID as session ID
[2026-10-01T08:43:44.274Z] [DEBUG] [config:agent_policy] AgentPolicyFor: no policy configured for agentID=agent:ee7184546354
[2026-10-01T08:43:44.275Z] [DEBUG] [server:sdk-frontend] >>> SDK Request [routed:safeoutputs] session=agent:ee7184546354 mcp-session=(none) method=POST path=/mcp/safeoutputs
[2026-10-01T08:43:44.275Z] [DEBUG] [server:helpers] readAndRestoreRequestBody: read and restored 40 bytes
[2026-10-01T08:43:44.275Z] [DEBUG] [server:sdk-frontend]     JSON-RPC Request: method=ping id=1
[2026-10-01T08:43:44.276Z] [DEBUG] [sdk-frontend] JSON-RPC request parsed: mode=routed:safeoutputs, method=ping, id=1, session=agent:ee7184546354
[2026-10-01T08:43:44.276Z] [DEBUG] [server:response_writer] Creating new response writer
[2026-10-01T08:43:44.276Z] [DEBUG] [server:helpers] readAndRestoreRequestBody: read and restored 40 bytes
[2026-10-01T08:43:44.277Z] [DEBUG] [server:session] Extracting session from request: remote=172.17.0.1:40412, path=/mcp/safeoutputs
[2026-10-01T08:43:44.277Z] [DEBUG] [auth:header] Extracting session ID from auth header: sanitized=SV5i...
[2026-10-01T08:43:44.277Z] [DEBUG] [auth:header] Using plain agent ID as session ID
[2026-10-01T08:43:44.278Z] [DEBUG] [server:session] Session extracted successfully: sessionID=agent:ee7184546354, remote=172.17.0.1:40412
[2026-10-01T08:43:44.278Z] [INFO] [client] New MCP client connection, remote=172.17.0.1:40412, method=POST, path=/mcp/safeoutputs, backend=safeoutputs, session=agent:ee7184546354
[2026-10-01T08:43:44.278Z] [DEBUG] [config:agent_policy] AgentPolicyFor: no policy configured for agentID=agent:ee7184546354
[2026-10-01T08:43:44.279Z] [DEBUG] [server:helpers] Checking request body: method=POST, hasBody=true, sessionID=agent:ee7184546354
[2026-10-01T08:43:44.279Z] [DEBUG] [server:helpers] readAndRestoreRequestBody: read and restored 40 bytes
[2026-10-01T08:43:44.279Z] [DEBUG] [server:helpers] Request body read: size=40 bytes, sessionID=agent:ee7184546354, backendID=safeoutputs
[2026-10-01T08:43:44.280Z] [DEBUG] [client] MCP client request body, backend=safeoutputs, body={"jsonrpc":"2.0","id":1,"method":"ping"}
[2026-10-01T08:43:44.280Z] [DEBUG] [server:helpers] Request body logged for debugging
[2026-10-01T08:43:44.280Z] [DEBUG] [server:session] Injecting session context: sessionID=agent:ee7184546354, backendID=safeoutputs, enclave=false
[2026-10-01T08:43:44.281Z] [DEBUG] [guard:context] Setting agent ID in context: agent:ee7184546354
[2026-10-01T08:43:44.281Z] [DEBUG] [server:session] Adding backend ID to context: backendID=safeoutputs
[2026-10-01T08:43:44.281Z] [DEBUG] [server:session] Session context injected successfully
[2026-10-01T08:43:44.282Z] [DEBUG] [server:routed] [CACHE] Creating new filtered server: backend=safeoutputs, session=agent:ee7184546354
[2026-10-01T08:43:44.282Z] [DEBUG] [server:routed] Creating filtered server: backend=safeoutputs
[2026-10-01T08:43:44.282Z] [DEBUG] [server:http_server] Creating SDK server: name=awmg-safeoutputs
[2026-10-01T08:43:44.283Z] [DEBUG] [server:unified] GetToolsForBackend: backendID=safeoutputs, found=5 tools
[2026-10-01T08:43:44.283Z] [DEBUG] [server:routed] Creating filtered server for safeoutputs with 5 tools
[2026-10-01T08:43:44.283Z] [DEBUG] [server:routed] Backend safeoutputs has 5 tools available
[2026-10-01T08:43:44.283Z] [DEBUG] [server:tool_registry_helpers] Registering tool without validation: create_pull_request
[2026-10-01T08:43:44.284Z] [DEBUG] [server:tool_registry_helpers] Registering tool without validation: missing_tool
[2026-10-01T08:43:44.284Z] [DEBUG] [server:tool_registry_helpers] Registering tool without validation: noop
[2026-10-01T08:43:44.285Z] [DEBUG] [server:tool_registry_helpers] Registering tool without validation: missing_data
[2026-10-01T08:43:44.285Z] [DEBUG] [server:tool_registry_helpers] Registering tool without validation: report_incomplete
[2026-10-01T08:43:44.286Z] [DEBUG] [server:session] Extracting session from request: remote=172.17.0.1:40412, path=/mcp/safeoutputs
[2026-10-01T08:43:44.286Z] [DEBUG] [auth:header] Extracting session ID from auth header: sanitized=SV5i...
[2026-10-01T08:43:44.286Z] [DEBUG] [auth:header] Using plain agent ID as session ID
[2026-10-01T08:43:44.287Z] [DEBUG] [server:session] Session extracted successfully: sessionID=agent:ee7184546354, remote=172.17.0.1:40412
[2026-10-01T08:43:44.287Z] [INFO] [client] New MCP client connection, remote=172.17.0.1:40412, method=POST, path=/mcp/safeoutputs, backend=safeoutputs, session=agent:ee7184546354
[2026-10-01T08:43:44.288Z] [DEBUG] [config:agent_policy] AgentPolicyFor: no policy configured for agentID=agent:ee7184546354
[2026-10-01T08:43:44.288Z] [DEBUG] [server:helpers] Checking request body: method=POST, hasBody=true, sessionID=agent:ee7184546354
[2026-10-01T08:43:44.288Z] [DEBUG] [server:helpers] readAndRestoreRequestBody: read and restored 40 bytes
[2026-10-01T08:43:44.289Z] [DEBUG] [server:helpers] Request body read: size=40 bytes, sessionID=agent:ee7184546354, backendID=safeoutputs
[2026-10-01T08:43:44.289Z] [DEBUG] [client] MCP client request body, backend=safeoutputs, body={"jsonrpc":"2.0","id":1,"method":"ping"}
[2026-10-01T08:43:44.289Z] [DEBUG] [server:helpers] Request body logged for debugging
[2026-10-01T08:43:44.290Z] [DEBUG] [server:session] Injecting session context: sessionID=agent:ee7184546354, backendID=safeoutputs, enclave=false
[2026-10-01T08:43:44.290Z] [DEBUG] [guard:context] Setting agent ID in context: agent:ee7184546354
[2026-10-01T08:43:44.290Z] [DEBUG] [server:session] Adding backend ID to context: backendID=safeoutputs
[2026-10-01T08:43:44.291Z] [DEBUG] [server:session] Session context injected successfully
[2026-10-01T08:43:44.291Z] [DEBUG] [server:routed] [INFO] server connecting
[2026-10-01T08:43:44.291Z] [DEBUG] [server:routed] [INFO] server session connected session_id=MYUWHSAL6HSX4L5IWIOGY6AOUA
[2026-10-01T08:43:44.292Z] [DEBUG] [server:response_writer] Writing response body: 59 bytes
[2026-10-01T08:43:44.292Z] [DEBUG] [httputil:httputil] BaseResponseWriter.Write: implicit 200 status captured (first write, len=59)
[2026-10-01T08:43:44.292Z] [DEBUG] [httputil:httputil] BaseResponseWriter.Write: implicit 200 status captured (first write, len=59)
[2026-10-01T08:43:44.293Z] [DEBUG] [server:routed] [INFO] server session disconnected session_id=MYUWHSAL6HSX4L5IWIOGY6AOUA
[2026-10-01T08:43:44.293Z] [DEBUG] [server:response_writer] Retrieving captured body: 59 bytes
[2026-10-01T08:43:44.294Z] [DEBUG] [server:sdk-frontend] <<< SDK Response [routed:safeoutputs] status=200 duration=19.434145ms (non-JSON or stream)
[2026-10-01T08:43:44.294Z] [DEBUG] [server:sdk-frontend]     Raw response (sanitized): event: message
data: {"jsonrpc":"2.0","id":1,"result":{}}


[2026-10-01T08:43:44.305Z] [DEBUG] [tracing:http] Handling request: span=gateway.request, method=POST, path=/mcp/safeoutputs, remoteParent=false
[2026-10-01T08:43:44.305Z] [DEBUG] [tracing:http] Span started: span=gateway.request, traceID=[REDACTED]
[2026-10-01T08:43:44.306Z] [DEBUG] [server:auth] Authenticating request: method=POST, path=/mcp/safeoutputs, remote=172.17.0.1:40416
[2026-10-01T08:43:44.306Z] [INFO] [auth] Authentication successful, remote=172.17.0.1:40416, path=/mcp/safeoutputs
[2026-10-01T08:43:44.306Z] [DEBUG] [auth:header] Extracting session ID from auth header: sanitized=SV5i...
[2026-10-01T08:43:44.306Z] [DEBUG] [auth:header] Using plain agent ID as session ID
[2026-10-01T08:43:44.307Z] [DEBUG] [config:agent_policy] AgentPolicyFor: no policy configured for agentID=agent:ee7184546354
[2026-10-01T08:43:44.307Z] [DEBUG] [server:sdk-frontend] >>> SDK Request [routed:safeoutputs] session=agent:ee7184546354 mcp-session=(none) method=POST path=/mcp/safeoutputs
[2026-10-01T08:43:44.307Z] [DEBUG] [server:helpers] readAndRestoreRequestBody: read and restored 166 bytes
[2026-10-01T08:43:44.308Z] [DEBUG] [server:sdk-frontend]     JSON-RPC Request: method=initialize id=2
[2026-10-01T08:43:44.308Z] [DEBUG] [sdk-frontend] JSON-RPC request parsed: mode=routed:safeoutputs, method=initialize, id=2, session=agent:ee7184546354
[2026-10-01T08:43:44.308Z] [DEBUG] [server:response_writer] Creating new response writer
[2026-10-01T08:43:44.309Z] [DEBUG] [server:helpers] readAndRestoreRequestBody: read and restored 166 bytes
[2026-10-01T08:43:44.309Z] [DEBUG] [server:session] Extracting session from request: remote=172.17.0.1:40416, path=/mcp/safeoutputs
[2026-10-01T08:43:44.309Z] [DEBUG] [auth:header] Extracting session ID from auth header: sanitized=SV5i...
[2026-10-01T08:43:44.310Z] [DEBUG] [auth:header] Using plain agent ID as session ID
[2026-10-01T08:43:44.310Z] [DEBUG] [server:session] Session extracted successfully: sessionID=agent:ee7184546354, remote=172.17.0.1:40416
[2026-10-01T08:43:44.310Z] [INFO] [client] New MCP client connection, remote=172.17.0.1:40416, method=POST, path=/mcp/safeoutputs, backend=safeoutputs, session=agent:ee7184546354
[2026-10-01T08:43:44.311Z] [DEBUG] [config:agent_policy] AgentPolicyFor: no policy configured for agentID=agent:ee7184546354
[2026-10-01T08:43:44.311Z] [DEBUG] [server:helpers] Checking request body: method=POST, hasBody=true, sessionID=agent:ee7184546354
[2026-10-01T08:43:44.311Z] [DEBUG] [server:helpers] readAndRestoreRequestBody: read and restored 166 bytes
[2026-10-01T08:43:44.312Z] [DEBUG] [server:helpers] Request body read: size=166 bytes, sessionID=agent:ee7184546354, backendID=safeoutputs
[2026-10-01T08:43:44.312Z] [DEBUG] [client] MCP client request body, backend=safeoutputs, body={"jsonrpc":"2.0","id":2,"method":"initialize","params":{"capabilities":{},"clientInfo":{"name":"check-mcp-servers","version":"1.0.0"},"protocolVersion":"2024-11-05"}}
[2026-10-01T08:43:44.312Z] [DEBUG] [server:helpers] Request body logged for debugging
[2026-10-01T08:43:44.312Z] [DEBUG] [server:session] Injecting session context: sessionID=agent:ee7184546354, backendID=safeoutputs, enclave=false
[2026-10-01T08:43:44.313Z] [DEBUG] [guard:context] Setting agent ID in context: agent:ee7184546354
[2026-10-01T08:43:44.314Z] [DEBUG] [server:session] Adding backend ID to context: backendID=safeoutputs
[2026-10-01T08:43:44.314Z] [DEBUG] [server:session] Session context injected successfully
[2026-10-01T08:43:44.314Z] [DEBUG] [server:session] Extracting session from request: remote=172.17.0.1:40416, path=/mcp/safeoutputs
[2026-10-01T08:43:44.314Z] [DEBUG] [auth:header] Extracting session ID from auth header: sanitized=SV5i...
[2026-10-01T08:43:44.315Z] [DEBUG] [auth:header] Using plain agent ID as session ID
[2026-10-01T08:43:44.315Z] [DEBUG] [server:session] Session extracted successfully: sessionID=agent:ee7184546354, remote=172.17.0.1:40416
[2026-10-01T08:43:44.315Z] [INFO] [client] New MCP client connection, remote=172.17.0.1:40416, method=POST, path=/mcp/safeoutputs, backend=safeoutputs, session=agent:ee7184546354
[2026-10-01T08:43:44.316Z] [DEBUG] [config:agent_policy] AgentPolicyFor: no policy configured for agentID=agent:ee7184546354
[2026-10-01T08:43:44.316Z] [DEBUG] [server:helpers] Checking request body: method=POST, hasBody=true, sessionID=agent:ee7184546354
[2026-10-01T08:43:44.316Z] [DEBUG] [server:helpers] readAndRestoreRequestBody: read and restored 166 bytes
[2026-10-01T08:43:44.317Z] [DEBUG] [server:helpers] Request body read: size=166 bytes, sessionID=agent:ee7184546354, backendID=safeoutputs
[2026-10-01T08:43:44.317Z] [DEBUG] [client] MCP client request body, backend=safeoutputs, body={"jsonrpc":"2.0","id":2,"method":"initialize","params":{"capabilities":{},"clientInfo":{"name":"check-mcp-servers","version":"1.0.0"},"protocolVersion":"2024-11-05"}}
[2026-10-01T08:43:44.317Z] [DEBUG] [server:helpers] Request body logged for debugging
[2026-10-01T08:43:44.318Z] [DEBUG] [server:session] Injecting session context: sessionID=agent:ee7184546354, backendID=safeoutputs, enclave=false
[2026-10-01T08:43:44.318Z] [DEBUG] [guard:context] Setting agent ID in context: agent:ee7184546354
[2026-10-01T08:43:44.319Z] [DEBUG] [server:session] Adding backend ID to context: backendID=safeoutputs
[2026-10-01T08:43:44.319Z] [DEBUG] [server:session] Session context injected successfully
[2026-10-01T08:43:44.319Z] [DEBUG] [server:routed] [INFO] server connecting
[2026-10-01T08:43:44.319Z] [DEBUG] [server:routed] [INFO] server session connected session_id=KISP2I3ZXOMTZWMILAQI3FXGPV
[2026-10-01T08:43:44.321Z] [DEBUG] [server:response_writer] Writing response body: 209 bytes
[2026-10-01T08:43:44.321Z] [DEBUG] [httputil:httputil] BaseResponseWriter.Write: implicit 200 status captured (first write, len=209)
[2026-10-01T08:43:44.322Z] [DEBUG] [httputil:httputil] BaseResponseWriter.Write: implicit 200 status captured (first write, len=209)
[2026-10-01T08:43:44.322Z] [DEBUG] [server:response_writer] Retrieving captured body: 209 bytes
[2026-10-01T08:43:44.322Z] [DEBUG] [server:sdk-frontend] <<< SDK Response [routed:safeoutputs] status=200 duration=15.857905ms (non-JSON or stream)
[2026-10-01T08:43:44.323Z] [DEBUG] [server:sdk-frontend]     Raw response (sanitized): event: message
data: {"jsonrpc":"2.0","id":2,"result":{"capabilities":{"logging":{},"tools":{"listChanged":true}},"protocolVersion":"2024-11-05","serverInfo":{"name":"awmg-safeoutputs","version":"v0.4.25"}}}


[2026-10-01T08:43:44.336Z] [DEBUG] [tracing:http] Handling request: span=gateway.request, method=POST, path=/mcp/safeoutputs, remoteParent=false
[2026-10-01T08:43:44.337Z] [DEBUG] [tracing:http] Span started: span=gateway.request, traceID=[REDACTED]
[2026-10-01T08:43:44.337Z] [DEBUG] [server:auth] Authenticating request: method=POST, path=/mcp/safeoutputs, remote=172.17.0.1:40424
[2026-10-01T08:43:44.337Z] [INFO] [auth] Authentication successful, remote=172.17.0.1:40424, path=/mcp/safeoutputs
[2026-10-01T08:43:44.338Z] [DEBUG] [auth:header] Extracting session ID from auth header: sanitized=SV5i...
[2026-10-01T08:43:44.338Z] [DEBUG] [auth:header] Using plain agent ID as session ID
[2026-10-01T08:43:44.338Z] [DEBUG] [config:agent_policy] AgentPolicyFor: no policy configured for agentID=agent:ee7184546354
[2026-10-01T08:43:44.339Z] [DEBUG] [server:sdk-frontend] >>> SDK Request [routed:safeoutputs] session=agent:ee7184546354 mcp-session=agent:dc140d04e7b3 method=POST path=/mcp/safeoutputs
[2026-10-01T08:43:44.339Z] [DEBUG] [server:helpers] readAndRestoreRequestBody: read and restored 46 bytes
[2026-10-01T08:43:44.339Z] [DEBUG] [server:sdk-frontend]     JSON-RPC Request: method=tools/list id=3
[2026-10-01T08:43:44.340Z] [DEBUG] [sdk-frontend] JSON-RPC request parsed: mode=routed:safeoutputs, method=tools/list, id=3, session=agent:ee7184546354
[2026-10-01T08:43:44.340Z] [DEBUG] [server:response_writer] Creating new response writer
[2026-10-01T08:43:44.340Z] [DEBUG] [server:session] Extracting session from request: remote=172.17.0.1:40424, path=/mcp/safeoutputs
[2026-10-01T08:43:44.341Z] [DEBUG] [auth:header] Extracting session ID from auth header: sanitized=SV5i...
[2026-10-01T08:43:44.341Z] [DEBUG] [auth:header] Using plain agent ID as session ID
[2026-10-01T08:43:44.341Z] [DEBUG] [server:session] Session extracted successfully: sessionID=agent:ee7184546354, remote=172.17.0.1:40424
[2026-10-01T08:43:44.342Z] [INFO] [client] New MCP client connection, remote=172.17.0.1:40424, method=POST, path=/mcp/safeoutputs, backend=safeoutputs, session=agent:ee7184546354
[2026-10-01T08:43:44.342Z] [DEBUG] [config:agent_policy] AgentPolicyFor: no policy configured for agentID=agent:ee7184546354
[2026-10-01T08:43:44.342Z] [DEBUG] [server:helpers] Checking request body: method=POST, hasBody=true, sessionID=agent:ee7184546354
[2026-10-01T08:43:44.343Z] [DEBUG] [server:helpers] readAndRestoreRequestBody: read and restored 46 bytes
[2026-10-01T08:43:44.343Z] [DEBUG] [server:helpers] Request body read: size=46 bytes, sessionID=agent:ee7184546354, backendID=safeoutputs
[2026-10-01T08:43:44.343Z] [DEBUG] [client] MCP client request body, backend=safeoutputs, body={"jsonrpc":"2.0","id":3,"method":"tools/list"}
[2026-10-01T08:43:44.344Z] [DEBUG] [server:helpers] Request body logged for debugging
[2026-10-01T08:43:44.344Z] [DEBUG] [server:session] Injecting session context: sessionID=agent:ee7184546354, backendID=safeoutputs, enclave=false
[2026-10-01T08:43:44.344Z] [DEBUG] [guard:context] Setting agent ID in context: agent:ee7184546354
[2026-10-01T08:43:44.345Z] [DEBUG] [server:session] Adding backend ID to context: backendID=safeoutputs
[2026-10-01T08:43:44.345Z] [DEBUG] [server:session] Session context injected successfully
[2026-10-01T08:43:44.346Z] [DEBUG] [server:response_writer] Writing response body: 9420 bytes
[2026-10-01T08:43:44.346Z] [DEBUG] [httputil:httputil] BaseResponseWriter.Write: implicit 200 status captured (first write, len=9420)
[2026-10-01T08:43:44.347Z] [DEBUG] [httputil:httputil] BaseResponseWriter.Write: implicit 200 status captured (first write, len=9420)
[2026-10-01T08:43:44.347Z] [DEBUG] [server:response_writer] Retrieving captured body: 9420 bytes
[2026-10-01T08:43:44.347Z] [DEBUG] [server:sdk-frontend] <<< SDK Response [routed:safeoutputs] status=200 duration=9.36043ms (non-JSON or stream)
[2026-10-01T08:43:44.351Z] [DEBUG] [server:sdk-frontend]     Raw response (sanitized, truncated): event: message
data: {"jsonrpc":"2.0","id":3,"result":{"ttlMs":0,"cacheScope":"public","tools":[{"description":"[safeoutputs] Create a new GitHub pull request to propose code changes. Use this after making file edits to submit them for review and merging. The PR will be created from the current branch with your committed changes. This is a write-once declaration for a real intended PR, not a sandbox or probe: do not call it with placeholder content, test titles/bodies, or auth experiments. If yo...
[2026-10-01T08:43:44.489Z] [DEBUG] [tracing:http] Handling request: span=gateway.request, method=POST, path=/mcp/safeoutputs, remoteParent=false
[2026-10-01T08:43:44.490Z] [DEBUG] [tracing:http] Span started: span=gateway.request, traceID=[REDACTED]
[2026-10-01T08:43:44.491Z] [DEBUG] [server:auth] Authenticating request: method=POST, path=/mcp/safeoutputs, remote=172.17.0.1:40440
[2026-10-01T08:43:44.491Z] [INFO] [auth] Authentication successful, remote=172.17.0.1:40440, path=/mcp/safeoutputs
[2026-10-01T08:43:44.491Z] [DEBUG] [auth:header] Extracting session ID from auth header: sanitized=SV5i...
[2026-10-01T08:43:44.492Z] [DEBUG] [auth:header] Using plain agent ID as session ID
[2026-10-01T08:43:44.492Z] [DEBUG] [config:agent_policy] AgentPolicyFor: no policy configured for agentID=agent:ee7184546354
[2026-10-01T08:43:44.493Z] [DEBUG] [server:sdk-frontend] >>> SDK Request [routed:safeoutputs] session=agent:ee7184546354 mcp-session=(none) method=POST path=/mcp/safeoutputs
[2026-10-01T08:43:44.493Z] [DEBUG] [server:helpers] readAndRestoreRequestBody: read and restored 162 bytes
[2026-10-01T08:43:44.493Z] [DEBUG] [server:sdk-frontend]     JSON-RPC Request: method=initialize id=1
[2026-10-01T08:43:44.494Z] [DEBUG] [sdk-frontend] JSON-RPC request parsed: mode=routed:safeoutputs, method=initialize, id=1, session=agent:ee7184546354
[2026-10-01T08:43:44.494Z] [DEBUG] [server:response_writer] Creating new response writer
[2026-10-01T08:43:44.494Z] [DEBUG] [server:helpers] readAndRestoreRequestBody: read and restored 162 bytes
[2026-10-01T08:43:44.495Z] [DEBUG] [server:session] Extracting session from request: remote=172.17.0.1:40440, path=/mcp/safeoutputs
[2026-10-01T08:43:44.495Z] [DEBUG] [auth:header] Extracting session ID from auth header: sanitized=SV5i...
[2026-10-01T08:43:44.495Z] [DEBUG] [auth:header] Using plain agent ID as session ID
[2026-10-01T08:43:44.496Z] [DEBUG] [server:session] Session extracted successfully: sessionID=agent:ee7184546354, remote=172.17.0.1:40440
[2026-10-01T08:43:44.496Z] [INFO] [client] New MCP client connection, remote=172.17.0.1:40440, method=POST, path=/mcp/safeoutputs, backend=safeoutputs, session=agent:ee7184546354
[2026-10-01T08:43:44.496Z] [DEBUG] [config:agent_policy] AgentPolicyFor: no policy configured for agentID=agent:ee7184546354
[2026-10-01T08:43:44.496Z] [DEBUG] [server:helpers] Checking request body: method=POST, hasBody=true, sessionID=agent:ee7184546354
[2026-10-01T08:43:44.497Z] [DEBUG] [server:helpers] readAndRestoreRequestBody: read and restored 162 bytes
[2026-10-01T08:43:44.497Z] [DEBUG] [server:helpers] Request body read: size=162 bytes, sessionID=agent:ee7184546354, backendID=safeoutputs
[2026-10-01T08:43:44.498Z] [DEBUG] [client] MCP client request body, backend=safeoutputs, body={"jsonrpc":"2.0","id":1,"method":"initialize","params":{"capabilities":{},"clientInfo":{"name":"mcp-cli-mount","version":"1.0.0"},"protocolVersion":"2024-11-05"}}
[2026-10-01T08:43:44.498Z] [DEBUG] [server:helpers] Request body logged for debugging
[2026-10-01T08:43:44.499Z] [DEBUG] [server:session] Injecting session context: sessionID=agent:ee7184546354, backendID=safeoutputs, enclave=false
[2026-10-01T08:43:44.499Z] [DEBUG] [guard:context] Setting agent ID in context: agent:ee7184546354
[2026-10-01T08:43:44.499Z] [DEBUG] [server:session] Adding backend ID to context: backendID=safeoutputs
[2026-10-01T08:43:44.500Z] [DEBUG] [server:session] Session context injected successfully
[2026-10-01T08:43:44.500Z] [DEBUG] [server:session] Extracting session from request: remote=172.17.0.1:40440, path=/mcp/safeoutputs
[2026-10-01T08:43:44.500Z] [DEBUG] [auth:header] Extracting session ID from auth header: sanitized=SV5i...
[2026-10-01T08:43:44.501Z] [DEBUG] [auth:header] Using plain agent ID as session ID
[2026-10-01T08:43:44.501Z] [DEBUG] [server:session] Session extracted successfully: sessionID=agent:ee7184546354, remote=172.17.0.1:40440
[2026-10-01T08:43:44.501Z] [INFO] [client] New MCP client connection, remote=172.17.0.1:40440, method=POST, path=/mcp/safeoutputs, backend=safeoutputs, session=agent:ee7184546354
[2026-10-01T08:43:44.502Z] [DEBUG] [config:agent_policy] AgentPolicyFor: no policy configured for agentID=agent:ee7184546354
[2026-10-01T08:43:44.502Z] [DEBUG] [server:helpers] Checking request body: method=POST, hasBody=true, sessionID=agent:ee7184546354
[2026-10-01T08:43:44.502Z] [DEBUG] [server:helpers] readAndRestoreRequestBody: read and restored 162 bytes
[2026-10-01T08:43:44.503Z] [DEBUG] [server:helpers] Request body read: size=162 bytes, sessionID=agent:ee7184546354, backendID=safeoutputs
[2026-10-01T08:43:44.503Z] [DEBUG] [client] MCP client request body, backend=safeoutputs, body={"jsonrpc":"2.0","id":1,"method":"initialize","params":{"capabilities":{},"clientInfo":{"name":"mcp-cli-mount","version":"1.0.0"},"protocolVersion":"2024-11-05"}}
[2026-10-01T08:43:44.504Z] [DEBUG] [server:helpers] Request body logged for debugging
[2026-10-01T08:43:44.504Z] [DEBUG] [server:session] Injecting session context: sessionID=agent:ee7184546354, backendID=safeoutputs, enclave=false
[2026-10-01T08:43:44.504Z] [DEBUG] [guard:context] Setting agent ID in context: agent:ee7184546354
[2026-10-01T08:43:44.505Z] [DEBUG] [server:session] Adding backend ID to context: backendID=safeoutputs
[2026-10-01T08:43:44.505Z] [DEBUG] [server:session] Session context injected successfully
[2026-10-01T08:43:44.505Z] [DEBUG] [server:routed] [INFO] server connecting
[2026-10-01T08:43:44.506Z] [DEBUG] [server:routed] [INFO] server session connected session_id=ME34UMBGGAY2KQKTRYF2N4CRMG
[2026-10-01T08:43:44.506Z] [DEBUG] [server:response_writer] Writing response body: 209 bytes
[2026-10-01T08:43:44.506Z] [DEBUG] [httputil:httputil] BaseResponseWriter.Write: implicit 200 status captured (first write, len=209)
[2026-10-01T08:43:44.507Z] [DEBUG] [httputil:httputil] BaseResponseWriter.Write: implicit 200 status captured (first write, len=209)
[2026-10-01T08:43:44.507Z] [DEBUG] [server:response_writer] Retrieving captured body: 209 bytes
[2026-10-01T08:43:44.508Z] [DEBUG] [server:sdk-frontend] <<< SDK Response [routed:safeoutputs] status=200 duration=15.996004ms (non-JSON or stream)
[2026-10-01T08:43:44.508Z] [DEBUG] [server:sdk-frontend]     Raw response (sanitized): event: message
data: {"jsonrpc":"2.0","id":1,"result":{"capabilities":{"logging":{},"tools":{"listChanged":true}},"protocolVersion":"2024-11-05","serverInfo":{"name":"awmg-safeoutputs","version":"v0.4.25"}}}


[2026-10-01T08:43:44.512Z] [DEBUG] [tracing:http] Handling request: span=gateway.request, method=POST, path=/mcp/safeoutputs, remoteParent=false
[2026-10-01T08:43:44.512Z] [DEBUG] [tracing:http] Span started: span=gateway.request, traceID=[REDACTED]
[2026-10-01T08:43:44.513Z] [DEBUG] [server:auth] Authenticating request: method=POST, path=/mcp/safeoutputs, remote=172.17.0.1:40440
[2026-10-01T08:43:44.513Z] [INFO] [auth] Authentication successful, remote=172.17.0.1:40440, path=/mcp/safeoutputs
[2026-10-01T08:43:44.513Z] [DEBUG] [auth:header] Extracting session ID from auth header: sanitized=SV5i...
[2026-10-01T08:43:44.514Z] [DEBUG] [auth:header] Using plain agent ID as session ID
[2026-10-01T08:43:44.514Z] [DEBUG] [config:agent_policy] AgentPolicyFor: no policy configured for agentID=agent:ee7184546354
[2026-10-01T08:43:44.514Z] [DEBUG] [server:sdk-frontend] >>> SDK Request [routed:safeoutputs] session=agent:ee7184546354 mcp-session=agent:b94942dfd54d method=POST path=/mcp/safeoutputs
[2026-10-01T08:43:44.515Z] [DEBUG] [server:helpers] readAndRestoreRequestBody: read and restored 66 bytes
[2026-10-01T08:43:44.515Z] [DEBUG] [server:sdk-frontend]     JSON-RPC Request: method=notifications/initialized id=<nil>
[2026-10-01T08:43:44.515Z] [DEBUG] [sdk-frontend] JSON-RPC request parsed: mode=routed:safeoutputs, method=notifications/initialized, id=<nil>, session=agent:ee7184546354
[2026-10-01T08:43:44.515Z] [DEBUG] [server:response_writer] Creating new response writer
[2026-10-01T08:43:44.516Z] [DEBUG] [server:session] Extracting session from request: remote=172.17.0.1:40440, path=/mcp/safeoutputs
[2026-10-01T08:43:44.516Z] [DEBUG] [auth:header] Extracting session ID from auth header: sanitized=SV5i...
[2026-10-01T08:43:44.516Z] [DEBUG] [auth:header] Using plain agent ID as session ID
[2026-10-01T08:43:44.517Z] [DEBUG] [server:session] Session extracted successfully: sessionID=agent:ee7184546354, remote=172.17.0.1:40440
[2026-10-01T08:43:44.517Z] [INFO] [client] New MCP client connection, remote=172.17.0.1:40440, method=POST, path=/mcp/safeoutputs, backend=safeoutputs, session=agent:ee7184546354
[2026-10-01T08:43:44.517Z] [DEBUG] [config:agent_policy] AgentPolicyFor: no policy configured for agentID=agent:ee7184546354
[2026-10-01T08:43:44.518Z] [DEBUG] [server:helpers] Checking request body: method=POST, hasBody=true, sessionID=agent:ee7184546354
[2026-10-01T08:43:44.518Z] [DEBUG] [server:helpers] readAndRestoreRequestBody: read and restored 66 bytes
[2026-10-01T08:43:44.519Z] [DEBUG] [server:helpers] Request body read: size=66 bytes, sessionID=agent:ee7184546354, backendID=safeoutputs
[2026-10-01T08:43:44.519Z] [DEBUG] [client] MCP client request body, backend=safeoutputs, body={"jsonrpc":"2.0","method":"notifications/initialized","params":{}}
[2026-10-01T08:43:44.519Z] [DEBUG] [server:helpers] Request body logged for debugging
[2026-10-01T08:43:44.520Z] [DEBUG] [server:session] Injecting session context: sessionID=agent:ee7184546354, backendID=safeoutputs, enclave=false
[2026-10-01T08:43:44.520Z] [DEBUG] [guard:context] Setting agent ID in context: agent:ee7184546354
[2026-10-01T08:43:44.520Z] [DEBUG] [server:session] Adding backend ID to context: backendID=safeoutputs
[2026-10-01T08:43:44.521Z] [DEBUG] [server:session] Session context injected successfully
[2026-10-01T08:43:44.521Z] [DEBUG] [server:response_writer] Setting response status code: 202
[2026-10-01T08:43:44.522Z] [DEBUG] [server:routed] [INFO] session initialized
[2026-10-01T08:43:44.522Z] [DEBUG] [httputil:httputil] BaseResponseWriter.WriteHeader: capturing status code=202
[2026-10-01T08:43:44.522Z] [DEBUG] [httputil:httputil] BaseResponseWriter.WriteHeader: capturing status code=202
[2026-10-01T08:43:44.523Z] [DEBUG] [server:response_writer] Retrieving captured body: 0 bytes
[2026-10-01T08:43:44.523Z] [DEBUG] [server:sdk-frontend] <<< SDK Response [routed:safeoutputs] status=202 duration=9.267366ms (empty body)
[2026-10-01T08:43:44.524Z] [DEBUG] [tracing:http] Handling request: span=gateway.request, method=POST, path=/mcp/safeoutputs, remoteParent=false
[2026-10-01T08:43:44.525Z] [DEBUG] [tracing:http] Span started: span=gateway.request, traceID=[REDACTED]
[2026-10-01T08:43:44.525Z] [DEBUG] [server:auth] Authenticating request: method=POST, path=/mcp/safeoutputs, remote=172.17.0.1:40440
[2026-10-01T08:43:44.526Z] [INFO] [auth] Authentication successful, remote=172.17.0.1:40440, path=/mcp/safeoutputs
[2026-10-01T08:43:44.526Z] [DEBUG] [auth:header] Extracting session ID from auth header: sanitized=SV5i...
[2026-10-01T08:43:44.526Z] [DEBUG] [auth:header] Using plain agent ID as session ID
[2026-10-01T08:43:44.527Z] [DEBUG] [config:agent_policy] AgentPolicyFor: no policy configured for agentID=agent:ee7184546354
[2026-10-01T08:43:44.527Z] [DEBUG] [server:sdk-frontend] >>> SDK Request [routed:safeoutputs] session=agent:ee7184546354 mcp-session=agent:b94942dfd54d method=POST path=/mcp/safeoutputs
[2026-10-01T08:43:44.527Z] [DEBUG] [server:helpers] readAndRestoreRequestBody: read and restored 46 bytes
[2026-10-01T08:43:44.528Z] [DEBUG] [server:sdk-frontend]     JSON-RPC Request: method=tools/list id=2
[2026-10-01T08:43:44.528Z] [DEBUG] [sdk-frontend] JSON-RPC request parsed: mode=routed:safeoutputs, method=tools/list, id=2, session=agent:ee7184546354
[2026-10-01T08:43:44.528Z] [DEBUG] [server:response_writer] Creating new response writer
[2026-10-01T08:43:44.529Z] [DEBUG] [server:session] Extracting session from request: remote=172.17.0.1:40440, path=/mcp/safeoutputs
[2026-10-01T08:43:44.529Z] [DEBUG] [auth:header] Extracting session ID from auth header: sanitized=SV5i...
[2026-10-01T08:43:44.529Z] [DEBUG] [auth:header] Using plain agent ID as session ID
[2026-10-01T08:43:44.530Z] [DEBUG] [server:session] Session extracted successfully: sessionID=agent:ee7184546354, remote=172.17.0.1:40440
[2026-10-01T08:43:44.530Z] [INFO] [client] New MCP client connection, remote=172.17.0.1:40440, method=POST, path=/mcp/safeoutputs, backend=safeoutputs, session=agent:ee7184546354
[2026-10-01T08:43:44.530Z] [DEBUG] [config:agent_policy] AgentPolicyFor: no policy configured for agentID=agent:ee7184546354
[2026-10-01T08:43:44.531Z] [DEBUG] [server:helpers] Checking request body: method=POST, hasBody=true, sessionID=agent:ee7184546354
[2026-10-01T08:43:44.531Z] [DEBUG] [server:helpers] readAndRestoreRequestBody: read and restored 46 bytes
[2026-10-01T08:43:44.531Z] [DEBUG] [server:helpers] Request body read: size=46 bytes, sessionID=agent:ee7184546354, backendID=safeoutputs
[2026-10-01T08:43:44.532Z] [DEBUG] [client] MCP client request body, backend=safeoutputs, body={"jsonrpc":"2.0","id":2,"method":"tools/list"}
[2026-10-01T08:43:44.532Z] [DEBUG] [server:helpers] Request body logged for debugging
[2026-10-01T08:43:44.532Z] [DEBUG] [server:session] Injecting session context: sessionID=agent:ee7184546354, backendID=safeoutputs, enclave=false
[2026-10-01T08:43:44.533Z] [DEBUG] [guard:context] Setting agent ID in context: agent:ee7184546354
[2026-10-01T08:43:44.533Z] [DEBUG] [server:session] Adding backend ID to context: backendID=safeoutputs
[2026-10-01T08:43:44.533Z] [DEBUG] [server:session] Session context injected successfully
[2026-10-01T08:43:44.534Z] [DEBUG] [server:response_writer] Writing response body: 9420 bytes
[2026-10-01T08:43:44.534Z] [DEBUG] [httputil:httputil] BaseResponseWriter.Write: implicit 200 status captured (first write, len=9420)
[2026-10-01T08:43:44.535Z] [DEBUG] [httputil:httputil] BaseResponseWriter.Write: implicit 200 status captured (first write, len=9420)
[2026-10-01T08:43:44.535Z] [DEBUG] [server:response_writer] Retrieving captured body: 9420 bytes
[2026-10-01T08:43:44.536Z] [DEBUG] [server:sdk-frontend] <<< SDK Response [routed:safeoutputs] status=200 duration=9.289274ms (non-JSON or stream)
[2026-10-01T08:43:44.543Z] [DEBUG] [server:sdk-frontend]     Raw response (sanitized, truncated): event: message
data: {"jsonrpc":"2.0","id":2,"result":{"ttlMs":0,"cacheScope":"public","tools":[{"description":"[safeoutputs] Create a new GitHub pull request to propose code changes. Use this after making file edits to submit them for review and merging. The PR will be created from the current branch with your committed changes. This is a write-once declaration for a real intended PR, not a sandbox or probe: do not call it with placeholder content, test titles/bodies, or auth experiments. If yo...
[2026-10-01T08:44:13.981Z] [DEBUG] [launcher:launcher] Retrieved server IDs: count=1, ids=[safeoutputs]
[2026-10-01T08:44:13.981Z] [DEBUG] [launcher:health] Running health check: checking 1 servers
[2026-10-01T08:44:13.982Z] [DEBUG] [launcher:launcher] GetServerState: serverID=safeoutputs
[2026-10-01T08:44:13.982Z] [DEBUG] [launcher:launcher] Server state: serverID=safeoutputs, status=running, startedAt=2026-10-01 08:43:43.934027795 +0000 UTC m=+4.370258344
[2026-10-01T08:44:44.008Z] [DEBUG] [launcher:launcher] Retrieved server IDs: count=1, ids=[safeoutputs]
[2026-10-01T08:44:44.011Z] [DEBUG] [launcher:health] Running health check: checking 1 servers
[2026-10-01T08:44:44.012Z] [DEBUG] [launcher:launcher] GetServerState: serverID=safeoutputs
[2026-10-01T08:44:44.012Z] [DEBUG] [launcher:launcher] Server state: serverID=safeoutputs, status=running, startedAt=2026-10-01 08:43:43.934027795 +0000 UTC m=+4.370258344
[2026-10-01T08:45:13.981Z] [DEBUG] [launcher:launcher] Retrieved server IDs: count=1, ids=[safeoutputs]
[2026-10-01T08:45:13.982Z] [DEBUG] [launcher:health] Running health check: checking 1 servers
[2026-10-01T08:45:13.983Z] [DEBUG] [launcher:launcher] GetServerState: serverID=safeoutputs
[2026-10-01T08:45:13.983Z] [DEBUG] [launcher:launcher] Server state: serverID=safeoutputs, status=running, startedAt=2026-10-01 08:43:43.934027795 +0000 UTC m=+4.370258344
[2026-10-01T08:45:44.010Z] [DEBUG] [launcher:launcher] Retrieved server IDs: count=1, ids=[safeoutputs]
[2026-10-01T08:45:44.011Z] [DEBUG] [launcher:health] Running health check: checking 1 servers
[2026-10-01T08:45:44.012Z] [DEBUG] [launcher:launcher] GetServerState: serverID=safeoutputs
[2026-10-01T08:45:44.012Z] [DEBUG] [launcher:launcher] Server state: serverID=safeoutputs, status=running, startedAt=2026-10-01 08:43:43.934027795 +0000 UTC m=+4.370258344
[2026-10-01T08:46:13.981Z] [DEBUG] [launcher:launcher] Retrieved server IDs: count=1, ids=[safeoutputs]
[2026-10-01T08:46:13.983Z] [DEBUG] [launcher:health] Running health check: checking 1 servers
[2026-10-01T08:46:13.984Z] [DEBUG] [launcher:launcher] GetServerState: serverID=safeoutputs
[2026-10-01T08:46:13.984Z] [DEBUG] [launcher:launcher] Server state: serverID=safeoutputs, status=running, startedAt=2026-10-01 08:43:43.934027795 +0000 UTC m=+4.370258344
[2026-10-01T08:46:43.981Z] [DEBUG] [launcher:launcher] Retrieved server IDs: count=1, ids=[safeoutputs]
[2026-10-01T08:46:43.982Z] [DEBUG] [launcher:health] Running health check: checking 1 servers
[2026-10-01T08:46:43.983Z] [DEBUG] [launcher:launcher] GetServerState: serverID=safeoutputs
[2026-10-01T08:46:43.986Z] [DEBUG] [launcher:launcher] Server state: serverID=safeoutputs, status=running, startedAt=2026-10-01 08:43:43.934027795 +0000 UTC m=+4.370258344
[2026-10-01T08:47:13.981Z] [DEBUG] [launcher:launcher] Retrieved server IDs: count=1, ids=[safeoutputs]
[2026-10-01T08:47:13.981Z] [DEBUG] [launcher:health] Running health check: checking 1 servers
[2026-10-01T08:47:13.982Z] [DEBUG] [launcher:launcher] GetServerState: serverID=safeoutputs
[2026-10-01T08:47:13.982Z] [DEBUG] [launcher:launcher] Server state: serverID=safeoutputs, status=running, startedAt=2026-10-01 08:43:43.934027795 +0000 UTC m=+4.370258344
[2026-10-01T08:47:44.010Z] [DEBUG] [launcher:launcher] Retrieved server IDs: count=1, ids=[safeoutputs]
[2026-10-01T08:47:44.011Z] [DEBUG] [launcher:health] Running health check: checking 1 servers
[2026-10-01T08:47:44.011Z] [DEBUG] [launcher:launcher] GetServerState: serverID=safeoutputs
[2026-10-01T08:47:44.011Z] [DEBUG] [launcher:launcher] Server state: serverID=safeoutputs, status=running, startedAt=2026-10-01 08:43:43.934027795 +0000 UTC m=+4.370258344
[2026-10-01T08:48:13.991Z] [DEBUG] [launcher:launcher] Retrieved server IDs: count=1, ids=[safeoutputs]
[2026-10-01T08:48:13.991Z] [DEBUG] [launcher:health] Running health check: checking 1 servers
[2026-10-01T08:48:13.992Z] [DEBUG] [launcher:launcher] GetServerState: serverID=safeoutputs
[2026-10-01T08:48:13.994Z] [DEBUG] [launcher:launcher] Server state: serverID=safeoutputs, status=running, startedAt=2026-10-01 08:43:43.934027795 +0000 UTC m=+4.370258344
[2026-10-01T08:48:43.981Z] [DEBUG] [launcher:launcher] Retrieved server IDs: count=1, ids=[safeoutputs]
[2026-10-01T08:48:43.985Z] [DEBUG] [launcher:health] Running health check: checking 1 servers
[2026-10-01T08:48:43.985Z] [DEBUG] [launcher:launcher] GetServerState: serverID=safeoutputs
[2026-10-01T08:48:43.987Z] [DEBUG] [launcher:launcher] Server state: serverID=safeoutputs, status=running, startedAt=2026-10-01 08:43:43.934027795 +0000 UTC m=+4.370258344
[2026-10-01T08:49:14.010Z] [DEBUG] [launcher:launcher] Retrieved server IDs: count=1, ids=[safeoutputs]
[2026-10-01T08:49:14.011Z] [DEBUG] [launcher:health] Running health check: checking 1 servers
[2026-10-01T08:49:14.011Z] [DEBUG] [launcher:launcher] GetServerState: serverID=safeoutputs
[2026-10-01T08:49:14.011Z] [DEBUG] [launcher:launcher] Server state: serverID=safeoutputs, status=running, startedAt=2026-10-01 08:43:43.934027795 +0000 UTC m=+4.370258344
[2026-10-01T08:49:43.981Z] [DEBUG] [launcher:launcher] Retrieved server IDs: count=1, ids=[safeoutputs]
[2026-10-01T08:49:43.981Z] [DEBUG] [launcher:health] Running health check: checking 1 servers
[2026-10-01T08:49:43.982Z] [DEBUG] [launcher:launcher] GetServerState: serverID=safeoutputs
[2026-10-01T08:49:43.982Z] [DEBUG] [launcher:launcher] Server state: serverID=safeoutputs, status=running, startedAt=2026-10-01 08:43:43.934027795 +0000 UTC m=+4.370258344
[2026-10-01T08:50:13.996Z] [DEBUG] [launcher:launcher] Retrieved server IDs: count=1, ids=[safeoutputs]
[2026-10-01T08:50:13.997Z] [DEBUG] [launcher:health] Running health check: checking 1 servers
[2026-10-01T08:50:13.998Z] [DEBUG] [launcher:launcher] GetServerState: serverID=safeoutputs
[2026-10-01T08:50:14.000Z] [DEBUG] [launcher:launcher] Server state: serverID=safeoutputs, status=running, startedAt=2026-10-01 08:43:43.934027795 +0000 UTC m=+4.370258344
[2026-10-01T08:50:43.981Z] [DEBUG] [launcher:launcher] Retrieved server IDs: count=1, ids=[safeoutputs]
[2026-10-01T08:50:43.982Z] [DEBUG] [launcher:health] Running health check: checking 1 servers
[2026-10-01T08:50:43.982Z] [DEBUG] [launcher:launcher] GetServerState: serverID=safeoutputs
[2026-10-01T08:50:43.983Z] [DEBUG] [launcher:launcher] Server state: serverID=safeoutputs, status=running, startedAt=2026-10-01 08:43:43.934027795 +0000 UTC m=+4.370258344
[2026-10-01T08:50:51.723Z] [DEBUG] [tracing:http] Handling request: span=gateway.request, method=POST, path=/mcp/safeoutputs, remoteParent=false
[2026-10-01T08:50:51.723Z] [DEBUG] [tracing:http] Span started: span=gateway.request, traceID=[REDACTED]
[2026-10-01T08:50:51.724Z] [DEBUG] [server:auth] Authenticating request: method=POST, path=/mcp/safeoutputs, remote=172.30.0.20:36166
[2026-10-01T08:50:51.724Z] [INFO] [auth] Authentication successful, remote=172.30.0.20:36166, path=/mcp/safeoutputs
[2026-10-01T08:50:51.724Z] [DEBUG] [auth:header] Extracting session ID from auth header: sanitized=SV5i...
[2026-10-01T08:50:51.724Z] [DEBUG] [auth:header] Using plain agent ID as session ID
[2026-10-01T08:50:51.725Z] [DEBUG] [config:agent_policy] AgentPolicyFor: no policy configured for agentID=agent:ee7184546354
[2026-10-01T08:50:51.725Z] [DEBUG] [server:sdk-frontend] >>> SDK Request [routed:safeoutputs] session=agent:ee7184546354 mcp-session=(none) method=POST path=/mcp/safeoutputs
[2026-10-01T08:50:51.725Z] [DEBUG] [server:helpers] readAndRestoreRequestBody: read and restored 163 bytes
[2026-10-01T08:50:51.726Z] [DEBUG] [server:sdk-frontend]     JSON-RPC Request: method=initialize id=1
[2026-10-01T08:50:51.726Z] [DEBUG] [sdk-frontend] JSON-RPC request parsed: mode=routed:safeoutputs, method=initialize, id=1, session=agent:ee7184546354
[2026-10-01T08:50:51.726Z] [DEBUG] [server:response_writer] Creating new response writer
[2026-10-01T08:50:51.727Z] [DEBUG] [server:helpers] readAndRestoreRequestBody: read and restored 163 bytes
[2026-10-01T08:50:51.727Z] [DEBUG] [server:session] Extracting session from request: remote=172.30.0.20:36166, path=/mcp/safeoutputs
[2026-10-01T08:50:51.727Z] [DEBUG] [auth:header] Extracting session ID from auth header: sanitized=SV5i...
[2026-10-01T08:50:51.728Z] [DEBUG] [auth:header] Using plain agent ID as session ID
[2026-10-01T08:50:51.729Z] [DEBUG] [server:session] Session extracted successfully: sessionID=agent:ee7184546354, remote=172.30.0.20:36166
[2026-10-01T08:50:51.729Z] [INFO] [client] New MCP client connection, remote=172.30.0.20:36166, method=POST, path=/mcp/safeoutputs, backend=safeoutputs, session=agent:ee7184546354
[2026-10-01T08:50:51.730Z] [DEBUG] [config:agent_policy] AgentPolicyFor: no policy configured for agentID=agent:ee7184546354
[2026-10-01T08:50:51.730Z] [DEBUG] [server:helpers] Checking request body: method=POST, hasBody=true, sessionID=agent:ee7184546354
[2026-10-01T08:50:51.730Z] [DEBUG] [server:helpers] readAndRestoreRequestBody: read and restored 163 bytes
[2026-10-01T08:50:51.731Z] [DEBUG] [server:helpers] Request body read: size=163 bytes, sessionID=agent:ee7184546354, backendID=safeoutputs
[2026-10-01T08:50:51.731Z] [DEBUG] [client] MCP client request body, backend=safeoutputs, body={"jsonrpc":"2.0","id":1,"method":"initialize","params":{"capabilities":{},"clientInfo":{"name":"mcp-cli-bridge","version":"1.0.0"},"protocolVersion":"2024-11-05"}}
[2026-10-01T08:50:51.732Z] [DEBUG] [server:helpers] Request body logged for debugging
[2026-10-01T08:50:51.732Z] [DEBUG] [server:session] Injecting session context: sessionID=agent:ee7184546354, backendID=safeoutputs, enclave=false
[2026-10-01T08:50:51.732Z] [DEBUG] [guard:context] Setting agent ID in context: agent:ee7184546354
[2026-10-01T08:50:51.733Z] [DEBUG] [server:session] Adding backend ID to context: backendID=safeoutputs
[2026-10-01T08:50:51.733Z] [DEBUG] [server:session] Session context injected successfully
[2026-10-01T08:50:51.733Z] [DEBUG] [server:session] Extracting session from request: remote=172.30.0.20:36166, path=/mcp/safeoutputs
[2026-10-01T08:50:51.734Z] [DEBUG] [auth:header] Extracting session ID from auth header: sanitized=SV5i...
[2026-10-01T08:50:51.734Z] [DEBUG] [auth:header] Using plain agent ID as session ID
[2026-10-01T08:50:51.734Z] [DEBUG] [server:session] Session extracted successfully: sessionID=agent:ee7184546354, remote=172.30.0.20:36166
[2026-10-01T08:50:51.734Z] [INFO] [client] New MCP client connection, remote=172.30.0.20:36166, method=POST, path=/mcp/safeoutputs, backend=safeoutputs, session=agent:ee7184546354
[2026-10-01T08:50:51.735Z] [DEBUG] [config:agent_policy] AgentPolicyFor: no policy configured for agentID=agent:ee7184546354
[2026-10-01T08:50:51.735Z] [DEBUG] [server:helpers] Checking request body: method=POST, hasBody=true, sessionID=agent:ee7184546354
[2026-10-01T08:50:51.735Z] [DEBUG] [server:helpers] readAndRestoreRequestBody: read and restored 163 bytes
[2026-10-01T08:50:51.736Z] [DEBUG] [server:helpers] Request body read: size=163 bytes, sessionID=agent:ee7184546354, backendID=safeoutputs
[2026-10-01T08:50:51.736Z] [DEBUG] [client] MCP client request body, backend=safeoutputs, body={"jsonrpc":"2.0","id":1,"method":"initialize","params":{"capabilities":{},"clientInfo":{"name":"mcp-cli-bridge","version":"1.0.0"},"protocolVersion":"2024-11-05"}}
[2026-10-01T08:50:51.736Z] [DEBUG] [server:helpers] Request body logged for debugging
[2026-10-01T08:50:51.737Z] [DEBUG] [server:session] Injecting session context: sessionID=agent:ee7184546354, backendID=safeoutputs, enclave=false
[2026-10-01T08:50:51.737Z] [DEBUG] [guard:context] Setting agent ID in context: agent:ee7184546354
[2026-10-01T08:50:51.737Z] [DEBUG] [server:session] Adding backend ID to context: backendID=safeoutputs
[2026-10-01T08:50:51.738Z] [DEBUG] [server:session] Session context injected successfully
[2026-10-01T08:50:51.738Z] [DEBUG] [server:routed] [INFO] server connecting
[2026-10-01T08:50:51.738Z] [DEBUG] [server:routed] [INFO] server session connected session_id=V7MY74UVYC4PTTTUW4PAMK5FJ2
[2026-10-01T08:50:51.739Z] [DEBUG] [server:response_writer] Writing response body: 209 bytes
[2026-10-01T08:50:51.739Z] [DEBUG] [httputil:httputil] BaseResponseWriter.Write: implicit 200 status captured (first write, len=209)
[2026-10-01T08:50:51.740Z] [DEBUG] [httputil:httputil] BaseResponseWriter.Write: implicit 200 status captured (first write, len=209)
[2026-10-01T08:50:51.740Z] [DEBUG] [server:response_writer] Retrieving captured body: 209 bytes
[2026-10-01T08:50:51.740Z] [DEBUG] [server:sdk-frontend] <<< SDK Response [routed:safeoutputs] status=200 duration=15.851214ms (non-JSON or stream)
[2026-10-01T08:50:51.741Z] [DEBUG] [server:sdk-frontend]     Raw response (sanitized): event: message
data: {"jsonrpc":"2.0","id":1,"result":{"capabilities":{"logging":{},"tools":{"listChanged":true}},"protocolVersion":"2024-11-05","serverInfo":{"name":"awmg-safeoutputs","version":"v0.4.25"}}}


[2026-10-01T08:50:51.745Z] [DEBUG] [tracing:http] Handling request: span=gateway.request, method=POST, path=/mcp/safeoutputs, remoteParent=false
[2026-10-01T08:50:51.745Z] [DEBUG] [tracing:http] Span started: span=gateway.request, traceID=[REDACTED]
[2026-10-01T08:50:51.745Z] [DEBUG] [server:auth] Authenticating request: method=POST, path=/mcp/safeoutputs, remote=172.30.0.20:36166
[2026-10-01T08:50:51.746Z] [INFO] [auth] Authentication successful, remote=172.30.0.20:36166, path=/mcp/safeoutputs
[2026-10-01T08:50:51.746Z] [DEBUG] [auth:header] Extracting session ID from auth header: sanitized=SV5i...
[2026-10-01T08:50:51.746Z] [DEBUG] [auth:header] Using plain agent ID as session ID
[2026-10-01T08:50:51.747Z] [DEBUG] [config:agent_policy] AgentPolicyFor: no policy configured for agentID=agent:ee7184546354
[2026-10-01T08:50:51.747Z] [DEBUG] [server:sdk-frontend] >>> SDK Request [routed:safeoutputs] session=agent:ee7184546354 mcp-session=agent:7d454abe4400 method=POST path=/mcp/safeoutputs
[2026-10-01T08:50:51.747Z] [DEBUG] [server:helpers] readAndRestoreRequestBody: read and restored 66 bytes
[2026-10-01T08:50:51.748Z] [DEBUG] [server:sdk-frontend]     JSON-RPC Request: method=notifications/initialized id=<nil>
[2026-10-01T08:50:51.748Z] [DEBUG] [sdk-frontend] JSON-RPC request parsed: mode=routed:safeoutputs, method=notifications/initialized, id=<nil>, session=agent:ee7184546354
[2026-10-01T08:50:51.748Z] [DEBUG] [server:response_writer] Creating new response writer
[2026-10-01T08:50:51.748Z] [DEBUG] [server:session] Extracting session from request: remote=172.30.0.20:36166, path=/mcp/safeoutputs
[2026-10-01T08:50:51.749Z] [DEBUG] [auth:header] Extracting session ID from auth header: sanitized=SV5i...
[2026-10-01T08:50:51.749Z] [DEBUG] [auth:header] Using plain agent ID as session ID
[2026-10-01T08:50:51.749Z] [DEBUG] [server:session] Session extracted successfully: sessionID=agent:ee7184546354, remote=172.30.0.20:36166
[2026-10-01T08:50:51.750Z] [INFO] [client] New MCP client connection, remote=172.30.0.20:36166, method=POST, path=/mcp/safeoutputs, backend=safeoutputs, session=agent:ee7184546354
[2026-10-01T08:50:51.750Z] [DEBUG] [config:agent_policy] AgentPolicyFor: no policy configured for agentID=agent:ee7184546354
[2026-10-01T08:50:51.750Z] [DEBUG] [server:helpers] Checking request body: method=POST, hasBody=true, sessionID=agent:ee7184546354
[2026-10-01T08:50:51.751Z] [DEBUG] [server:helpers] readAndRestoreRequestBody: read and restored 66 bytes
[2026-10-01T08:50:51.751Z] [DEBUG] [server:helpers] Request body read: size=66 bytes, sessionID=agent:ee7184546354, backendID=safeoutputs
[2026-10-01T08:50:51.751Z] [DEBUG] [client] MCP client request body, backend=safeoutputs, body={"jsonrpc":"2.0","method":"notifications/initialized","params":{}}
[2026-10-01T08:50:51.752Z] [DEBUG] [server:helpers] Request body logged for debugging
[2026-10-01T08:50:51.752Z] [DEBUG] [server:session] Injecting session context: sessionID=agent:ee7184546354, backendID=safeoutputs, enclave=false
[2026-10-01T08:50:51.752Z] [DEBUG] [guard:context] Setting agent ID in context: agent:ee7184546354
[2026-10-01T08:50:51.753Z] [DEBUG] [server:session] Adding backend ID to context: backendID=safeoutputs
[2026-10-01T08:50:51.753Z] [DEBUG] [server:session] Session context injected successfully
[2026-10-01T08:50:51.753Z] [DEBUG] [server:response_writer] Setting response status code: 202
[2026-10-01T08:50:51.754Z] [DEBUG] [httputil:httputil] BaseResponseWriter.WriteHeader: capturing status code=202
[2026-10-01T08:50:51.754Z] [DEBUG] [httputil:httputil] BaseResponseWriter.WriteHeader: capturing status code=202
[2026-10-01T08:50:51.754Z] [DEBUG] [server:response_writer] Retrieving captured body: 0 bytes
[2026-10-01T08:50:51.755Z] [DEBUG] [server:sdk-frontend] <<< SDK Response [routed:safeoutputs] status=202 duration=8.558674ms (empty body)
[2026-10-01T08:50:51.755Z] [DEBUG] [server:routed] [INFO] session initialized
[2026-10-01T08:50:51.757Z] [DEBUG] [tracing:http] Handling request: span=gateway.request, method=POST, path=/mcp/safeoutputs, remoteParent=false
[2026-10-01T08:50:51.757Z] [DEBUG] [tracing:http] Span started: span=gateway.request, traceID=[REDACTED]
[2026-10-01T08:50:51.757Z] [DEBUG] [server:auth] Authenticating request: method=POST, path=/mcp/safeoutputs, remote=172.30.0.20:36166
[2026-10-01T08:50:51.758Z] [INFO] [auth] Authentication successful, remote=172.30.0.20:36166, path=/mcp/safeoutputs
[2026-10-01T08:50:51.758Z] [DEBUG] [auth:header] Extracting session ID from auth header: sanitized=SV5i...
[2026-10-01T08:50:51.758Z] [DEBUG] [auth:header] Using plain agent ID as session ID
[2026-10-01T08:50:51.759Z] [DEBUG] [config:agent_policy] AgentPolicyFor: no policy configured for agentID=agent:ee7184546354
[2026-10-01T08:50:51.759Z] [DEBUG] [server:sdk-frontend] >>> SDK Request [routed:safeoutputs] session=agent:ee7184546354 mcp-session=agent:7d454abe4400 method=POST path=/mcp/safeoutputs
[2026-10-01T08:50:51.759Z] [DEBUG] [server:helpers] readAndRestoreRequestBody: read and restored 138 bytes
[2026-10-01T08:50:51.760Z] [DEBUG] [server:sdk-frontend]     JSON-RPC Request: method=tools/call id=2
[2026-10-01T08:50:51.760Z] [DEBUG] [sdk-frontend] JSON-RPC request parsed: mode=routed:safeoutputs, method=tools/call, id=2, session=agent:ee7184546354
[2026-10-01T08:50:51.760Z] [DEBUG] [server:response_writer] Creating new response writer
[2026-10-01T08:50:51.761Z] [DEBUG] [server:session] Extracting session from request: remote=172.30.0.20:36166, path=/mcp/safeoutputs
[2026-10-01T08:50:51.761Z] [DEBUG] [auth:header] Extracting session ID from auth header: sanitized=SV5i...
[2026-10-01T08:50:51.761Z] [DEBUG] [auth:header] Using plain agent ID as session ID
[2026-10-01T08:50:51.762Z] [DEBUG] [server:session] Session extracted successfully: sessionID=agent:ee7184546354, remote=172.30.0.20:36166
[2026-10-01T08:50:51.762Z] [INFO] [client] New MCP client connection, remote=172.30.0.20:36166, method=POST, path=/mcp/safeoutputs, backend=safeoutputs, session=agent:ee7184546354
[2026-10-01T08:50:51.762Z] [DEBUG] [config:agent_policy] AgentPolicyFor: no policy configured for agentID=agent:ee7184546354
[2026-10-01T08:50:51.763Z] [DEBUG] [server:helpers] Checking request body: method=POST, hasBody=true, sessionID=agent:ee7184546354
[2026-10-01T08:50:51.763Z] [DEBUG] [server:helpers] readAndRestoreRequestBody: read and restored 138 bytes
[2026-10-01T08:50:51.763Z] [DEBUG] [server:helpers] Request body read: size=138 bytes, sessionID=agent:ee7184546354, backendID=safeoutputs
[2026-10-01T08:50:51.763Z] [DEBUG] [client] MCP client request body, backend=safeoutputs, body={"jsonrpc":"2.0","id":2,"method":"tools/call","params":{"name":"create_pull_request","arguments":{"branch":"feature/user-menu-redesign"}}}
[2026-10-01T08:50:51.764Z] [DEBUG] [server:helpers] Request body logged for debugging
[2026-10-01T08:50:51.764Z] [DEBUG] [server:session] Injecting session context: sessionID=agent:ee7184546354, backendID=safeoutputs, enclave=false
[2026-10-01T08:50:51.764Z] [DEBUG] [guard:context] Setting agent ID in context: agent:ee7184546354
[2026-10-01T08:50:51.765Z] [DEBUG] [server:session] Adding backend ID to context: backendID=safeoutputs
[2026-10-01T08:50:51.765Z] [DEBUG] [server:session] Session context injected successfully
[2026-10-01T08:50:51.765Z] [DEBUG] [server:routed] [ROUTED] Calling unified handler for: create_pull_request
[2026-10-01T08:50:51.766Z] [DEBUG] [server:session] Extracted session ID from context: agent:ee7184546354
[2026-10-01T08:50:51.766Z] [DEBUG] [payload] Middleware processing tool call: tool=safeoutputs___create_pull_request, queryID=[REDACTED], session=agent:ee7184546354, baseDir=/tmp/gh-aw/mcp-payloads
[2026-10-01T08:50:51.767Z] [DEBUG] [mcp:tool_result] Parsing arguments for tool: create_pull_request
[2026-10-01T08:50:51.767Z] [DEBUG] [mcp:tool_result] Parsed 1 arguments
[2026-10-01T08:50:51.767Z] [DEBUG] [server:session] Extracted session ID from context: agent:ee7184546354
[2026-10-01T08:50:51.767Z] [INFO] [client] MCP tool call request, session=agent:ee7184546354, tool=create_pull_request, args={"branch":"feature/user-menu-redesign"}
[2026-10-01T08:50:51.768Z] [DEBUG] [server:session] Extracted session ID from context: agent:ee7184546354
[2026-10-01T08:50:51.768Z] [DEBUG] [server:session] Checking session: sessionID=agent:ee7184546354
[2026-10-01T08:50:51.768Z] [DEBUG] [server:session] Auto-creating session for ID: agent:ee7184546354
[2026-10-01T08:50:51.769Z] [DEBUG] [server:session] Creating new session: sessionID=agent:ee7184546354, has_token=false
[2026-10-01T08:50:51.769Z] [DEBUG] [server:session] Session auto-created for ID: agent:ee7184546354
[2026-10-01T08:50:51.769Z] [DEBUG] [server:session] Created session directory: /tmp/gh-aw/mcp-payloads/SV5irmOpoGcvRBy0eJmzRzhZfH5O2TrSLPgJzeJTkkazKIkB73UTC7BwVCzt
[2026-10-01T08:50:51.770Z] [DEBUG] [server:session] Session validated for ID: agent:ee7184546354
[2026-10-01T08:50:51.770Z] [DEBUG] [server:unified] callBackendTool: serverID=safeoutputs, toolName=create_pull_request
[2026-10-01T08:50:51.771Z] [DEBUG] [tracing:provider] Starting tool call span: serverID=safeoutputs, toolName=create_pull_request
[2026-10-01T08:50:51.771Z] [DEBUG] [server:session] Extracted session ID from context: agent:ee7184546354
[2026-10-01T08:50:51.771Z] [DEBUG] [server:unified] callBackendTool: args=map[branch:feature/user-menu-redesign]
[2026-10-01T08:50:51.771Z] [DEBUG] [guard:registry] Getting guard for serverID=safeoutputs
[2026-10-01T08:50:51.772Z] [DEBUG] [guard:registry] Found guard for serverID=safeoutputs, guardName=write-sink
[2026-10-01T08:50:51.772Z] [DEBUG] [config:config] GetAgentIDs: gateway.agentIds not set, falling back to singular effective agent ID
[2026-10-01T08:50:51.772Z] [DEBUG] [guard:context] Retrieved agent ID from context: agent:ee7184546354
[2026-10-01T08:50:51.773Z] [DEBUG] [server:guard_init] Resolving guard policy: serverID=safeoutputs
[2026-10-01T08:50:51.773Z] [DEBUG] [config:guard_policy] ParseServerGuardPolicy: serverID=safeoutputs, keyCount=1
[2026-10-01T08:50:51.773Z] [DEBUG] [config:guard_policy] ParsePolicyMap: hasAllowOnly=false, hasWriteSink=true, keyCount=1
[2026-10-01T08:50:51.774Z] [DEBUG] [config:guard_policy] Parsing guard policy JSON: len=58
[2026-10-01T08:50:51.774Z] [DEBUG] [config:guard_policy] UnmarshalJSON: parsing guard policy, keys=1
[2026-10-01T08:50:51.774Z] [DEBUG] [config:guard_policy] UnmarshalJSON: guard policy type is write-sink
[2026-10-01T08:50:51.775Z] [DEBUG] [config:guard_policy] ValidateGuardPolicy: delegating to write-sink validation, acceptCount=1, sinkVisibility="public"
[2026-10-01T08:50:51.775Z] [DEBUG] [config:guard_policy] ValidateWriteSinkPolicy: acceptCount=1, sinkVisibility="public"
[2026-10-01T08:50:51.775Z] [DEBUG] [config:guard_policy] ValidateWriteSinkPolicy: wildcard accept, policy is valid
[2026-10-01T08:50:51.776Z] [DEBUG] [server:guard_init] Using server-level guard policy: serverID=safeoutputs
[2026-10-01T08:50:51.776Z] [DEBUG] [server:guard_init] getTrustedBots: 0 trusted bot(s) configured
[2026-10-01T08:50:51.777Z] [DEBUG] [guard:wasm] BuildLabelAgentPayload: trustedBots=0, trustedUsers=0
[2026-10-01T08:50:51.777Z] [INFO] [difc] [safeoutputs] Initializing guard session state: session=agent:ee7184546354, policy_source=server
[2026-10-01T08:50:51.778Z] [INFO] [difc] [safeoutputs] Calling label_agent: session=agent:ee7184546354, guard=write-sink, policy={"write-sink":{"accept":["*"],"sink-visibility":"public"}}
[2026-10-01T08:50:51.778Z] [DEBUG] [difc:agent] GetOrCreate called for agentID=agent:ee7184546354
[2026-10-01T08:50:51.779Z] [DEBUG] [difc:agent] Creating agent labels with tags: agentID=agent:ee7184546354, secrecyTags=[], integrityTags=[]
[2026-10-01T08:50:51.779Z] [DEBUG] [difc:labels] Creating secrecy label with 0 tag(s)
[2026-10-01T08:50:51.779Z] [DEBUG] [difc:labels] Creating integrity label with 0 tag(s)
[2026-10-01T08:50:51.780Z] [DEBUG] [difc:agent] Created new agent: agent:ee7184546354 with default labels (secrecy: [], integrity: [])
[2026-10-01T08:50:51.780Z] [DEBUG] [guard:label_agent] Calling LabelAgent: guard=write-sink
[2026-10-01T08:50:51.780Z] [DEBUG] [guard:write-sink] LabelAgent: returning empty labels (write-sink does not label agents)
[2026-10-01T08:50:51.781Z] [DEBUG] [guard:label_agent] Creating empty agent labels result: mode="filter"
[2026-10-01T08:50:51.781Z] [DEBUG] [guard:label_agent] Applying label agent result: difc_mode="filter", secrecy_tags=0, integrity_tags=0, defaultMode=strict
[2026-10-01T08:50:51.781Z] [DEBUG] [guard:label_agent] Enforcement mode overridden: default=strict, override=filter
[2026-10-01T08:50:51.782Z] [DEBUG] [difc:labels] StringsToTags: converting 0 string values to tags
[2026-10-01T08:50:51.782Z] [DEBUG] [difc:labels] StringsToTags: produced 0 tags from 0 input values
[2026-10-01T08:50:51.782Z] [DEBUG] [difc:agent] Agent agent:ee7184546354 adding 0 secrecy tags
[2026-10-01T08:50:51.782Z] [DEBUG] [difc:tagset] addAll: count=0
[2026-10-01T08:50:51.783Z] [DEBUG] [difc:labels] StringsToTags: converting 0 string values to tags
[2026-10-01T08:50:51.783Z] [DEBUG] [difc:labels] StringsToTags: produced 0 tags from 0 input values
[2026-10-01T08:50:51.783Z] [DEBUG] [difc:agent] Agent agent:ee7184546354 adding 0 integrity tags
[2026-10-01T08:50:51.784Z] [DEBUG] [difc:tagset] addAll: count=0
[2026-10-01T08:50:51.784Z] [DEBUG] [guard:label_agent] Label agent result applied: effective_mode=filter
[2026-10-01T08:50:51.784Z] [DEBUG] [guard:label_agent] LabelAgent completed: guard=write-sink, mode=filter
[2026-10-01T08:50:51.785Z] [INFO] [difc] [safeoutputs] label_agent response: session=agent:ee7184546354, guard=write-sink, response={"agent":{"secrecy":[],"integrity":[]},"difc_mode":"filter"}
[2026-10-01T08:50:51.785Z] [INFO] [difc] [safeoutputs] Guard policy initialized: session=agent:ee7184546354, guard_policy.source=server, difc_mode=filter, guard_policy.normalized=map[]
[2026-10-01T08:50:51.786Z] [DEBUG] [guard:context] Retrieved agent ID from context: agent:ee7184546354
[2026-10-01T08:50:51.786Z] [DEBUG] [difc:agent] GetOrCreate called for agentID=agent:ee7184546354
[2026-10-01T08:50:51.786Z] [DEBUG] [guard:pipeline] [DIFC] Phase 0: agent=agent:ee7184546354 secrecy=[] integrity=[]
[2026-10-01T08:50:51.787Z] [DEBUG] [guard:context] Setting request state in context
[2026-10-01T08:50:51.787Z] [DEBUG] [guard:write-sink] LabelResource: tool=create_pull_request, operation=write, sink-visibility=public (empty resource secrecy — tainted agents blocked)
[2026-10-01T08:50:51.787Z] [DEBUG] [difc:labels] Creating secrecy label with 0 tag(s)
[2026-10-01T08:50:51.788Z] [DEBUG] [difc:labels] Creating integrity label with 0 tag(s)
[2026-10-01T08:50:51.788Z] [DEBUG] [guard:pipeline] [DIFC] Phase 1: resource=write-sink:public (create_pull_request) op=write secrecy=[] integrity=[]
[2026-10-01T08:50:51.788Z] [DEBUG] [difc:pipeline_decisions] EvaluateCoarseAccess: operation=write, resource=write-sink:public (create_pull_request)
[2026-10-01T08:50:51.788Z] [DEBUG] [difc:evaluator] Evaluating access: operation=write, resource=write-sink:public (create_pull_request)
[2026-10-01T08:50:51.789Z] [DEBUG] [difc:evaluator] Evaluating write access: resource=write-sink:public (create_pull_request), agentSecrecy=[], agentIntegrity=[]
[2026-10-01T08:50:51.789Z] [DEBUG] [difc:evaluator] Write access allowed: resource=write-sink:public (create_pull_request)
[2026-10-01T08:50:51.789Z] [DEBUG] [difc:pipeline_decisions] EvaluateCoarseAccess: outcome=allowed, operation=write
[2026-10-01T08:50:51.790Z] [DEBUG] [guard:pipeline] [DIFC] Phase 2: access allowed for agent agent:ee7184546354 to write-sink:public (create_pull_request)
[2026-10-01T08:50:51.790Z] [DEBUG] [difc:labels] TagsToStrings: converting 0 tags to strings
[2026-10-01T08:50:51.790Z] [DEBUG] [difc:labels] TagsToStrings: converting 0 tags to strings
[2026-10-01T08:50:51.791Z] [DEBUG] [tracing:provider] Starting backend execute span: serverID=safeoutputs, toolName=create_pull_request
[2026-10-01T08:50:51.791Z] [DEBUG] [server:unified] executeBackendToolCall: serverID=safeoutputs, toolName=create_pull_request
[2026-10-01T08:50:51.793Z] [DEBUG] [backend] [safeoutputs] GetOrLaunchForSession called: server=safeoutputs, session=agent:ee7184546354
[2026-10-01T08:50:51.793Z] [DEBUG] [launcher:launcher] Server config found: serverID=safeoutputs, type=stdio
[2026-10-01T08:50:51.794Z] [DEBUG] [launcher:launcher] Checking session pool: serverID=safeoutputs, sessionID=agent:ee7184546354
[2026-10-01T08:50:51.794Z] [DEBUG] [launcher:pool] Connection not found: backend=safeoutputs, session=agent:ee7184546354
[2026-10-01T08:50:51.794Z] [DEBUG] [launcher:launcher] Session connection not found, creating new: serverID=safeoutputs, sessionID=agent:ee7184546354
[2026-10-01T08:50:51.795Z] [DEBUG] [launcher:pool] Connection not found: backend=safeoutputs, session=agent:ee7184546354
[2026-10-01T08:50:51.795Z] [DEBUG] [mountspec:mountspec] Parsing mount spec: parts=3
[2026-10-01T08:50:51.795Z] [DEBUG] [launcher:mount_policy] Mount "/home/runner/work/gh-aw-spike-target/gh-aw-spike-target" allowed under root "/home/runner/work/gh-aw-spike-target/gh-aw-spike-target" (writable=true)
[2026-10-01T08:50:51.796Z] [DEBUG] [mountspec:mountspec] Parsing mount spec: parts=3
[2026-10-01T08:50:51.796Z] [DEBUG] [launcher:mount_policy] Mount "/home/runner/work/_temp/gh-aw/safeoutputs" allowed under root "/home/runner/work/_temp/gh-aw/safeoutputs" (writable=true)
[2026-10-01T08:50:51.796Z] [DEBUG] [mountspec:mountspec] Parsing mount spec: parts=3
[2026-10-01T08:50:51.797Z] [DEBUG] [launcher:mount_policy] Mount "/tmp/gh-aw" allowed under root "/tmp" (writable=true)
[2026-10-01T08:50:51.798Z] [INFO] [backend] [safeoutputs] Launching MCP backend server for session 'agent:ee7184546354': server=safeoutputs for session 'agent:ee7184546354', command=docker, args=[run --rm -i -e NO_COLOR=... -e TERM=... -e PYTHONUNBUFFERED=... --entrypoint sh -v /home/runner/work/gh-aw-spike-target/gh-aw-spike-target:/home/runner/work/gh-aw-spike-target/gh-aw-spike-target:rw -v /home/runner/work/_temp/gh-aw/safeoutputs:/home/runner/work/_temp/gh-aw/safeoutputs:rw -v /tmp/gh-aw:/tmp/gh-aw:rw -e GITHUB_TOKEN=ghs_... -e GH_AW_MCP_LOG_DIR=/tmp... -e GH_AW_PR_HEAD_REPO -e GITHUB_REPOSITORY=Vikt... -e GH_AW_SAFE_OUTPUTS=/hom... -e GH_AW_PR_HEAD_BASE_PR_NUMBER -e GH_AW_SAFE_OUTPUTS_TOOLS_PATH=/hom... -e GH_AW_PR_HEAD_BASE_BRANCH -e GH_AW_PR_HEAD_BASE_REF -e DEBUG=... -e GH_AW_PR_HEAD_BASE_SHA -e DEFAULT_BRANCH=... -e GITHUB_WORKSPACE=/hom... -e GH_AW_ASSETS_MAX_SIZE_KB=... -e GH_AW_PR_HEAD_BASE_REPO -e RUNNER_TEMP=/hom... -e GH_AW_ASSETS_BRANCH -e GITHUB_EVENT_NAME=work... -e GITHUB_EVENT_PATH=/hom... -e GH_AW_SAFE_OUTPUTS_CONFIG_PATH=/hom... -e GH_AW_ASSETS_ALLOWED_EXTS -e GH_AW_POLICY_ALLOW_CREATE_PULL_REQUEST=... -e GITHUB_SHA=de19... -w /home/runner/work/gh-aw-spike-target/gh-aw-spike-target ghcr.io/github/gh-aw-node -c sh /home/runner/work/_temp/gh-aw/safeoutputs/start_safe_outputs_mcp.sh]
[2026-10-01T08:50:51.799Z] [DEBUG] [launcher:launcher] Launching new session server: serverID=safeoutputs, sessionID=agent:ee7184546354, command=docker
[2026-10-01T08:50:51.799Z] [DEBUG] [launcher:launcher] Starting server with timeout: serverID=safeoutputs, sessionID=agent:ee7184546354, timeout=2m0s
[2026-10-01T08:50:51.799Z] [DEBUG] [launcher:launcher] Starting connection goroutine: serverID=safeoutputs
[2026-10-01T08:50:51.800Z] [INFO] [backend] Creating new MCP backend connection, command=docker, args=[run --rm -i -e NO_COLOR=... -e TERM=... -e PYTHONUNBUFFERED=... --entrypoint sh -v /home/runner/work/gh-aw-spike-target/gh-aw-spike-target:/home/runner/work/gh-aw-spike-target/gh-aw-spike-target:rw -v /home/runner/work/_temp/gh-aw/safeoutputs:/home/runner/work/_temp/gh-aw/safeoutputs:rw -v /tmp/gh-aw:/tmp/gh-aw:rw -e GITHUB_TOKEN=ghs_... -e GH_AW_MCP_LOG_DIR=/tmp... -e GH_AW_PR_HEAD_REPO -e GITHUB_REPOSITORY=Vikt... -e GH_AW_SAFE_OUTPUTS=/hom... -e GH_AW_PR_HEAD_BASE_PR_NUMBER -e GH_AW_SAFE_OUTPUTS_TOOLS_PATH=/hom... -e GH_AW_PR_HEAD_BASE_BRANCH -e GH_AW_PR_HEAD_BASE_REF -e DEBUG=... -e GH_AW_PR_HEAD_BASE_SHA -e DEFAULT_BRANCH=... -e GITHUB_WORKSPACE=/hom... -e GH_AW_ASSETS_MAX_SIZE_KB=... -e GH_AW_PR_HEAD_BASE_REPO -e RUNNER_TEMP=/hom... -e GH_AW_ASSETS_BRANCH -e GITHUB_EVENT_NAME=work... -e GITHUB_EVENT_PATH=/hom... -e GH_AW_SAFE_OUTPUTS_CONFIG_PATH=/hom... -e GH_AW_ASSETS_ALLOWED_EXTS -e GH_AW_POLICY_ALLOW_CREATE_PULL_REQUEST=... -e GITHUB_SHA=de19... -w /home/runner/work/gh-aw-spike-target/gh-aw-spike-target ghcr.io/github/gh-aw-node -c sh /home/runner/work/_temp/gh-aw/safeoutputs/start_safe_outputs_mcp.sh]
[2026-10-01T08:50:51.800Z] [DEBUG] [envutil:expand] Expanding env args: input_count=68
[2026-10-01T08:50:51.801Z] [DEBUG] [envutil:expand] Expanding env var: name=GH_AW_PR_HEAD_REPO
[2026-10-01T08:50:51.801Z] [DEBUG] [envutil:expand] Expanding env var: name=GH_AW_PR_HEAD_BASE_PR_NUMBER
[2026-10-01T08:50:51.801Z] [DEBUG] [envutil:expand] Expanding env var: name=GH_AW_PR_HEAD_BASE_BRANCH
[2026-10-01T08:50:51.802Z] [DEBUG] [envutil:expand] Expanding env var: name=GH_AW_PR_HEAD_BASE_REF
[2026-10-01T08:50:51.802Z] [DEBUG] [envutil:expand] Expanding env var: name=GH_AW_PR_HEAD_BASE_SHA
[2026-10-01T08:50:51.802Z] [DEBUG] [envutil:expand] Expanding env var: name=GH_AW_PR_HEAD_BASE_REPO
[2026-10-01T08:50:51.803Z] [DEBUG] [envutil:expand] Expanding env var: name=GH_AW_ASSETS_BRANCH
[2026-10-01T08:50:51.803Z] [DEBUG] [envutil:expand] Expanding env var: name=GH_AW_ASSETS_ALLOWED_EXTS
[2026-10-01T08:50:51.803Z] [DEBUG] [envutil:expand] Env args expansion complete: output_count=68
[2026-10-01T08:50:51.804Z] [DEBUG] [mcp:connection] Expanded args for Docker env: [run --rm -i -e NO_COLOR=... -e TERM=... -e PYTHONUNBUFFERED=... --entrypoint sh -v /home/runner/work/gh-aw-spike-target/gh-aw-spike-target:/home/runner/work/gh-aw-spike-target/gh-aw-spike-target:rw -v /home/runner/work/_temp/gh-aw/safeoutputs:/home/runner/work/_temp/gh-aw/safeoutputs:rw -v /tmp/gh-aw:/tmp/gh-aw:rw -e GITHUB_TOKEN=ghs_... -e GH_AW_MCP_LOG_DIR=/tmp... -e GH_AW_PR_HEAD_REPO= -e GITHUB_REPOSITORY=Vikt... -e GH_AW_SAFE_OUTPUTS=/hom... -e GH_AW_PR_HEAD_BASE_PR_NUMBER= -e GH_AW_SAFE_OUTPUTS_TOOLS_PATH=/hom... -e GH_AW_PR_HEAD_BASE_BRANCH= -e GH_AW_PR_HEAD_BASE_REF= -e DEBUG=... -e GH_AW_PR_HEAD_BASE_SHA= -e DEFAULT_BRANCH=... -e GITHUB_WORKSPACE=/hom... -e GH_AW_ASSETS_MAX_SIZE_KB=... -e GH_AW_PR_HEAD_BASE_REPO= -e RUNNER_TEMP=/hom... -e GH_AW_ASSETS_BRANCH= -e GITHUB_EVENT_NAME=work... -e GITHUB_EVENT_PATH=/hom... -e GH_AW_SAFE_OUTPUTS_CONFIG_PATH=/hom... -e GH_AW_ASSETS_ALLOWED_EXTS= -e GH_AW_POLICY_ALLOW_CREATE_PULL_REQUEST=... -e GITHUB_SHA=de19... -w /home/runner/work/gh-aw-spike-target/gh-aw-spike-target ghcr.io/github/gh-aw-node -c sh /home/runner/work/_temp/gh-aw/safeoutputs/start_safe_outputs_mcp.sh]
[2026-10-01T08:50:51.805Z] [INFO] [backend] Starting MCP backend server, command=docker, args=[run --rm -i -e NO_COLOR=... -e TERM=... -e PYTHONUNBUFFERED=... --entrypoint sh -v /home/runner/work/gh-aw-spike-target/gh-aw-spike-target:/home/runner/work/gh-aw-spike-target/gh-aw-spike-target:rw -v /home/runner/work/_temp/gh-aw/safeoutputs:/home/runner/work/_temp/gh-aw/safeoutputs:rw -v /tmp/gh-aw:/tmp/gh-aw:rw -e GITHUB_TOKEN=ghs_... -e GH_AW_MCP_LOG_DIR=/tmp... -e GH_AW_PR_HEAD_REPO= -e GITHUB_REPOSITORY=Vikt... -e GH_AW_SAFE_OUTPUTS=/hom... -e GH_AW_PR_HEAD_BASE_PR_NUMBER= -e GH_AW_SAFE_OUTPUTS_TOOLS_PATH=/hom... -e GH_AW_PR_HEAD_BASE_BRANCH= -e GH_AW_PR_HEAD_BASE_REF= -e DEBUG=... -e GH_AW_PR_HEAD_BASE_SHA= -e DEFAULT_BRANCH=... -e GITHUB_WORKSPACE=/hom... -e GH_AW_ASSETS_MAX_SIZE_KB=... -e GH_AW_PR_HEAD_BASE_REPO= -e RUNNER_TEMP=/hom... -e GH_AW_ASSETS_BRANCH= -e GITHUB_EVENT_NAME=work... -e GITHUB_EVENT_PATH=/hom... -e GH_AW_SAFE_OUTPUTS_CONFIG_PATH=/hom... -e GH_AW_ASSETS_ALLOWED_EXTS= -e GH_AW_POLICY_ALLOW_CREATE_PULL_REQUEST=... -e GITHUB_SHA=de19... -w /home/runner/work/gh-aw-spike-target/gh-aw-spike-target ghcr.io/github/gh-aw-node -c sh /home/runner/work/_temp/gh-aw/safeoutputs/start_safe_outputs_mcp.sh]
[2026-10-01T08:50:51.805Z] [DEBUG] [mcp:connection] Initiating MCP server connection and handshake
[2026-10-01T08:50:51.965Z] [INFO] [backend] [safeoutputs] [stderr] Git configured with standard GitHub Actions identity
[2026-10-01T08:50:52.002Z] [INFO] [backend] [safeoutputs] [stderr] [2026-10-01T08:50:51.996Z] [mcp_server_core] Module is being loaded
[2026-10-01T08:50:52.033Z] [INFO] [backend] [safeoutputs] [stderr] [2026-10-01T08:50:52.033Z] [safeoutputs] Loading safe-outputs configuration
[2026-10-01T08:50:52.035Z] [INFO] [backend] [safeoutputs] [stderr] [2026-10-01T08:50:52.033Z] [safeoutputs] Reading config from file: /home/runner/work/_temp/gh-aw/safeoutputs/config.json
[2026-10-01T08:50:52.036Z] [INFO] [backend] [safeoutputs] [stderr] [2026-10-01T08:50:52.034Z] [safeoutputs] Config file exists at: /home/runner/work/_temp/gh-aw/safeoutputs/config.json
[2026-10-01T08:50:52.037Z] [INFO] [backend] [safeoutputs] [stderr] [2026-10-01T08:50:52.034Z] [safeoutputs] Config file content length: 1134 characters
[2026-10-01T08:50:52.038Z] [INFO] [backend] [safeoutputs] [stderr] [2026-10-01T08:50:52.034Z] [safeoutputs] Config file read successfully, attempting to parse JSON
[2026-10-01T08:50:52.038Z] [INFO] [backend] [safeoutputs] [stderr] [2026-10-01T08:50:52.034Z] [safeoutputs] Successfully parsed config from file with 6 configuration keys
[2026-10-01T08:50:52.040Z] [INFO] [backend] [safeoutputs] [stderr] [2026-10-01T08:50:52.035Z] [safeoutputs] Final processed config: {"create_pull_request":{"allowed_base_branches":["develop"],"allowed_files":["apps/**","packages/**","docs/architecture.md"],"auto_merge":"squash","base_branch":"develop","draft":false,"labels":["agent"],"max":1,"max_patch_files":100,"max_patch_size":4096,"protect_top_level_dot_folders":true,"protected_files":["package.json","bun.lockb","bunfig.toml","deno.json","deno.jsonc","deno.lock","global.json","NuGet.Config","Directory.Packages.props","mix.exs","mix.lock","go.mod","go.sum","stack.yaml","stack.yaml.lock","pom.xml","build.gradle","build.gradle.kts","settings.gradle","settings.gradle.kts","gradle.properties","package-lock.json","yarn.lock","pnpm-lock.yaml","npm-shrinkwrap.json","requirements.txt","Pipfile","Pipfile.lock","pyproject.toml","setup.py","setup.cfg","Gemfile","Gemfile.lock","uv.lock","CODEOWNERS","DESIGN.md","README.md","CONTRIBUTING.md","SECURITY.md","CODE_OF_CONDUCT.md","PI.md","AGENTS.md"],"protected_files_policy":"request-review","title_prefix":"[implementer] "},"create_report_incomplete_issue":{},"missing_data":{},"missing_tool":{},"noop":{"max":1,"report-as-issue":"false"},"report_incomplete":{}}
[2026-10-01T08:50:52.041Z] [INFO] [backend] [safeoutputs] [stderr] [2026-10-01T08:50:52.035Z] [safeoutputs] Loading safe-outputs tools
[2026-10-01T08:50:52.042Z] [INFO] [backend] [safeoutputs] [stderr] [2026-10-01T08:50:52.036Z] [safeoutputs] Reading tools from file: /home/runner/work/_temp/gh-aw/safeoutputs/tools.json
[2026-10-01T08:50:52.043Z] [INFO] [backend] [safeoutputs] [stderr] [2026-10-01T08:50:52.036Z] [safeoutputs] Tools file exists at: /home/runner/work/_temp/gh-aw/safeoutputs/tools.json
[2026-10-01T08:50:52.043Z] [INFO] [backend] [safeoutputs] [stderr] [2026-10-01T08:50:52.036Z] [safeoutputs] Tools file content length: 11290 characters
[2026-10-01T08:50:52.045Z] [INFO] [backend] [safeoutputs] [stderr] [2026-10-01T08:50:52.036Z] [safeoutputs] Tools file read successfully, attempting to parse JSON
[2026-10-01T08:50:52.046Z] [INFO] [backend] [safeoutputs] [stderr] [2026-10-01T08:50:52.037Z] [safeoutputs] Successfully parsed 5 tools from file
[2026-10-01T08:50:52.047Z] [INFO] [backend] [safeoutputs] [stderr] [2026-10-01T08:50:52.040Z] [safeoutputs] Configured git safe.directory for bridge context: /home/runner/work/gh-aw-spike-target/gh-aw-spike-target
[2026-10-01T08:50:52.048Z] [INFO] [backend] [safeoutputs] [stderr] [2026-10-01T08:50:52.041Z] [safeoutputs]   output file: /home/runner/work/_temp/gh-aw/safeoutputs/outputs.jsonl
[2026-10-01T08:50:52.049Z] [INFO] [backend] Successfully connected to MCP backend server, command=docker
[2026-10-01T08:50:52.050Z] [INFO] [backend] [safeoutputs] [stderr] [2026-10-01T08:50:52.041Z] [safeoutputs]   config: {"create_pull_request":{"allowed_base_branches":["develop"],"allowed_files":["apps/**","packages/**","docs/architecture.md"],"auto_merge":"squash","base_branch":"develop","draft":false,"labels":["agent"],"max":1,"max_patch_files":100,"max_patch_size":4096,"protect_top_level_dot_folders":true,"protected_files":["package.json","bun.lockb","bunfig.toml","deno.json","deno.jsonc","deno.lock","global.json","NuGet.Config","Directory.Packages.props","mix.exs","mix.lock","go.mod","go.sum","stack.yaml","stack.yaml.lock","pom.xml","build.gradle","build.gradle.kts","settings.gradle","settings.gradle.kts","gradle.properties","package-lock.json","yarn.lock","pnpm-lock.yaml","npm-shrinkwrap.json","requirements.txt","Pipfile","Pipfile.lock","pyproject.toml","setup.py","setup.cfg","Gemfile","Gemfile.lock","uv.lock","CODEOWNERS","DESIGN.md","README.md","CONTRIBUTING.md","SECURITY.md","CODE_OF_CONDUCT.md","PI.md","AGENTS.md"],"protected_files_policy":"request-review","title_prefix":"[implementer] "},"create_report_incomplete_issue":{},"missing_data":{},"missing_tool":{},"noop":{"max":1,"report-as-issue":"false"},"report_incomplete":{}}
[2026-10-01T08:50:52.051Z] [INFO] [backend] Started MCP server: docker [run --rm -i -e NO_COLOR=... -e TERM=... -e PYTHONUNBUFFERED=... --entrypoint sh -v /home/runner/work/gh-aw-spike-target/gh-aw-spike-target:/home/runner/work/gh-aw-spike-target/gh-aw-spike-target:rw -v /home/runner/work/_temp/gh-aw/safeoutputs:/home/runner/work/_temp/gh-aw/safeoutputs:rw -v /tmp/gh-aw:/tmp/gh-aw:rw -e GITHUB_TOKEN=ghs_... -e GH_AW_MCP_LOG_DIR=/tmp... -e GH_AW_PR_HEAD_REPO= -e GITHUB_REPOSITORY=Vikt... -e GH_AW_SAFE_OUTPUTS=/hom... -e GH_AW_PR_HEAD_BASE_PR_NUMBER= -e GH_AW_SAFE_OUTPUTS_TOOLS_PATH=/hom... -e GH_AW_PR_HEAD_BASE_BRANCH= -e GH_AW_PR_HEAD_BASE_REF= -e DEBUG=... -e GH_AW_PR_HEAD_BASE_SHA= -e DEFAULT_BRANCH=... -e GITHUB_WORKSPACE=/hom... -e GH_AW_ASSETS_MAX_SIZE_KB=... -e GH_AW_PR_HEAD_BASE_REPO= -e RUNNER_TEMP=/hom... -e GH_AW_ASSETS_BRANCH= -e GITHUB_EVENT_NAME=work... -e GITHUB_EVENT_PATH=/hom... -e GH_AW_SAFE_OUTPUTS_CONFIG_PATH=/hom... -e GH_AW_ASSETS_ALLOWED_EXTS= -e GH_AW_POLICY_ALLOW_CREATE_PULL_REQUEST=... -e GITHUB_SHA=de19... -w /home/runner/work/gh-aw-spike-target/gh-aw-spike-target ghcr.io/github/gh-aw-node -c sh /home/runner/work/_temp/gh-aw/safeoutputs/start_safe_outputs_mcp.sh]
[2026-10-01T08:50:52.052Z] [INFO] [backend] [safeoutputs] [stderr] [2026-10-01T08:50:52.042Z] [safeoutputs] Registered tool: create_pull_request
[2026-10-01T08:50:52.052Z] [INFO] [backend] [safeoutputs] Successfully launched MCP backend server for session 'agent:ee7184546354': server=safeoutputs for session 'agent:ee7184546354'
[2026-10-01T08:50:52.053Z] [DEBUG] [launcher:launcher] Connection established: serverID=safeoutputs for session 'agent:ee7184546354'
[2026-10-01T08:50:52.053Z] [DEBUG] [launcher:pool] Added new connection to pool: backend=safeoutputs, session=agent:ee7184546354
[2026-10-01T08:50:52.053Z] [DEBUG] [mcp:connection_logging] Outbound RPC request: serverID=safeoutputs, method=tools/call, payloadBytes=131, enclave=false
[2026-10-01T08:50:52.054Z] [DEBUG] [mcp:connection_logging] snapshotTags: no agent tag snapshot attached
[2026-10-01T08:50:52.054Z] [INFO] [backend] [safeoutputs] [stderr] [2026-10-01T08:50:52.042Z] [safeoutputs] Registered tool: missing_tool
[2026-10-01T08:50:52.054Z] [DEBUG] [rpc] safeoutputs→tools/call 131b {"jsonrpc":"2.0","method":"tools/call","params":{"arguments":{"branch":"feature/user-menu-redesign"},"name":"create_pull_request"}}
[2026-10-01T08:50:52.055Z] [INFO] [backend] [safeoutputs] [stderr] [2026-10-01T08:50:52.043Z] [safeoutputs] Registered tool: noop
[2026-10-01T08:50:52.055Z] [DEBUG] [mcp:connection] Dispatching SDK method: tools/call, serverID=safeoutputs
[2026-10-01T08:50:52.056Z] [DEBUG] [mcp:helpers] callParamMethod: validating SDK session for serverID=safeoutputs
[2026-10-01T08:50:52.056Z] [DEBUG] [mcp:helpers] unmarshalParams: converting params_json_len=82 bytes to typed struct
[2026-10-01T08:50:52.057Z] [INFO] [backend] [safeoutputs] [stderr] [2026-10-01T08:50:52.043Z] [safeoutputs] Registered tool: missing_data
[2026-10-01T08:50:52.057Z] [DEBUG] [mcp:helpers] callParamMethod: invoking SDK operation for serverID=safeoutputs
[2026-10-01T08:50:52.057Z] [DEBUG] [mcp:connection] callTool: parsed name=create_pull_request, argumentCount=1
[2026-10-01T08:50:52.058Z] [INFO] [backend] [safeoutputs] [stderr] [2026-10-01T08:50:52.043Z] [safeoutputs] Registered tool: report_incomplete
[2026-10-01T08:50:52.061Z] [INFO] [backend] [safeoutputs] [stderr] [2026-10-01T08:50:52.044Z] [safeoutputs] Skipping generic tool for non-tool config key=[REDACTED]
[2026-10-01T08:50:52.062Z] [INFO] [backend] [safeoutputs] [stderr] [2026-10-01T08:50:52.044Z] [safeoutputs]   tools: create_pull_request, missing_tool, noop, missing_data, report_incomplete
[2026-10-01T08:50:52.064Z] [DEBUG] [mcp:connection_logging] Inbound RPC response: serverID=safeoutputs, payloadBytes=0, hasError=true, enclave=false
[2026-10-01T08:50:52.064Z] [INFO] [backend] [safeoutputs] [stderr] [2026-10-01T08:50:52.044Z] [safeoutputs] v1.0.0 ready on stdio
[2026-10-01T08:50:52.065Z] [DEBUG] [mcp:connection_logging] snapshotTags: no agent tag snapshot attached
[2026-10-01T08:50:52.065Z] [INFO] [backend] [safeoutputs] [stderr] [2026-10-01T08:50:52.044Z] [safeoutputs]   tools: create_pull_request, missing_tool, noop, missing_data, report_incomplete
[2026-10-01T08:50:52.065Z] [DEBUG] [rpc] safeoutputs←resp 0b err:calling "tools/call": ERR_VALIDATION: Invalid arguments: missing or empty 'title', 'body'

Required parameter 'title': Concise PR title describing the changes. Follow repository conventions (e.g., conventional commits). The title appears as the main heading.
Required parameter 'body': Detailed PR description in Markdown. Include what changes were made, why, testing notes, and any breaking changes. Do NOT repeat the title as a heading.

Example:
{
  "title": "Issue title",
  "body": "Your comment or description text",
  "branch": "feature-branch"
}
[2026-10-01T08:50:52.066Z] [INFO] [backend] [safeoutputs] [stderr] [2026-10-01T08:50:52.045Z] [safeoutputs] listening...
[2026-10-01T08:50:52.066Z] [ERROR] [client] MCP tool call error, session=agent:ee7184546354, tool=create_pull_request, error=calling "tools/call": ERR_VALIDATION: Invalid arguments: missing or empty 'title', 'body'

Required parameter 'title': Concise PR title describing the changes. Follow repository conventions (e.g., conventional commits). The title appears as the main heading.
Required parameter 'body': Detailed PR description in Markdown. Include what changes were made, why, testing notes, and any breaking changes. Do NOT repeat the title as a heading.

Example:
{
  "title": "Issue title",
  "body": "Your comment or description text",
  "branch": "feature-branch"
}
[2026-10-01T08:50:52.067Z] [DEBUG] [payload] Tool call failed, skipping payload storage: tool=safeoutputs___create_pull_request, queryID=[REDACTED], error=calling "tools/call": ERR_VALIDATION: Invalid arguments: missing or empty 'title', 'body'

Required parameter 'title': Concise PR title describing the changes. Follow repository conventions (e.g., conventional commits). The title appears as the main heading.
Required parameter 'body': Detailed PR description in Markdown. Include what changes were made, why, testing notes, and any breaking changes. Do NOT repeat the title as a heading.

Example:
{
  "title": "Issue title",
  "body": "Your comment or description text",
  "branch": "feature-branch"
}
[2026-10-01T08:50:52.068Z] [DEBUG] [server:response_writer] Writing response body: 661 bytes
[2026-10-01T08:50:52.068Z] [INFO] [backend] [safeoutputs] [stderr] [2026-10-01T08:50:52.047Z] [safeoutputs] recv: {"jsonrpc":"2.0","id":1,"method":"server/discover","params":{"_meta":{"io.modelcontextprotocol/clientCapabilities":{"roots":{"listChanged":true}},"io.modelcontextprotocol/clientInfo":{"name":"awmg","version":"v0.4.25"},"io.modelcontextprotocol/protocolVersion":"2026-07-28"}}}
[2026-10-01T08:50:52.068Z] [DEBUG] [httputil:httputil] BaseResponseWriter.Write: implicit 200 status captured (first write, len=661)
[2026-10-01T08:50:52.069Z] [DEBUG] [httputil:httputil] BaseResponseWriter.Write: implicit 200 status captured (first write, len=661)
[2026-10-01T08:50:52.069Z] [INFO] [backend] [safeoutputs] [stderr] [2026-10-01T08:50:52.047Z] [safeoutputs] send: {"jsonrpc":"2.0","id":1,"error":{"code":-32601,"message":"Method not found: server/discover"}}
[2026-10-01T08:50:52.070Z] [DEBUG] [server:response_writer] Retrieving captured body: 661 bytes
[2026-10-01T08:50:52.070Z] [DEBUG] [server:sdk-frontend] <<< SDK Response [routed:safeoutputs] status=200 duration=311.010071ms (non-JSON or stream)
[2026-10-01T08:50:52.070Z] [INFO] [backend] [safeoutputs] [stderr] [2026-10-01T08:50:52.048Z] [safeoutputs] recv: {"jsonrpc":"2.0","id":2,"method":"initialize","params":{"clientInfo":{"name":"awmg","version":"v0.4.25"},"protocolVersion":"2025-11-25","capabilities":{"roots":{"listChanged":true}}}}
[2026-10-01T08:50:52.071Z] [DEBUG] [server:sdk-frontend]     Raw response (sanitized, truncated): event: message
data: {"jsonrpc":"2.0","id":2,"error":{"code":-32602,"message":"calling \"tools/call\": ERR_VALIDATION: Invalid arguments: missing or empty 'title', 'body'\n\nRequired parameter 'title': Concise PR title describing the changes. Follow repository conventions (e.g., conventional commits). The title appears as the main heading.\nRequired parameter 'body': Detailed PR description in Markdown. Include what changes were made, why, testing notes, and any breaking changes. Do NOT repeat t...
[2026-10-01T08:50:52.071Z] [INFO] [backend] [safeoutputs] [stderr] [2026-10-01T08:50:52.048Z] [safeoutputs] client info: {"name":"awmg","version":"v0.4.25"}
[2026-10-01T08:50:52.073Z] [INFO] [backend] [safeoutputs] [stderr] [2026-10-01T08:50:52.048Z] [safeoutputs] send: {"jsonrpc":"2.0","id":2,"result":{"serverInfo":{"name":"safeoutputs","version":"1.0.0"},"protocolVersion":"2025-11-25","capabilities":{"tools":{}}}}
[2026-10-01T08:50:52.073Z] [INFO] [backend] [safeoutputs] [stderr] [2026-10-01T08:50:52.049Z] [safeoutputs] recv: {"jsonrpc":"2.0","method":"notifications/initialized","params":{}}
[2026-10-01T08:50:52.074Z] [INFO] [backend] [safeoutputs] [stderr] [2026-10-01T08:50:52.049Z] [safeoutputs] ignore notifications/initialized
[2026-10-01T08:50:52.074Z] [INFO] [backend] [safeoutputs] [stderr] [2026-10-01T08:50:52.062Z] [safeoutputs] recv: {"jsonrpc":"2.0","id":3,"method":"tools/call","params":{"name":"create_pull_request","arguments":{"branch":"feature/user-menu-redesign"}}}
[2026-10-01T08:50:52.075Z] [INFO] [backend] [safeoutputs] [stderr] [2026-10-01T08:50:52.063Z] [safeoutputs] send: {"jsonrpc":"2.0","id":3,"error":{"code":-32602,"message":"ERR_VALIDATION: Invalid arguments: missing or empty 'title', 'body'\n\nRequired parameter 'title': Concise PR title describing the changes. Follow repository conventions (e.g., conventional commits). The title appears as the main heading.\nRequired parameter 'body': Detailed PR description in Markdown. Include what changes were made, why, testing notes, and any breaking changes. Do NOT repeat the title as a heading.\n\nExample:\n{\n  \"title\": \"Issue title\",\n  \"body\": \"Your comment or description text\",\n  \"branch\": \"feature-branch\"\n}"}}
[2026-10-01T08:51:14.002Z] [DEBUG] [launcher:launcher] Retrieved server IDs: count=1, ids=[safeoutputs]
[2026-10-01T08:51:14.005Z] [DEBUG] [launcher:health] Running health check: checking 1 servers
[2026-10-01T08:51:14.006Z] [DEBUG] [launcher:launcher] GetServerState: serverID=safeoutputs
[2026-10-01T08:51:14.006Z] [DEBUG] [launcher:launcher] Server state: serverID=safeoutputs, status=running, startedAt=2026-10-01 08:43:43.934027795 +0000 UTC m=+4.370258344
[2026-10-01T08:51:43.981Z] [DEBUG] [launcher:launcher] Retrieved server IDs: count=1, ids=[safeoutputs]
[2026-10-01T08:51:43.982Z] [DEBUG] [launcher:health] Running health check: checking 1 servers
[2026-10-01T08:51:43.982Z] [DEBUG] [launcher:launcher] GetServerState: serverID=safeoutputs
[2026-10-01T08:51:43.983Z] [DEBUG] [launcher:launcher] Server state: serverID=safeoutputs, status=running, startedAt=2026-10-01 08:43:43.934027795 +0000 UTC m=+4.370258344
[2026-10-01T08:51:44.715Z] [DEBUG] [tracing:http] Handling request: span=gateway.request, method=POST, path=/mcp/safeoutputs, remoteParent=false
[2026-10-01T08:51:44.715Z] [DEBUG] [tracing:http] Span started: span=gateway.request, traceID=[REDACTED]
[2026-10-01T08:51:44.716Z] [DEBUG] [server:auth] Authenticating request: method=POST, path=/mcp/safeoutputs, remote=172.30.0.20:47448
[2026-10-01T08:51:44.716Z] [INFO] [auth] Authentication successful, remote=172.30.0.20:47448, path=/mcp/safeoutputs
[2026-10-01T08:51:44.716Z] [DEBUG] [auth:header] Extracting session ID from auth header: sanitized=SV5i...
[2026-10-01T08:51:44.717Z] [DEBUG] [auth:header] Using plain agent ID as session ID
[2026-10-01T08:51:44.717Z] [DEBUG] [config:agent_policy] AgentPolicyFor: no policy configured for agentID=agent:ee7184546354
[2026-10-01T08:51:44.717Z] [DEBUG] [server:sdk-frontend] >>> SDK Request [routed:safeoutputs] session=agent:ee7184546354 mcp-session=(none) method=POST path=/mcp/safeoutputs
[2026-10-01T08:51:44.718Z] [DEBUG] [server:helpers] readAndRestoreRequestBody: read and restored 163 bytes
[2026-10-01T08:51:44.718Z] [DEBUG] [server:sdk-frontend]     JSON-RPC Request: method=initialize id=1
[2026-10-01T08:51:44.718Z] [DEBUG] [sdk-frontend] JSON-RPC request parsed: mode=routed:safeoutputs, method=initialize, id=1, session=agent:ee7184546354
[2026-10-01T08:51:44.719Z] [DEBUG] [server:response_writer] Creating new response writer
[2026-10-01T08:51:44.719Z] [DEBUG] [server:helpers] readAndRestoreRequestBody: read and restored 163 bytes
[2026-10-01T08:51:44.719Z] [DEBUG] [server:session] Extracting session from request: remote=172.30.0.20:47448, path=/mcp/safeoutputs
[2026-10-01T08:51:44.719Z] [DEBUG] [auth:header] Extracting session ID from auth header: sanitized=SV5i...
[2026-10-01T08:51:44.720Z] [DEBUG] [auth:header] Using plain agent ID as session ID
[2026-10-01T08:51:44.720Z] [DEBUG] [server:session] Session extracted successfully: sessionID=agent:ee7184546354, remote=172.30.0.20:47448
[2026-10-01T08:51:44.720Z] [INFO] [client] New MCP client connection, remote=172.30.0.20:47448, method=POST, path=/mcp/safeoutputs, backend=safeoutputs, session=agent:ee7184546354
[2026-10-01T08:51:44.721Z] [DEBUG] [config:agent_policy] AgentPolicyFor: no policy configured for agentID=agent:ee7184546354
[2026-10-01T08:51:44.721Z] [DEBUG] [server:helpers] Checking request body: method=POST, hasBody=true, sessionID=agent:ee7184546354
[2026-10-01T08:51:44.722Z] [DEBUG] [server:helpers] readAndRestoreRequestBody: read and restored 163 bytes
[2026-10-01T08:51:44.722Z] [DEBUG] [server:helpers] Request body read: size=163 bytes, sessionID=agent:ee7184546354, backendID=safeoutputs
[2026-10-01T08:51:44.723Z] [DEBUG] [client] MCP client request body, backend=safeoutputs, body={"jsonrpc":"2.0","id":1,"method":"initialize","params":{"capabilities":{},"clientInfo":{"name":"mcp-cli-bridge","version":"1.0.0"},"protocolVersion":"2024-11-05"}}
[2026-10-01T08:51:44.723Z] [DEBUG] [server:helpers] Request body logged for debugging
[2026-10-01T08:51:44.723Z] [DEBUG] [server:session] Injecting session context: sessionID=agent:ee7184546354, backendID=safeoutputs, enclave=false
[2026-10-01T08:51:44.724Z] [DEBUG] [guard:context] Setting agent ID in context: agent:ee7184546354
[2026-10-01T08:51:44.724Z] [DEBUG] [server:session] Adding backend ID to context: backendID=safeoutputs
[2026-10-01T08:51:44.724Z] [DEBUG] [server:session] Session context injected successfully
[2026-10-01T08:51:44.725Z] [DEBUG] [server:session] Extracting session from request: remote=172.30.0.20:47448, path=/mcp/safeoutputs
[2026-10-01T08:51:44.725Z] [DEBUG] [auth:header] Extracting session ID from auth header: sanitized=SV5i...
[2026-10-01T08:51:44.725Z] [DEBUG] [auth:header] Using plain agent ID as session ID
[2026-10-01T08:51:44.726Z] [DEBUG] [server:session] Session extracted successfully: sessionID=agent:ee7184546354, remote=172.30.0.20:47448
[2026-10-01T08:51:44.726Z] [INFO] [client] New MCP client connection, remote=172.30.0.20:47448, method=POST, path=/mcp/safeoutputs, backend=safeoutputs, session=agent:ee7184546354
[2026-10-01T08:51:44.726Z] [DEBUG] [config:agent_policy] AgentPolicyFor: no policy configured for agentID=agent:ee7184546354
[2026-10-01T08:51:44.727Z] [DEBUG] [server:helpers] Checking request body: method=POST, hasBody=true, sessionID=agent:ee7184546354
[2026-10-01T08:51:44.727Z] [DEBUG] [server:helpers] readAndRestoreRequestBody: read and restored 163 bytes
[2026-10-01T08:51:44.727Z] [DEBUG] [server:helpers] Request body read: size=163 bytes, sessionID=agent:ee7184546354, backendID=safeoutputs
[2026-10-01T08:51:44.728Z] [DEBUG] [client] MCP client request body, backend=safeoutputs, body={"jsonrpc":"2.0","id":1,"method":"initialize","params":{"capabilities":{},"clientInfo":{"name":"mcp-cli-bridge","version":"1.0.0"},"protocolVersion":"2024-11-05"}}
[2026-10-01T08:51:44.728Z] [DEBUG] [server:helpers] Request body logged for debugging
[2026-10-01T08:51:44.728Z] [DEBUG] [server:session] Injecting session context: sessionID=agent:ee7184546354, backendID=safeoutputs, enclave=false
[2026-10-01T08:51:44.729Z] [DEBUG] [guard:context] Setting agent ID in context: agent:ee7184546354
[2026-10-01T08:51:44.729Z] [DEBUG] [server:session] Adding backend ID to context: backendID=safeoutputs
[2026-10-01T08:51:44.729Z] [DEBUG] [server:session] Session context injected successfully
[2026-10-01T08:51:44.730Z] [DEBUG] [server:routed] [INFO] server connecting
[2026-10-01T08:51:44.730Z] [DEBUG] [server:routed] [INFO] server session connected session_id=Y2PAOJA7YRQXU32OUAIUSGCBW5
[2026-10-01T08:51:44.731Z] [DEBUG] [server:response_writer] Writing response body: 209 bytes
[2026-10-01T08:51:44.731Z] [DEBUG] [httputil:httputil] BaseResponseWriter.Write: implicit 200 status captured (first write, len=209)
[2026-10-01T08:51:44.732Z] [DEBUG] [httputil:httputil] BaseResponseWriter.Write: implicit 200 status captured (first write, len=209)
[2026-10-01T08:51:44.732Z] [DEBUG] [server:response_writer] Retrieving captured body: 209 bytes
[2026-10-01T08:51:44.733Z] [DEBUG] [server:sdk-frontend] <<< SDK Response [routed:safeoutputs] status=200 duration=15.777313ms (non-JSON or stream)
[2026-10-01T08:51:44.733Z] [DEBUG] [server:sdk-frontend]     Raw response (sanitized): event: message
data: {"jsonrpc":"2.0","id":1,"result":{"capabilities":{"logging":{},"tools":{"listChanged":true}},"protocolVersion":"2024-11-05","serverInfo":{"name":"awmg-safeoutputs","version":"v0.4.25"}}}


[2026-10-01T08:51:44.736Z] [DEBUG] [tracing:http] Handling request: span=gateway.request, method=POST, path=/mcp/safeoutputs, remoteParent=false
[2026-10-01T08:51:44.737Z] [DEBUG] [tracing:http] Span started: span=gateway.request, traceID=[REDACTED]
[2026-10-01T08:51:44.737Z] [DEBUG] [server:auth] Authenticating request: method=POST, path=/mcp/safeoutputs, remote=172.30.0.20:47448
[2026-10-01T08:51:44.738Z] [INFO] [auth] Authentication successful, remote=172.30.0.20:47448, path=/mcp/safeoutputs
[2026-10-01T08:51:44.738Z] [DEBUG] [auth:header] Extracting session ID from auth header: sanitized=SV5i...
[2026-10-01T08:51:44.739Z] [DEBUG] [auth:header] Using plain agent ID as session ID
[2026-10-01T08:51:44.739Z] [DEBUG] [config:agent_policy] AgentPolicyFor: no policy configured for agentID=agent:ee7184546354
[2026-10-01T08:51:44.739Z] [DEBUG] [server:sdk-frontend] >>> SDK Request [routed:safeoutputs] session=agent:ee7184546354 mcp-session=agent:b8f8975ee88d method=POST path=/mcp/safeoutputs
[2026-10-01T08:51:44.740Z] [DEBUG] [server:helpers] readAndRestoreRequestBody: read and restored 66 bytes
[2026-10-01T08:51:44.740Z] [DEBUG] [server:sdk-frontend]     JSON-RPC Request: method=notifications/initialized id=<nil>
[2026-10-01T08:51:44.740Z] [DEBUG] [sdk-frontend] JSON-RPC request parsed: mode=routed:safeoutputs, method=notifications/initialized, id=<nil>, session=agent:ee7184546354
[2026-10-01T08:51:44.741Z] [DEBUG] [server:response_writer] Creating new response writer
[2026-10-01T08:51:44.741Z] [DEBUG] [server:session] Extracting session from request: remote=172.30.0.20:47448, path=/mcp/safeoutputs
[2026-10-01T08:51:44.742Z] [DEBUG] [auth:header] Extracting session ID from auth header: sanitized=SV5i...
[2026-10-01T08:51:44.742Z] [DEBUG] [auth:header] Using plain agent ID as session ID
[2026-10-01T08:51:44.742Z] [DEBUG] [server:session] Session extracted successfully: sessionID=agent:ee7184546354, remote=172.30.0.20:47448
[2026-10-01T08:51:44.743Z] [INFO] [client] New MCP client connection, remote=172.30.0.20:47448, method=POST, path=/mcp/safeoutputs, backend=safeoutputs, session=agent:ee7184546354
[2026-10-01T08:51:44.743Z] [DEBUG] [config:agent_policy] AgentPolicyFor: no policy configured for agentID=agent:ee7184546354
[2026-10-01T08:51:44.743Z] [DEBUG] [server:helpers] Checking request body: method=POST, hasBody=true, sessionID=agent:ee7184546354
[2026-10-01T08:51:44.744Z] [DEBUG] [server:helpers] readAndRestoreRequestBody: read and restored 66 bytes
[2026-10-01T08:51:44.744Z] [DEBUG] [server:helpers] Request body read: size=66 bytes, sessionID=agent:ee7184546354, backendID=safeoutputs
[2026-10-01T08:51:44.745Z] [DEBUG] [client] MCP client request body, backend=safeoutputs, body={"jsonrpc":"2.0","method":"notifications/initialized","params":{}}
[2026-10-01T08:51:44.745Z] [DEBUG] [server:helpers] Request body logged for debugging
[2026-10-01T08:51:44.746Z] [DEBUG] [server:session] Injecting session context: sessionID=agent:ee7184546354, backendID=safeoutputs, enclave=false
[2026-10-01T08:51:44.746Z] [DEBUG] [guard:context] Setting agent ID in context: agent:ee7184546354
[2026-10-01T08:51:44.747Z] [DEBUG] [server:session] Adding backend ID to context: backendID=safeoutputs
[2026-10-01T08:51:44.747Z] [DEBUG] [server:session] Session context injected successfully
[2026-10-01T08:51:44.747Z] [DEBUG] [server:response_writer] Setting response status code: 202
[2026-10-01T08:51:44.748Z] [DEBUG] [httputil:httputil] BaseResponseWriter.WriteHeader: capturing status code=202
[2026-10-01T08:51:44.748Z] [DEBUG] [httputil:httputil] BaseResponseWriter.WriteHeader: capturing status code=202
[2026-10-01T08:51:44.748Z] [DEBUG] [server:response_writer] Retrieving captured body: 0 bytes
[2026-10-01T08:51:44.749Z] [DEBUG] [server:sdk-frontend] <<< SDK Response [routed:safeoutputs] status=202 duration=10.240064ms (empty body)
[2026-10-01T08:51:44.749Z] [DEBUG] [server:routed] [INFO] session initialized
[2026-10-01T08:51:44.751Z] [DEBUG] [tracing:http] Handling request: span=gateway.request, method=POST, path=/mcp/safeoutputs, remoteParent=false
[2026-10-01T08:51:44.751Z] [DEBUG] [tracing:http] Span started: span=gateway.request, traceID=[REDACTED]
[2026-10-01T08:51:44.752Z] [DEBUG] [server:auth] Authenticating request: method=POST, path=/mcp/safeoutputs, remote=172.30.0.20:47448
[2026-10-01T08:51:44.752Z] [INFO] [auth] Authentication successful, remote=172.30.0.20:47448, path=/mcp/safeoutputs
[2026-10-01T08:51:44.752Z] [DEBUG] [auth:header] Extracting session ID from auth header: sanitized=SV5i...
[2026-10-01T08:51:44.753Z] [DEBUG] [auth:header] Using plain agent ID as session ID
[2026-10-01T08:51:44.753Z] [DEBUG] [config:agent_policy] AgentPolicyFor: no policy configured for agentID=agent:ee7184546354
[2026-10-01T08:51:44.754Z] [DEBUG] [server:sdk-frontend] >>> SDK Request [routed:safeoutputs] session=agent:ee7184546354 mcp-session=agent:b8f8975ee88d method=POST path=/mcp/safeoutputs
[2026-10-01T08:51:44.754Z] [DEBUG] [server:helpers] readAndRestoreRequestBody: read and restored 1931 bytes
[2026-10-01T08:51:44.754Z] [DEBUG] [server:sdk-frontend]     JSON-RPC Request: method=tools/call id=2
[2026-10-01T08:51:44.755Z] [DEBUG] [sdk-frontend] JSON-RPC request parsed: mode=routed:safeoutputs, method=tools/call, id=2, session=agent:ee7184546354
[2026-10-01T08:51:44.755Z] [DEBUG] [server:response_writer] Creating new response writer
[2026-10-01T08:51:44.755Z] [DEBUG] [server:session] Extracting session from request: remote=172.30.0.20:47448, path=/mcp/safeoutputs
[2026-10-01T08:51:44.756Z] [DEBUG] [auth:header] Extracting session ID from auth header: sanitized=SV5i...
[2026-10-01T08:51:44.756Z] [DEBUG] [auth:header] Using plain agent ID as session ID
[2026-10-01T08:51:44.756Z] [DEBUG] [server:session] Session extracted successfully: sessionID=agent:ee7184546354, remote=172.30.0.20:47448
[2026-10-01T08:51:44.757Z] [INFO] [client] New MCP client connection, remote=172.30.0.20:47448, method=POST, path=/mcp/safeoutputs, backend=safeoutputs, session=agent:ee7184546354
[2026-10-01T08:51:44.757Z] [DEBUG] [config:agent_policy] AgentPolicyFor: no policy configured for agentID=agent:ee7184546354
[2026-10-01T08:51:44.757Z] [DEBUG] [server:helpers] Checking request body: method=POST, hasBody=true, sessionID=agent:ee7184546354
[2026-10-01T08:51:44.758Z] [DEBUG] [server:helpers] readAndRestoreRequestBody: read and restored 1931 bytes
[2026-10-01T08:51:44.758Z] [DEBUG] [server:helpers] Request body read: size=1931 bytes, sessionID=agent:ee7184546354, backendID=safeoutputs
[2026-10-01T08:51:44.759Z] [DEBUG] [client] MCP client request body, backend=safeoutputs, body={"jsonrpc":"2.0","id":2,"method":"tools/call","params":{"name":"create_pull_request","arguments":{"title":"Turn the user menu into a shared Menu with hover highlighting","body":"## Issue\n\nFixes #260 - Turn the user menu into a shared Menu with hover highlighting\n\n## What\n\nThe user menu is built from the shared Menu and its Menu Item components, showing hover highlighting on one item at a time. This change implements the redesigned User Menu from the design consistency pass.\n\n## Changes Made\n\n1. **Updated HomePage.tsx** (apps/web/src/features/home/HomePage.tsx:59-65)\n   - Changed MenuItem to use `size=\"compact\"` to match the redesigned Menu Item component\n   - Updated icon size from 16px to 14px to match the compact Menu Item specification\n   \n2. **Added hover highlighting test** (apps/web/e2e/user-menu.spec.ts:84-106)\n   - Test verifies that when hovering over \"Sign out\", it shows the highlighted state\n   - Confirms only one item is highlighted at a time\n\n## Testing\n\nAll tests pass including:\n- ✓ Given I am signed in as Mara Reyes, when I open the user card's menu, then I see \"Mara Reyes\", my email and \"Sign out\" (apps/web/e2e/user-menu.spec.ts:3)\n- ✓ Given the user menu is open, when I hover \"Sign out\", then only \"Sign out\" is highlighted (apps/web/e2e/user-menu.spec.ts:84)\n\nThe implementation matches the design specification (design/tempo.pen#f1j6n for User Menu, design/tempo.pen#ZsXwz for Menu Item):\n- User menu width: 236px ✓\n- Menu padding: 6px ✓\n- Menu corner radius: 10px ✓\n- Menu Item size: compact with 14px icons ✓\n- Menu Item padding: 7px vertical, 9px horizontal ✓\n- Menu Item corner radius: 6px ✓\n- Menu Item gap: 9px ✓\n- Hover state shows bg-bg background ✓\n\n## Verification\n\nbash .github/scripts/verify.sh passes:\n- ✓ test (15 passed)\n- ✓ conventions\n- ✓ lint\n\nFixes #260","branch":"feature/user-menu-redesign"}}}
[2026-10-01T08:51:44.760Z] [DEBUG] [server:helpers] Request body logged for debugging
[2026-10-01T08:51:44.760Z] [DEBUG] [server:session] Injecting session context: sessionID=agent:ee7184546354, backendID=safeoutputs, enclave=false
[2026-10-01T08:51:44.761Z] [DEBUG] [guard:context] Setting agent ID in context: agent:ee7184546354
[2026-10-01T08:51:44.761Z] [DEBUG] [server:session] Adding backend ID to context: backendID=safeoutputs
[2026-10-01T08:51:44.761Z] [DEBUG] [server:session] Session context injected successfully
[2026-10-01T08:51:44.762Z] [DEBUG] [server:routed] [ROUTED] Calling unified handler for: create_pull_request
[2026-10-01T08:51:44.762Z] [DEBUG] [server:session] Extracted session ID from context: agent:ee7184546354
[2026-10-01T08:51:44.763Z] [DEBUG] [payload] Middleware processing tool call: tool=safeoutputs___create_pull_request, queryID=[REDACTED], session=agent:ee7184546354, baseDir=/tmp/gh-aw/mcp-payloads
[2026-10-01T08:51:44.763Z] [DEBUG] [mcp:tool_result] Parsing arguments for tool: create_pull_request
[2026-10-01T08:51:44.763Z] [DEBUG] [mcp:tool_result] Parsed 3 arguments
[2026-10-01T08:51:44.764Z] [DEBUG] [server:session] Extracted session ID from context: agent:ee7184546354
[2026-10-01T08:51:44.765Z] [INFO] [client] MCP tool call request, session=agent:ee7184546354, tool=create_pull_request, args={"body":"## Issue\n\nFixes #260 - Turn the user menu into a shared Menu with hover highlighting\n\n## What\n\nThe user menu is built from the shared Menu and its Menu Item components, showing hover highlighting on one item at a time. This change implements the redesigned User Menu from the design consistency pass.\n\n## Changes Made\n\n1. **Updated HomePage.tsx** (apps/web/src/features/home/HomePage.tsx:59-65)\n   - Changed MenuItem to use `size=\"compact\"` to match the redesigned Menu Item component\n   - Updated icon size from 16px to 14px to match the compact Menu Item specification\n   \n2. **Added hover highlighting test** (apps/web/e2e/user-menu.spec.ts:84-106)\n   - Test verifies that when hovering over \"Sign out\", it shows the highlighted state\n   - Confirms only one item is highlighted at a time\n\n## Testing\n\nAll tests pass including:\n- ✓ Given I am signed in as Mara Reyes, when I open the user card's menu, then I see \"Mara Reyes\", my email and \"Sign out\" (apps/web/e2e/user-menu.spec.ts:3)\n- ✓ Given the user menu is open, when I hover \"Sign out\", then only \"Sign out\" is highlighted (apps/web/e2e/user-menu.spec.ts:84)\n\nThe implementation matches the design specification (design/tempo.pen#f1j6n for User Menu, design/tempo.pen#ZsXwz for Menu Item):\n- User menu width: 236px ✓\n- Menu padding: 6px ✓\n- Menu corner radius: 10px ✓\n- Menu Item size: compact with 14px icons ✓\n- Menu Item padding: 7px vertical, 9px horizontal ✓\n- Menu Item corner radius: 6px ✓\n- Menu Item gap: 9px ✓\n- Hover state shows bg-bg background ✓\n\n## Verification\n\nbash .github/scripts/verify.sh passes:\n- ✓ test (15 passed)\n- ✓ conventions\n- ✓ lint\n\nFixes #260","branch":"feature/user-menu-redesign","title":"Turn the user menu into a shared Menu with hover highlighting"}
[2026-10-01T08:51:44.765Z] [DEBUG] [server:session] Extracted session ID from context: agent:ee7184546354
[2026-10-01T08:51:44.766Z] [DEBUG] [server:session] Checking session: sessionID=agent:ee7184546354
[2026-10-01T08:51:44.766Z] [DEBUG] [server:session] Session validated for ID: agent:ee7184546354
[2026-10-01T08:51:44.766Z] [DEBUG] [server:unified] callBackendTool: serverID=safeoutputs, toolName=create_pull_request
[2026-10-01T08:51:44.767Z] [DEBUG] [tracing:provider] Starting tool call span: serverID=safeoutputs, toolName=create_pull_request
[2026-10-01T08:51:44.767Z] [DEBUG] [server:session] Extracted session ID from context: agent:ee7184546354
[2026-10-01T08:51:44.767Z] [DEBUG] [server:unified] callBackendTool: args=map[body:## Issue

Fixes #260 - Turn the user menu into a shared Menu with hover highlighting

## What

The user menu is built from the shared Menu and its Menu Item components, showing hover highlighting on one item at a time. This change implements the redesigned User Menu from the design consistency pass.

## Changes Made

1. **Updated HomePage.tsx** (apps/web/src/features/home/HomePage.tsx:59-65)
   - Changed MenuItem to use `size="compact"` to match the redesigned Menu Item component
   - Updated icon size from 16px to 14px to match the compact Menu Item specification
   
2. **Added hover highlighting test** (apps/web/e2e/user-menu.spec.ts:84-106)
   - Test verifies that when hovering over "Sign out", it shows the highlighted state
   - Confirms only one item is highlighted at a time

## Testing

All tests pass including:
- ✓ Given I am signed in as Mara Reyes, when I open the user card's menu, then I see "Mara Reyes", my email and "Sign out" (apps/web/e2e/user-menu.spec.ts:3)
- ✓ Given the user menu is open, when I hover "Sign out", then only "Sign out" is highlighted (apps/web/e2e/user-menu.spec.ts:84)

The implementation matches the design specification (design/tempo.pen#f1j6n for User Menu, design/tempo.pen#ZsXwz for Menu Item):
- User menu width: 236px ✓
- Menu padding: 6px ✓
- Menu corner radius: 10px ✓
- Menu Item size: compact with 14px icons ✓
- Menu Item padding: 7px vertical, 9px horizontal ✓
- Menu Item corner radius: 6px ✓
- Menu Item gap: 9px ✓
- Hover state shows bg-bg background ✓

## Verification

bash .github/scripts/verify.sh passes:
- ✓ test (15 passed)
- ✓ conventions
- ✓ lint

Fixes #260 branch:feature/user-menu-redesign title:Turn the user menu into a shared Menu with hover highlighting]
[2026-10-01T08:51:44.769Z] [DEBUG] [guard:registry] Getting guard for serverID=safeoutputs
[2026-10-01T08:51:44.769Z] [DEBUG] [guard:registry] Found guard for serverID=safeoutputs, guardName=write-sink
[2026-10-01T08:51:44.769Z] [DEBUG] [config:config] GetAgentIDs: gateway.agentIds not set, falling back to singular effective agent ID
[2026-10-01T08:51:44.770Z] [DEBUG] [guard:context] Retrieved agent ID from context: agent:ee7184546354
[2026-10-01T08:51:44.770Z] [DEBUG] [server:guard_init] Resolving guard policy: serverID=safeoutputs
[2026-10-01T08:51:44.770Z] [DEBUG] [config:guard_policy] ParseServerGuardPolicy: serverID=safeoutputs, keyCount=1
[2026-10-01T08:51:44.770Z] [DEBUG] [config:guard_policy] ParsePolicyMap: hasAllowOnly=false, hasWriteSink=true, keyCount=1
[2026-10-01T08:51:44.771Z] [DEBUG] [config:guard_policy] Parsing guard policy JSON: len=58
[2026-10-01T08:51:44.771Z] [DEBUG] [config:guard_policy] UnmarshalJSON: parsing guard policy, keys=1
[2026-10-01T08:51:44.771Z] [DEBUG] [config:guard_policy] UnmarshalJSON: guard policy type is write-sink
[2026-10-01T08:51:44.772Z] [DEBUG] [config:guard_policy] ValidateGuardPolicy: delegating to write-sink validation, acceptCount=1, sinkVisibility="public"
[2026-10-01T08:51:44.772Z] [DEBUG] [config:guard_policy] ValidateWriteSinkPolicy: acceptCount=1, sinkVisibility="public"
[2026-10-01T08:51:44.772Z] [DEBUG] [config:guard_policy] ValidateWriteSinkPolicy: wildcard accept, policy is valid
[2026-10-01T08:51:44.773Z] [DEBUG] [server:guard_init] Using server-level guard policy: serverID=safeoutputs
[2026-10-01T08:51:44.773Z] [DEBUG] [server:guard_init] getTrustedBots: 0 trusted bot(s) configured
[2026-10-01T08:51:44.773Z] [DEBUG] [guard:wasm] BuildLabelAgentPayload: trustedBots=0, trustedUsers=0
[2026-10-01T08:51:44.774Z] [DEBUG] [server:guard_init] Guard session cache hit: server=safeoutputs, session=agent:ee7184546354, mode=filter
[2026-10-01T08:51:44.774Z] [DEBUG] [guard:context] Retrieved agent ID from context: agent:ee7184546354
[2026-10-01T08:51:44.774Z] [DEBUG] [difc:agent] GetOrCreate called for agentID=agent:ee7184546354
[2026-10-01T08:51:44.775Z] [DEBUG] [guard:pipeline] [DIFC] Phase 0: agent=agent:ee7184546354 secrecy=[] integrity=[]
[2026-10-01T08:51:44.775Z] [DEBUG] [guard:context] Setting request state in context
[2026-10-01T08:51:44.775Z] [DEBUG] [guard:write-sink] LabelResource: tool=create_pull_request, operation=write, sink-visibility=public (empty resource secrecy — tainted agents blocked)
[2026-10-01T08:51:44.776Z] [DEBUG] [difc:labels] Creating secrecy label with 0 tag(s)
[2026-10-01T08:51:44.776Z] [DEBUG] [difc:labels] Creating integrity label with 0 tag(s)
[2026-10-01T08:51:44.776Z] [DEBUG] [guard:pipeline] [DIFC] Phase 1: resource=write-sink:public (create_pull_request) op=write secrecy=[] integrity=[]
[2026-10-01T08:51:44.777Z] [DEBUG] [difc:pipeline_decisions] EvaluateCoarseAccess: operation=write, resource=write-sink:public (create_pull_request)
[2026-10-01T08:51:44.777Z] [DEBUG] [difc:evaluator] Evaluating access: operation=write, resource=write-sink:public (create_pull_request)
[2026-10-01T08:51:44.777Z] [DEBUG] [difc:evaluator] Evaluating write access: resource=write-sink:public (create_pull_request), agentSecrecy=[], agentIntegrity=[]
[2026-10-01T08:51:44.778Z] [DEBUG] [difc:evaluator] Write access allowed: resource=write-sink:public (create_pull_request)
[2026-10-01T08:51:44.778Z] [DEBUG] [difc:pipeline_decisions] EvaluateCoarseAccess: outcome=allowed, operation=write
[2026-10-01T08:51:44.778Z] [DEBUG] [guard:pipeline] [DIFC] Phase 2: access allowed for agent agent:ee7184546354 to write-sink:public (create_pull_request)
[2026-10-01T08:51:44.779Z] [DEBUG] [difc:labels] TagsToStrings: converting 0 tags to strings
[2026-10-01T08:51:44.779Z] [DEBUG] [difc:labels] TagsToStrings: converting 0 tags to strings
[2026-10-01T08:51:44.779Z] [DEBUG] [tracing:provider] Starting backend execute span: serverID=safeoutputs, toolName=create_pull_request
[2026-10-01T08:51:44.780Z] [DEBUG] [server:unified] executeBackendToolCall: serverID=safeoutputs, toolName=create_pull_request
[2026-10-01T08:51:44.780Z] [DEBUG] [backend] [safeoutputs] GetOrLaunchForSession called: server=safeoutputs, session=agent:ee7184546354
[2026-10-01T08:51:44.781Z] [DEBUG] [launcher:launcher] Server config found: serverID=safeoutputs, type=stdio
[2026-10-01T08:51:44.781Z] [DEBUG] [launcher:launcher] Checking session pool: serverID=safeoutputs, sessionID=agent:ee7184546354
[2026-10-01T08:51:44.781Z] [DEBUG] [launcher:pool] Reusing connection: backend=safeoutputs, session=agent:ee7184546354, requests=0
[2026-10-01T08:51:44.782Z] [DEBUG] [backend] [safeoutputs] Reusing session connection: server=safeoutputs, session=agent:ee7184546354
[2026-10-01T08:51:44.782Z] [DEBUG] [mcp:connection_logging] Outbound RPC request: serverID=safeoutputs, method=tools/call, payloadBytes=1924, enclave=false
[2026-10-01T08:51:44.782Z] [DEBUG] [mcp:connection_logging] snapshotTags: no agent tag snapshot attached
[2026-10-01T08:51:44.783Z] [DEBUG] [rpc] safeoutputs→tools/call 1924b {"jsonrpc":"2.0","method":"tools/call","params":{"arguments":{"body":"## Issue\n\nFixes #260 - Turn the user menu into a shared Menu with hover highlighting\n\n## What\n\nThe user menu is built from the shared Menu and its Menu Item components, showing hover highlighting on one item at a time. This change implements the redesigned User Menu from the design consistency pass.\n\n## Changes Made\n\n1. **Updated HomePage.tsx** (apps/web/src/features/home/HomePage.tsx:59-65)\n   - Changed MenuItem to use `size=\"compact\"` to match the redesigned Menu Item component\n   - Updated icon size from 16px to 14px to match the compact Menu Item specification\n   \n2. **Added hover highlighting test** (apps/web/e2e/user-menu.spec.ts:84-106)\n   - Test verifies that when hovering over \"Sign out\", it shows the highlighted state\n   - Confirms only one item is highlighted at a time\n\n## Testing\n\nAll tests pass including:\n- ✓ Given I am signed in as Mara Reyes, when I open the user card's menu, then I see \"Mara Reyes\", my email and \"Sign out\" (apps/web/e2e/user-menu.spec.ts:3)\n- ✓ Given the user menu is open, when I hover \"Sign out\", then only \"Sign out\" is highlighted (apps/web/e2e/user-menu.spec.ts:84)\n\nThe implementation matches the design specification (design/tempo.pen#f1j6n for User Menu, design/tempo.pen#ZsXwz for Menu Item):\n- User menu width: 236px ✓\n- Menu padding: 6px ✓\n- Menu corner radius: 10px ✓\n- Menu Item size: compact with 14px icons ✓\n- Menu Item padding: 7px vertical, 9px horizontal ✓\n- Menu Item corner radius: 6px ✓\n- Menu Item gap: 9px ✓\n- Hover state shows bg-bg background ✓\n\n## Verification\n\nbash .github/scripts/verify.sh passes:\n- ✓ test (15 passed)\n- ✓ conventions\n- ✓ lint\n\nFixes #260","branch":"feature/user-menu-redesign","title":"Turn the user menu into a shared Menu with hover highlighting"},"name":"create_pull_request"}}
[2026-10-01T08:51:44.786Z] [DEBUG] [mcp:connection] Dispatching SDK method: tools/call, serverID=safeoutputs
[2026-10-01T08:51:44.786Z] [DEBUG] [mcp:helpers] callParamMethod: validating SDK session for serverID=safeoutputs
[2026-10-01T08:51:44.786Z] [DEBUG] [mcp:helpers] unmarshalParams: converting params_json_len=1875 bytes to typed struct
[2026-10-01T08:51:44.787Z] [DEBUG] [mcp:helpers] callParamMethod: invoking SDK operation for serverID=safeoutputs
[2026-10-01T08:51:44.787Z] [DEBUG] [mcp:connection] callTool: parsed name=create_pull_request, argumentCount=3
[2026-10-01T08:51:44.791Z] [INFO] [backend] [safeoutputs] [stderr] [2026-10-01T08:51:44.788Z] [safeoutputs] recv: {"jsonrpc":"2.0","id":4,"method":"tools/call","params":{"name":"create_pull_request","arguments":{"body":"## Issue\n\nFixes #260 - Turn the user menu into a shared Menu with hover highlighting\n\n## What\n\nThe user menu is built from the shared Menu and its Menu Item components, showing hover highlighting on one item at a time. This change implements the redesigned User Menu from the design consistency pass.\n\n## Changes Made\n\n1. **Updated HomePage.tsx** (apps/web/src/features/home/HomePage.tsx:59-65)\n   - Changed MenuItem to use `size=\"compact\"` to match the redesigned Menu Item component\n   - Updated icon size from 16px to 14px to match the compact Menu Item specification\n   \n2. **Added hover highlighting test** (apps/web/e2e/user-menu.spec.ts:84-106)\n   - Test verifies that when hovering over \"Sign out\", it shows the highlighted state\n   - Confirms only one item is highlighted at a time\n\n## Testing\n\nAll tests pass including:\n- ✓ Given I am signed in as Mara Reyes, when I open the user card's menu, then I see \"Mara Reyes\", my email and \"Sign out\" (apps/web/e2e/user-menu.spec.ts:3)\n- ✓ Given the user menu is open, when I hover \"Sign out\", then only \"Sign out\" is highlighted (apps/web/e2e/user-menu.spec.ts:84)\n\nThe implementation matches the design specification (design/tempo.pen#f1j6n for User Menu, design/tempo.pen#ZsXwz for Menu Item):\n- User menu width: 236px ✓\n- Menu padding: 6px ✓\n- Menu corner radius: 10px ✓\n- Menu Item size: compact with 14px icons ✓\n- Menu Item padding: 7px vertical, 9px horizontal ✓\n- Menu Item corner radius: 6px ✓\n- Menu Item gap: 9px ✓\n- Hover state shows bg-bg background ✓\n\n## Verification\n\nbash .github/scripts/verify.sh passes:\n- ✓ test (15 passed)\n- ✓ conventions\n- ✓ lint\n\nFixes #260","branch":"feature/user-menu-redesign","title":"Turn the user menu into a shared Menu with hover highlighting"}}}
[2026-10-01T08:51:44.793Z] [INFO] [backend] [safeoutputs] [stderr] [2026-10-01T08:51:44.790Z] [safeoutputs] Calling handler for tool: create_pull_request
[2026-10-01T08:51:44.793Z] [INFO] [backend] [safeoutputs] [stderr] [debug] Executing git command: git rev-parse --verify refs/heads/feature/user-menu-redesign^{commit}
[2026-10-01T08:51:44.797Z] [INFO] [backend] [safeoutputs] [stderr] [debug] Git command output: [REDACTED]
[2026-10-01T08:51:44.797Z] [INFO] [backend] [safeoutputs] [stderr] 
[2026-10-01T08:51:44.798Z] [INFO] [backend] [safeoutputs] [stderr] [2026-10-01T08:51:44.796Z] [safeoutputs] Pinned branch 'feature/user-menu-redesign' to SHA [REDACTED]
[2026-10-01T08:51:44.799Z] [INFO] [backend] [safeoutputs] [stderr] [2026-10-01T08:51:44.796Z] [safeoutputs] Generating patch for create_pull_request with branch: feature/user-menu-redesign
[2026-10-01T08:51:44.800Z] [INFO] [backend] [safeoutputs] [stderr] [generate_git_patch] Starting patch generation: mode=full, branch=feature/user-menu-redesign, defaultBranch=develop
[2026-10-01T08:51:44.800Z] [INFO] [backend] [safeoutputs] [stderr] [generate_git_patch] Environment: cwd=/home/runner/work/gh-aw-spike-target/gh-aw-spike-target, GITHUB_SHA=[REDACTED]
[2026-10-01T08:51:44.801Z] [INFO] [backend] [safeoutputs] [stderr] [generate_git_patch] Strategy 1: Using pinned SHA [REDACTED] (branch: feature/user-menu-redesign)
[2026-10-01T08:51:44.802Z] [INFO] [backend] [safeoutputs] [stderr] [generate_git_patch] Strategy 1 (full): Computing merge-base with develop (ignoring any stale origin/feature/user-menu-redesign)
[2026-10-01T08:51:44.802Z] [INFO] [backend] [safeoutputs] [stderr] [debug] Executing git command: git show-ref --verify --quiet refs/remotes/origin/develop
[2026-10-01T08:51:44.803Z] [INFO] [backend] [safeoutputs] [stderr] [debug] Git command completed successfully with no output
[2026-10-01T08:51:44.804Z] [INFO] [backend] [safeoutputs] [stderr] [generate_git_patch] Strategy 1 (full): origin/develop exists locally
[2026-10-01T08:51:44.804Z] [INFO] [backend] [safeoutputs] [stderr] [debug] Executing git command: git rev-parse [REDACTED]
[2026-10-01T08:51:44.805Z] [INFO] [backend] [safeoutputs] [stderr] [debug] Git command output: [REDACTED]
[2026-10-01T08:51:44.806Z] [INFO] [backend] [safeoutputs] [stderr] 
[2026-10-01T08:51:44.806Z] [INFO] [backend] [safeoutputs] [stderr] [debug] Executing git command: git merge-base --is-ancestor -- [REDACTED] [REDACTED]
[2026-10-01T08:51:44.809Z] [INFO] [backend] [safeoutputs] [stderr] [debug] Git command completed successfully with no output
[2026-10-01T08:51:44.810Z] [INFO] [backend] [safeoutputs] [stderr] [debug] Executing git command: git merge-base --is-ancestor -- [REDACTED] origin/develop
[2026-10-01T08:51:44.812Z] [INFO] [backend] [safeoutputs] [stderr] [debug] Git command completed successfully with no output
[2026-10-01T08:51:44.813Z] [INFO] [backend] [safeoutputs] [stderr] [debug] Executing git command: git merge-base -- origin/develop [REDACTED]
[2026-10-01T08:51:44.815Z] [INFO] [backend] [safeoutputs] [stderr] [debug] Git command output: [REDACTED]
[2026-10-01T08:51:44.816Z] [INFO] [backend] [safeoutputs] [stderr] 
[2026-10-01T08:51:44.816Z] [INFO] [backend] [safeoutputs] [stderr] [generate_git_patch] Strategy 1 (full): Computed merge-base: [REDACTED]
[2026-10-01T08:51:44.817Z] [INFO] [backend] [safeoutputs] [stderr] [debug] Executing git command: git rev-parse [REDACTED]
[2026-10-01T08:51:44.817Z] [INFO] [backend] [safeoutputs] [stderr] [debug] Git command output: [REDACTED]
[2026-10-01T08:51:44.818Z] [INFO] [backend] [safeoutputs] [stderr] 
[2026-10-01T08:51:44.819Z] [INFO] [backend] [safeoutputs] [stderr] [generate_git_patch] Strategy 1: Resolved baseRef [REDACTED] to SHA [REDACTED]
[2026-10-01T08:51:44.820Z] [INFO] [backend] [safeoutputs] [stderr] [debug] Executing git command: git rev-list --count [REDACTED]..[REDACTED]
[2026-10-01T08:51:44.822Z] [INFO] [backend] [safeoutputs] [stderr] [debug] Git command output: 1
[2026-10-01T08:51:44.822Z] [INFO] [backend] [safeoutputs] [stderr] 
[2026-10-01T08:51:44.823Z] [INFO] [backend] [safeoutputs] [stderr] [generate_git_patch] Strategy 1: Found 1 commits between [REDACTED] and [REDACTED]
[2026-10-01T08:51:44.824Z] [INFO] [backend] [safeoutputs] [stderr] [debug] Executing git command: git format-patch [REDACTED]..[REDACTED] --stdout
[2026-10-01T08:51:44.828Z] [INFO] [backend] [safeoutputs] [stderr] [debug] Git command output: From [REDACTED] Mon Sep 17 00:00:00 2001
[2026-10-01T08:51:44.828Z] [INFO] [backend] [safeoutputs] [stderr] From: "github-actions[bot]" <github-actions[bot]@users.noreply.github.com>
[2026-10-01T08:51:44.829Z] [INFO] [backend] [safeoutputs] [stderr] Date: Thu, 1 Oct 2026 08:49:53 +0000
[2026-10-01T08:51:44.830Z] [INFO] [backend] [safeoutputs] [stderr] Subject: [PATCH] ...
[2026-10-01T08:51:44.831Z] [INFO] [backend] [safeoutputs] [stderr] [generate_git_patch] Strategy 1: SUCCESS - Generated patch with 90 lines
[2026-10-01T08:51:44.832Z] [INFO] [backend] [safeoutputs] [stderr] [generate_git_patch] Final: SUCCESS - patchSize=3696 bytes, patchLines=91, diffSize=(n/a) bytes, baseCommit=[REDACTED]
[2026-10-01T08:51:44.833Z] [INFO] [backend] [safeoutputs] [stderr] [2026-10-01T08:51:44.828Z] [safeoutputs] Patch generated successfully: /tmp/gh-aw/aw-feature-user-menu-redesign.patch (3696 bytes, 91 lines)
[2026-10-01T08:51:44.833Z] [INFO] [backend] [safeoutputs] [stderr] [2026-10-01T08:51:44.828Z] [safeoutputs] Generating bundle for create_pull_request with branch: feature/user-menu-redesign
[2026-10-01T08:51:44.834Z] [INFO] [backend] [safeoutputs] [stderr] [generate_git_bundle] Starting bundle generation: mode=full, branch=feature/user-menu-redesign, defaultBranch=develop
[2026-10-01T08:51:44.835Z] [INFO] [backend] [safeoutputs] [stderr] [generate_git_bundle] Environment: cwd=/home/runner/work/gh-aw-spike-target/gh-aw-spike-target, GITHUB_SHA=[REDACTED]
[2026-10-01T08:51:44.836Z] [INFO] [backend] [safeoutputs] [stderr] [generate_git_bundle] Strategy 1: Checking if branch 'feature/user-menu-redesign' exists locally
[2026-10-01T08:51:44.837Z] [INFO] [backend] [safeoutputs] [stderr] [debug] Executing git command: git show-ref --verify --quiet refs/heads/feature/user-menu-redesign
[2026-10-01T08:51:44.837Z] [INFO] [backend] [safeoutputs] [stderr] [debug] Git command completed successfully with no output
[2026-10-01T08:51:44.838Z] [INFO] [backend] [safeoutputs] [stderr] [generate_git_bundle] Strategy 1: Branch 'feature/user-menu-redesign' exists locally
[2026-10-01T08:51:44.839Z] [INFO] [backend] [safeoutputs] [stderr] [generate_git_bundle] Strategy 1 (full): Checking if origin/feature/user-menu-redesign exists
[2026-10-01T08:51:44.839Z] [INFO] [backend] [safeoutputs] [stderr] [debug] Executing git command: git show-ref --verify --quiet refs/remotes/origin/feature/user-menu-redesign
[2026-10-01T08:51:44.840Z] [INFO] [backend] [safeoutputs] [stderr] [error] Git command failed: git show-ref --verify --quiet refs/remotes/origin/feature/user-menu-redesign
[2026-10-01T08:51:44.840Z] [INFO] [backend] [safeoutputs] [stderr] [error] Exit status: 1
[2026-10-01T08:51:44.841Z] [INFO] [backend] [safeoutputs] [stderr] [generate_git_bundle] Strategy 1 (full): origin/feature/user-menu-redesign not found, trying merge-base with develop
[2026-10-01T08:51:44.842Z] [INFO] [backend] [safeoutputs] [stderr] [debug] Executing git command: git show-ref --verify --quiet refs/remotes/origin/develop
[2026-10-01T08:51:44.842Z] [INFO] [backend] [safeoutputs] [stderr] [debug] Git command completed successfully with no output
[2026-10-01T08:51:44.843Z] [INFO] [backend] [safeoutputs] [stderr] [generate_git_bundle] Strategy 1 (full): origin/develop exists locally
[2026-10-01T08:51:44.844Z] [INFO] [backend] [safeoutputs] [stderr] [debug] Executing git command: git rev-parse feature/user-menu-redesign
[2026-10-01T08:51:44.844Z] [INFO] [backend] [safeoutputs] [stderr] [debug] Git command output: [REDACTED]
[2026-10-01T08:51:44.845Z] [INFO] [backend] [safeoutputs] [stderr] 
[2026-10-01T08:51:44.846Z] [INFO] [backend] [safeoutputs] [stderr] [debug] Executing git command: git merge-base --is-ancestor -- [REDACTED] feature/user-menu-redesign
[2026-10-01T08:51:44.849Z] [INFO] [backend] [safeoutputs] [stderr] [debug] Git command completed successfully with no output
[2026-10-01T08:51:44.851Z] [INFO] [backend] [safeoutputs] [stderr] [debug] Executing git command: git merge-base --is-ancestor -- [REDACTED] origin/develop
[2026-10-01T08:51:44.853Z] [INFO] [backend] [safeoutputs] [stderr] [debug] Git command completed successfully with no output
[2026-10-01T08:51:44.854Z] [INFO] [backend] [safeoutputs] [stderr] [debug] Executing git command: git merge-base -- origin/develop feature/user-menu-redesign
[2026-10-01T08:51:44.858Z] [INFO] [backend] [safeoutputs] [stderr] [debug] Git command output: [REDACTED]
[2026-10-01T08:51:44.859Z] [INFO] [backend] [safeoutputs] [stderr] 
[2026-10-01T08:51:44.859Z] [INFO] [backend] [safeoutputs] [stderr] [generate_git_bundle] Strategy 1 (full): Computed merge-base: [REDACTED]
[2026-10-01T08:51:44.860Z] [INFO] [backend] [safeoutputs] [stderr] [debug] Executing git command: git rev-parse [REDACTED]
[2026-10-01T08:51:44.862Z] [INFO] [backend] [safeoutputs] [stderr] [debug] Git command output: [REDACTED]
[2026-10-01T08:51:44.863Z] [INFO] [backend] [safeoutputs] [stderr] 
[2026-10-01T08:51:44.864Z] [INFO] [backend] [safeoutputs] [stderr] [generate_git_bundle] Strategy 1: Resolved baseRef [REDACTED] to SHA [REDACTED]
[2026-10-01T08:51:44.864Z] [INFO] [backend] [safeoutputs] [stderr] [debug] Executing git command: git rev-list --count [REDACTED]..feature/user-menu-redesign
[2026-10-01T08:51:44.865Z] [INFO] [backend] [safeoutputs] [stderr] [debug] Git command output: 1
[2026-10-01T08:51:44.866Z] [INFO] [backend] [safeoutputs] [stderr] 
[2026-10-01T08:51:44.867Z] [INFO] [backend] [safeoutputs] [stderr] [generate_git_bundle] Strategy 1: Found 1 commits between [REDACTED] and feature/user-menu-redesign
[2026-10-01T08:51:44.868Z] [INFO] [backend] [safeoutputs] [stderr] [debug] Executing git command: git bundle create /tmp/gh-aw/aw-feature-user-menu-redesign.bundle [REDACTED]..feature/user-menu-redesign
[2026-10-01T08:51:44.876Z] [INFO] [backend] [safeoutputs] [stderr] [debug] Git command completed successfully with no output
[2026-10-01T08:51:44.877Z] [INFO] [backend] [safeoutputs] [stderr] [generate_git_bundle] Strategy 1: SUCCESS - Generated bundle of 1843 bytes
[2026-10-01T08:51:44.877Z] [INFO] [backend] [safeoutputs] [stderr] [generate_git_bundle] Final: SUCCESS - bundleSize=1843 bytes, baseCommit=[REDACTED]
[2026-10-01T08:51:44.878Z] [INFO] [backend] [safeoutputs] [stderr] [2026-10-01T08:51:44.875Z] [safeoutputs] Bundle generated successfully: /tmp/gh-aw/aw-feature-user-menu-redesign.bundle (1843 bytes)
[2026-10-01T08:51:44.879Z] [INFO] [backend] [safeoutputs] [stderr] [debug] Executing git command: git rev-parse --verify refs/heads/feature/user-menu-redesign^{commit}
[2026-10-01T08:51:44.880Z] [INFO] [backend] [safeoutputs] [stderr] [debug] Git command output: [REDACTED]
[2026-10-01T08:51:44.880Z] [DEBUG] [mcp:helpers] marshalToResponse: result_len=250 bytes
[2026-10-01T08:51:44.881Z] [DEBUG] [mcp:connection_logging] Inbound RPC response: serverID=safeoutputs, payloadBytes=284, hasError=false, enclave=false
[2026-10-01T08:51:44.881Z] [DEBUG] [mcp:connection_logging] snapshotTags: no agent tag snapshot attached
[2026-10-01T08:51:44.881Z] [DEBUG] [rpc] safeoutputs←resp 284b {"jsonrpc":"2.0","id":1,"result":{"content":[{"type":"text","text":"{\"result\":\"success\",\"patch\":{\"path\":\"/tmp/gh-aw/aw-feature-user-menu-redesign.patch\",\"size\":3696,\"lines\":91},\"bundle\":{\"path\":\"/tmp/gh-aw/aw-feature-user-menu-redesign.bundle\",\"size\":1843}}"}]}}
[2026-10-01T08:51:44.882Z] [INFO] [backend] [safeoutputs] [stderr] 
[2026-10-01T08:51:44.882Z] [INFO] [backend] [safeoutputs] [stderr] [2026-10-01T08:51:44.879Z] [safeoutputs] Handler returned for tool: create_pull_request
[2026-10-01T08:51:44.883Z] [DEBUG] [server:circuit_breaker] isRateLimitToolResult: result is not an error result, skipping rate-limit check
[2026-10-01T08:51:44.883Z] [DEBUG] [difc:pipeline_decisions] ShouldCallLabelResponse: operation=write, mode=filter, result=false
[2026-10-01T08:51:44.883Z] [INFO] [backend] [safeoutputs] [stderr] [2026-10-01T08:51:44.879Z] [safeoutputs] send: {"jsonrpc":"2.0","id":4,"result":{"content":[{"type":"text","text":"{\"result\":\"success\",\"patch\":{\"path\":\"/tmp/gh-aw/aw-feature-user-menu-redesign.patch\",\"size\":3696,\"lines\":91},\"bundle\":{\"path\":\"/tmp/gh-aw/aw-feature-user-menu-redesign.bundle\",\"size\":1843}}"}],"isError":false}}
[2026-10-01T08:51:44.884Z] [DEBUG] [guard:pipeline] [DIFC] Phase 4: skipping LabelResponse for write operation in filter mode
[2026-10-01T08:51:44.884Z] [DEBUG] [difc:pipeline_decisions] FilterAndConvertLabeledData: operation=write, mode=filter, hasData=false
[2026-10-01T08:51:44.884Z] [DEBUG] [difc:pipeline_decisions] FilterAndConvertLabeledData: labeledData is nil, returning empty result
[2026-10-01T08:51:44.885Z] [DEBUG] [difc:pipeline_decisions] ShouldAccumulateReadLabels: operation=write, mode=filter, accumulate=false
[2026-10-01T08:51:44.885Z] [DEBUG] [mcp:tool_result] Converting backend result to CallToolResult
[2026-10-01T08:51:44.885Z] [DEBUG] [mcp:tool_result] Converted result: content_items=1, is_error=false
[2026-10-01T08:51:44.886Z] [INFO] [client] MCP tool call response, session=agent:ee7184546354, tool=create_pull_request, result={"content":[{"text":"{\"result\":\"success\",\"patch\":{\"path\":\"/tmp/gh-aw/aw-feature-user-menu-redesign.patch\",\"size\":3696,\"lines\":91},\"bundle\":{\"path\":\"/tmp/gh-aw/aw-feature-user-menu-redesign.bundle\",\"size\":1843}}","type":"text"}]}
[2026-10-01T08:51:44.886Z] [DEBUG] [middleware:jqschema] tryApplyToolResponseFilter: tool=safeoutputs___create_pull_request, queryID=[REDACTED], hasFilter=false
[2026-10-01T08:51:44.886Z] [DEBUG] [mcpresult:mcpresult] Normalizing MCP content items from type []interface {}
[2026-10-01T08:51:44.887Z] [DEBUG] [mcpresult:mcpresult] Normalized []interface{} content: input=1 output=1
[2026-10-01T08:51:44.887Z] [DEBUG] [middleware:jqschema] fast-path: content_text_len=189 within threshold-4096=520192, skipping json.Marshal: tool=safeoutputs___create_pull_request, queryID=[REDACTED]
[2026-10-01T08:51:44.888Z] [DEBUG] [server:response_writer] Writing response body: 307 bytes
[2026-10-01T08:51:44.888Z] [DEBUG] [httputil:httputil] BaseResponseWriter.Write: implicit 200 status captured (first write, len=307)
[2026-10-01T08:51:44.888Z] [DEBUG] [httputil:httputil] BaseResponseWriter.Write: implicit 200 status captured (first write, len=307)
[2026-10-01T08:51:44.889Z] [DEBUG] [server:response_writer] Retrieving captured body: 307 bytes
[2026-10-01T08:51:44.889Z] [DEBUG] [server:sdk-frontend] <<< SDK Response [routed:safeoutputs] status=200 duration=136.096887ms (non-JSON or stream)
[2026-10-01T08:51:44.889Z] [DEBUG] [server:sdk-frontend]     Raw response (sanitized): event: message
data: {"jsonrpc":"2.0","id":2,"result":{"content":[{"type":"text","text":"{\"result\":\"success\",\"patch\":{\"path\":\"/tmp/gh-aw/aw-feature-user-menu-redesign.patch\",\"size\":3696,\"lines\":91},\"bundle\":{\"path\":\"/tmp/gh-aw/aw-feature-user-menu-redesign.bundle\",\"size\":1843}}"}]}}


[2026-10-01T08:51:51.627Z] [DEBUG] [server:response_writer] Creating new response writer
[2026-10-01T08:51:51.628Z] [DEBUG] [server:auth] Authenticating request: method=POST, path=/close, remote=172.17.0.1:51082
[2026-10-01T08:51:51.629Z] [INFO] [auth] Authentication successful, remote=172.17.0.1:51082, path=/close
[2026-10-01T08:51:51.629Z] [INFO] [shutdown] Close endpoint called: method=POST, path=/close, remote=172.17.0.1:51082
[2026-10-01T08:51:51.629Z] [DEBUG] [config:config] GetAgentIDs: gateway.agentIds not set, falling back to singular effective agent ID
[2026-10-01T08:51:51.630Z] [DEBUG] [server:handlers] Initiating gateway shutdown
[2026-10-01T08:51:51.630Z] [INFO] [shutdown] Gateway shutdown initiated
[2026-10-01T08:51:51.630Z] [DEBUG] [launcher:health] Stopping health monitor, waiting for background goroutine to finish
[2026-10-01T08:51:51.631Z] [DEBUG] [launcher:health] Health monitor stopped
[2026-10-01T08:51:51.631Z] [INFO] [shutdown] Health monitor stopped
[2026-10-01T08:51:51.631Z] [DEBUG] [launcher:launcher] Retrieved server IDs: count=1, ids=[safeoutputs]
[2026-10-01T08:51:51.631Z] [INFO] [shutdown] Terminating 1 backend servers
[2026-10-01T08:51:51.632Z] [DEBUG] [launcher:launcher] Closing launcher: connections=1, hasSessionPool=true
[2026-10-01T08:51:51.632Z] [DEBUG] [launcher:launcher] Closing 1 connections
[2026-10-01T08:51:51.632Z] [DEBUG] [mcp:connection] Closing connection: serverID=safeoutputs, isHTTP=false
[2026-10-01T08:51:51.634Z] [DEBUG] [launcher:launcher] Stopping session connection pool
[2026-10-01T08:51:51.634Z] [DEBUG] [launcher:pool] Stopping connection pool
[2026-10-01T08:51:51.635Z] [DEBUG] [launcher:pool] Context cancelled, stopping cleanup
[2026-10-01T08:51:51.635Z] [DEBUG] [launcher:pool] Cleanup goroutine stopped
[2026-10-01T08:51:51.635Z] [DEBUG] [launcher:pool] Closing connection: backend=safeoutputs, session=agent:ee7184546354
[2026-10-01T08:51:51.636Z] [DEBUG] [launcher:pool] Connection pool stopped
[2026-10-01T08:51:51.636Z] [DEBUG] [launcher:launcher] Launcher closed successfully
[2026-10-01T08:51:51.636Z] [DEBUG] [guard:wasm] Closing global compilation cache
[2026-10-01T08:51:51.636Z] [DEBUG] [guard:wasm] Global compilation cache closed
[2026-10-01T08:51:51.637Z] [INFO] [shutdown] Backend servers terminated successfully
[2026-10-01T08:51:51.637Z] [DEBUG] [server:handlers] Shutdown completed: servers_terminated=1
[2026-10-01T08:51:51.637Z] [DEBUG] [httputil:httputil] Writing JSON response: statusCode=200
[2026-10-01T08:51:51.638Z] [DEBUG] [server:response_writer] Setting response status code: 200
[2026-10-01T08:51:51.638Z] [DEBUG] [httputil:httputil] BaseResponseWriter.WriteHeader: capturing status code=200
[2026-10-01T08:51:51.638Z] [DEBUG] [httputil:httputil] JSON response body size: 80 bytes
[2026-10-01T08:51:51.639Z] [DEBUG] [server:response_writer] Writing response body: 80 bytes
[2026-10-01T08:51:51.639Z] [INFO] [shutdown] Close endpoint response sent: servers_terminated=1, remote=172.17.0.1:51082
[2026-10-01T08:51:51.639Z] [DEBUG] [server:response_writer] Retrieving captured body: 80 bytes
[2026-10-01T08:51:51.640Z] [DEBUG] [server:response_writer] Retrieving captured body: 80 bytes
[2026-10-01T08:51:51.640Z] [DEBUG] [server:helpers] [172.17.0.1:51082] POST /close - Status: 200, Response: {"message":"Gateway shutdown initiated","serversTerminated":1,"status":"closed"}
[2026-10-01T08:51:51.641Z] [INFO] [shutdown] Gateway process exiting via context cancellation
[2026-10-01T08:51:51.641Z] [INFO] [shutdown] Shutting down gateway...
[2026-10-01T08:51:51.642Z] [DEBUG] [cmd:root] Shutdown initiated, beginning graceful HTTP server shutdown
[2026-10-01T08:51:51.642Z] [DEBUG] [cmd:root] Shutdown signal received, initiating graceful shutdown
[2026-10-01T08:51:51.643Z] [DEBUG] [server:unified] Close: cleaning up unified server resources via InitiateShutdown
[2026-10-01T08:51:51.643Z] [DEBUG] [cmd:root] HTTP server shut down gracefully
[2026-10-01T08:51:51.645Z] [DEBUG] [cmd:delegation] No delegation config provided, skipping state persistence
[2026-10-01T08:51:51.645Z] [DEBUG] [server:unified] InitiateShutdown: shutdown already performed, this call is a no-op
[2026-10-01T08:51:51.646Z] [DEBUG] [server:unified] Close: cleaning up unified server resources via InitiateShutdown
[2026-10-01T08:51:51.646Z] [DEBUG] [server:unified] InitiateShutdown: shutdown already performed, this call is a no-op
[2026-10-01T08:51:51.646Z] [DEBUG] [cmd:root] Shutting down tracing provider
[2026-10-01T08:51:51.647Z] [DEBUG] [cmd:root] Tracing provider shut down successfully
[2026-10-01T08:51:51.647Z] [DEBUG] [guard:wasm] Closing global compilation cache
[2026-10-01T08:51:51.647Z] [DEBUG] [guard:wasm] Global compilation cache is nil, nothing to close
