[2026-10-01T09:06:16.316Z] [INFO] [startup] MCPG Gateway version: v0.4.25
[2026-10-01T09:06:16.317Z] [INFO] [startup] Starting MCPG with config: stdin, listen: 0.0.0.0:8080, log-dir: /tmp/gh-aw/mcp-logs/
[2026-10-01T09:06:16.318Z] [DEBUG] [cmd:root] Starting MCPG with config: stdin, listen: 0.0.0.0:8080
[2026-10-01T09:06:16.319Z] [DEBUG] [cmd:root] WASM cache dir resolved from default (logDir="/tmp/gh-aw/mcp-logs/"): "/tmp/gh-aw/wazero-cache"
[2026-10-01T09:06:16.319Z] [DEBUG] [cmd:root] Configuring WASM compilation cache: resolvedDir="/tmp/gh-aw/wazero-cache", flagChanged=false
[2026-10-01T09:06:16.320Z] [DEBUG] [guard:wasm] Configuring global compilation cache: dir="/tmp/gh-aw/wazero-cache"
[2026-10-01T09:06:16.320Z] [DEBUG] [guard:wasm] Creating disk-backed compilation cache: dir=/tmp/gh-aw/wazero-cache
[2026-10-01T09:06:16.321Z] [DEBUG] [guard:wasm] Global compilation cache replaced successfully
[2026-10-01T09:06:16.321Z] [DEBUG] [cmd:root] WASM compilation cache configured: mode=disk, dir="/tmp/gh-aw/wazero-cache"
[2026-10-01T09:06:16.321Z] [INFO] [startup] WASM compilation cache directory: /tmp/gh-aw/wazero-cache
[2026-10-01T09:06:16.322Z] [DEBUG] [config:config] Loading configuration from stdin JSON
[2026-10-01T09:06:16.322Z] [DEBUG] [config:config] Read 1767 bytes from stdin
[2026-10-01T09:06:16.323Z] [DEBUG] [config:config_stdin] Checking 1 server(s) for 'local' type normalization
[2026-10-01T09:06:16.323Z] [DEBUG] [config:expand] Expanding variables: context=raw JSON data
[2026-10-01T09:06:16.324Z] [DEBUG] [config:expand] Expanded variable: GITHUB_WORKSPACE (found in environment)
[2026-10-01T09:06:16.324Z] [DEBUG] [config:expand] Expanded variable: GITHUB_WORKSPACE (found in environment)
[2026-10-01T09:06:16.324Z] [DEBUG] [config:expand] Expanded variable: GITHUB_WORKSPACE (found in environment)
[2026-10-01T09:06:16.324Z] [DEBUG] [config:expand] Expanded variable: DEFAULT_BRANCH (found in environment)
[2026-10-01T09:06:16.325Z] [DEBUG] [config:expand] Expanded variable: GH_AW_ASSETS_ALLOWED_EXTS (found in environment)
[2026-10-01T09:06:16.325Z] [DEBUG] [config:expand] Expanded variable: GH_AW_ASSETS_BRANCH (found in environment)
[2026-10-01T09:06:16.325Z] [DEBUG] [config:expand] Expanded variable: GH_AW_ASSETS_MAX_SIZE_KB (found in environment)
[2026-10-01T09:06:16.326Z] [DEBUG] [config:expand] Expanded variable: GH_AW_MCP_LOG_DIR (found in environment)
[2026-10-01T09:06:16.326Z] [DEBUG] [config:expand] Expanded variable: GH_AW_SAFE_OUTPUTS (found in environment)
[2026-10-01T09:06:16.326Z] [DEBUG] [config:expand] Expanded variable: GH_AW_SAFE_OUTPUTS_CONFIG_PATH (found in environment)
[2026-10-01T09:06:16.327Z] [DEBUG] [config:expand] Expanded variable: GH_AW_SAFE_OUTPUTS_TOOLS_PATH (found in environment)
[2026-10-01T09:06:16.327Z] [DEBUG] [config:expand] Expanded variable: GH_AW_POLICY_ALLOW_CREATE_PULL_REQUEST (found in environment)
[2026-10-01T09:06:16.327Z] [DEBUG] [config:expand] Expanded variable: GH_AW_PR_HEAD_BASE_BRANCH (found in environment)
[2026-10-01T09:06:16.328Z] [DEBUG] [config:expand] Expanded variable: GH_AW_PR_HEAD_BASE_SHA (found in environment)
[2026-10-01T09:06:16.328Z] [DEBUG] [config:expand] Expanded variable: GH_AW_PR_HEAD_BASE_REPO (found in environment)
[2026-10-01T09:06:16.329Z] [DEBUG] [config:expand] Expanded variable: GH_AW_PR_HEAD_BASE_PR_NUMBER (found in environment)
[2026-10-01T09:06:16.329Z] [DEBUG] [config:expand] Expanded variable: GH_AW_PR_HEAD_BASE_REF (found in environment)
[2026-10-01T09:06:16.329Z] [DEBUG] [config:expand] Expanded variable: GH_AW_PR_HEAD_REPO (found in environment)
[2026-10-01T09:06:16.329Z] [DEBUG] [config:expand] Expanded variable: GITHUB_EVENT_NAME (found in environment)
[2026-10-01T09:06:16.330Z] [DEBUG] [config:expand] Expanded variable: GITHUB_EVENT_PATH (found in environment)
[2026-10-01T09:06:16.330Z] [DEBUG] [config:expand] Expanded variable: GITHUB_REPOSITORY (found in environment)
[2026-10-01T09:06:16.330Z] [DEBUG] [config:expand] Expanded variable: GITHUB_SHA (found in environment)
[2026-10-01T09:06:16.331Z] [DEBUG] [config:expand] Expanded variable: GITHUB_TOKEN (found in environment)
[2026-10-01T09:06:16.331Z] [DEBUG] [config:expand] Expanded variable: GITHUB_WORKSPACE (found in environment)
[2026-10-01T09:06:16.331Z] [DEBUG] [config:expand] Expanded variable: RUNNER_TEMP (found in environment)
[2026-10-01T09:06:16.332Z] [DEBUG] [config:expand] Variable expansion completed: context=raw JSON data, undefined_count=0
[2026-10-01T09:06:16.332Z] [DEBUG] [config:config_stdin] Stripped gateway extension fields for schema validation: 1 servers processed
[2026-10-01T09:06:16.333Z] [DEBUG] [config:validation_schema] Starting JSON schema validation: data_size=2165 bytes
[2026-10-01T09:06:16.333Z] [DEBUG] [config:validation_schema] Compiling JSON schema for the first time
[2026-10-01T09:06:16.337Z] [DEBUG] [config:validation_schema] Schema compiled and cached successfully
[2026-10-01T09:06:16.338Z] [DEBUG] [config:validation_schema] Schema compilation/retrieval took: 4.50632ms
[2026-10-01T09:06:16.338Z] [DEBUG] [config:validation_schema] JSON parsing took: 35.166µs
[2026-10-01T09:06:16.338Z] [DEBUG] [config:validation_schema] Schema validation took: 44.744µs
[2026-10-01T09:06:16.339Z] [DEBUG] [config:validation_schema] Total validation completed successfully in 6.009132ms
[2026-10-01T09:06:16.340Z] [DEBUG] [config:config] Parsed stdin config with 1 servers
[2026-10-01T09:06:16.340Z] [DEBUG] [config:validation_gateway] Validating string patterns: server_count=1
[2026-10-01T09:06:16.341Z] [DEBUG] [config:validation_gateway] Validating server: name=safeoutputs, type=
[2026-10-01T09:06:16.341Z] [DEBUG] [config:config] IsStdioServerType: type="", result=true
[2026-10-01T09:06:16.341Z] [DEBUG] [config:validation_gateway] Validating gateway configuration
[2026-10-01T09:06:16.342Z] [DEBUG] [config:validation_rules] Validating gateway port
[2026-10-01T09:06:16.342Z] [DEBUG] [config:validation_rules] Validating port range: field=port, value=8080, min=1, max=65535, jsonPath=gateway.port
[2026-10-01T09:06:16.342Z] [DEBUG] [config:validation_rules] Validating startup timeout
[2026-10-01T09:06:16.342Z] [DEBUG] [config:validation_rules] Validating positive timeout: field=startupTimeout, value=120, min=1, jsonPath=gateway.startupTimeout
[2026-10-01T09:06:16.343Z] [DEBUG] [config:validation_gateway] Validating payload directory: /tmp/gh-aw/mcp-payloads
[2026-10-01T09:06:16.343Z] [DEBUG] [config:validation_rules] Validating absolute path: field=payloadDir, value=/tmp/gh-aw/mcp-payloads, jsonPath=gateway.payloadDir
[2026-10-01T09:06:16.343Z] [DEBUG] [config:validation_rules] Valid Unix absolute path: /tmp/gh-aw/mcp-payloads
[2026-10-01T09:06:16.344Z] [DEBUG] [config:validation_gateway] Gateway config validation passed
[2026-10-01T09:06:16.344Z] [DEBUG] [config:validation_gateway] Validating gateway configuration
[2026-10-01T09:06:16.344Z] [DEBUG] [config:validation_rules] Validating gateway port
[2026-10-01T09:06:16.345Z] [DEBUG] [config:validation_rules] Validating port range: field=port, value=8080, min=1, max=65535, jsonPath=gateway.port
[2026-10-01T09:06:16.345Z] [DEBUG] [config:validation_rules] Validating startup timeout
[2026-10-01T09:06:16.345Z] [DEBUG] [config:validation_rules] Validating positive timeout: field=startupTimeout, value=120, min=1, jsonPath=gateway.startupTimeout
[2026-10-01T09:06:16.346Z] [DEBUG] [config:validation_gateway] Validating payload directory: /tmp/gh-aw/mcp-payloads
[2026-10-01T09:06:16.346Z] [DEBUG] [config:validation_rules] Validating absolute path: field=payloadDir, value=/tmp/gh-aw/mcp-payloads, jsonPath=gateway.payloadDir
[2026-10-01T09:06:16.346Z] [DEBUG] [config:validation_rules] Valid Unix absolute path: /tmp/gh-aw/mcp-payloads
[2026-10-01T09:06:16.347Z] [DEBUG] [config:validation_gateway] Gateway config validation passed
[2026-10-01T09:06:16.347Z] [DEBUG] [config:config_stdin] Converting stdin config: 1 servers
[2026-10-01T09:06:16.347Z] [DEBUG] [config:config] MCP_GATEWAY_TOOL_TIMEOUT not set in environment
[2026-10-01T09:06:16.347Z] [DEBUG] [config:config_stdin] Gateway configured: port=8080, toolTimeout=60, startupTimeout=120
[2026-10-01T09:06:16.348Z] [DEBUG] [config:feature] Applying 2 default setter(s)
[2026-10-01T09:06:16.348Z] [DEBUG] [config:feature] All default setters applied
[2026-10-01T09:06:16.349Z] [DEBUG] [config:config] Effective container runtime name: "docker" (config="")
[2026-10-01T09:06:16.349Z] [DEBUG] [config:config] Effective container runtime command: "docker"
[2026-10-01T09:06:16.349Z] [DEBUG] [config:validation_server] Validating server config: name=safeoutputs, type=
[2026-10-01T09:06:16.350Z] [DEBUG] [config:config] NormalizeServerType: normalizing "" to "stdio"
[2026-10-01T09:06:16.350Z] [DEBUG] [config:validation_server] Server type normalized from "" to "stdio": name=safeoutputs
[2026-10-01T09:06:16.350Z] [DEBUG] [config:config] IsStdioServerType: type="stdio", result=true
[2026-10-01T09:06:16.351Z] [DEBUG] [config:validation_server] Validating mounts for server: name=safeoutputs, mount_count=3
[2026-10-01T09:06:16.351Z] [DEBUG] [config:validation_rules] Validating mount format: mount=/home/runner/work/gh-aw-spike-target/gh-aw-spike-target:/home/runner/work/gh-aw-spike-target/gh-aw-spike-target:rw, jsonPath=mcpServers.safeoutputs, index=0
[2026-10-01T09:06:16.351Z] [DEBUG] [mountspec:mountspec] Parsing mount spec: parts=3
[2026-10-01T09:06:16.352Z] [DEBUG] [config:validation_rules] Validating mount format: mount=/home/runner/work/_temp/gh-aw/safeoutputs:/home/runner/work/_temp/gh-aw/safeoutputs:rw, jsonPath=mcpServers.safeoutputs, index=1
[2026-10-01T09:06:16.352Z] [DEBUG] [mountspec:mountspec] Parsing mount spec: parts=3
[2026-10-01T09:06:16.352Z] [DEBUG] [config:validation_rules] Validating mount format: mount=/tmp/gh-aw:/tmp/gh-aw:rw, jsonPath=mcpServers.safeoutputs, index=2
[2026-10-01T09:06:16.352Z] [DEBUG] [mountspec:mountspec] Parsing mount spec: parts=3
[2026-10-01T09:06:16.353Z] [DEBUG] [config:validation_server] Server config validation passed: name=safeoutputs, type=stdio
[2026-10-01T09:06:16.353Z] [DEBUG] [config:config_stdin] Server "safeoutputs": expanding 23 environment variable(s)
[2026-10-01T09:06:16.353Z] [DEBUG] [config:expand] Expanding env variables for server: safeoutputs, count=23
[2026-10-01T09:06:16.354Z] [DEBUG] [config:expand] Expanding variables: context=jsonPath=mcpServers.safeoutputs.env.GH_AW_POLICY_ALLOW_CREATE_PULL_REQUEST
[2026-10-01T09:06:16.354Z] [DEBUG] [config:expand] Variable expansion completed: context=jsonPath=mcpServers.safeoutputs.env.GH_AW_POLICY_ALLOW_CREATE_PULL_REQUEST, undefined_count=0
[2026-10-01T09:06:16.354Z] [DEBUG] [config:expand] Expanding variables: context=jsonPath=mcpServers.safeoutputs.env.GH_AW_PR_HEAD_REPO
[2026-10-01T09:06:16.355Z] [DEBUG] [config:expand] Variable expansion completed: context=jsonPath=mcpServers.safeoutputs.env.GH_AW_PR_HEAD_REPO, undefined_count=0
[2026-10-01T09:06:16.355Z] [DEBUG] [config:expand] Expanding variables: context=jsonPath=mcpServers.safeoutputs.env.GITHUB_EVENT_PATH
[2026-10-01T09:06:16.355Z] [DEBUG] [config:expand] Variable expansion completed: context=jsonPath=mcpServers.safeoutputs.env.GITHUB_EVENT_PATH, undefined_count=0
[2026-10-01T09:06:16.356Z] [DEBUG] [config:expand] Expanding variables: context=jsonPath=mcpServers.safeoutputs.env.GH_AW_PR_HEAD_BASE_PR_NUMBER
[2026-10-01T09:06:16.356Z] [DEBUG] [config:expand] Variable expansion completed: context=jsonPath=mcpServers.safeoutputs.env.GH_AW_PR_HEAD_BASE_PR_NUMBER, undefined_count=0
[2026-10-01T09:06:16.356Z] [DEBUG] [config:expand] Expanding variables: context=jsonPath=mcpServers.safeoutputs.env.GITHUB_REPOSITORY
[2026-10-01T09:06:16.357Z] [DEBUG] [config:expand] Variable expansion completed: context=jsonPath=mcpServers.safeoutputs.env.GITHUB_REPOSITORY, undefined_count=0
[2026-10-01T09:06:16.357Z] [DEBUG] [config:expand] Expanding variables: context=jsonPath=mcpServers.safeoutputs.env.GITHUB_TOKEN
[2026-10-01T09:06:16.357Z] [DEBUG] [config:expand] Variable expansion completed: context=jsonPath=mcpServers.safeoutputs.env.GITHUB_TOKEN, undefined_count=0
[2026-10-01T09:06:16.358Z] [DEBUG] [config:expand] Expanding variables: context=jsonPath=mcpServers.safeoutputs.env.GH_AW_MCP_LOG_DIR
[2026-10-01T09:06:16.358Z] [DEBUG] [config:expand] Variable expansion completed: context=jsonPath=mcpServers.safeoutputs.env.GH_AW_MCP_LOG_DIR, undefined_count=0
[2026-10-01T09:06:16.358Z] [DEBUG] [config:expand] Expanding variables: context=jsonPath=mcpServers.safeoutputs.env.GH_AW_SAFE_OUTPUTS
[2026-10-01T09:06:16.359Z] [DEBUG] [config:expand] Variable expansion completed: context=jsonPath=mcpServers.safeoutputs.env.GH_AW_SAFE_OUTPUTS, undefined_count=0
[2026-10-01T09:06:16.359Z] [DEBUG] [config:expand] Expanding variables: context=jsonPath=mcpServers.safeoutputs.env.GH_AW_PR_HEAD_BASE_BRANCH
[2026-10-01T09:06:16.359Z] [DEBUG] [config:expand] Variable expansion completed: context=jsonPath=mcpServers.safeoutputs.env.GH_AW_PR_HEAD_BASE_BRANCH, undefined_count=0
[2026-10-01T09:06:16.360Z] [DEBUG] [config:expand] Expanding variables: context=jsonPath=mcpServers.safeoutputs.env.GH_AW_PR_HEAD_BASE_REPO
[2026-10-01T09:06:16.360Z] [DEBUG] [config:expand] Variable expansion completed: context=jsonPath=mcpServers.safeoutputs.env.GH_AW_PR_HEAD_BASE_REPO, undefined_count=0
[2026-10-01T09:06:16.360Z] [DEBUG] [config:expand] Expanding variables: context=jsonPath=mcpServers.safeoutputs.env.DEBUG
[2026-10-01T09:06:16.361Z] [DEBUG] [config:expand] Variable expansion completed: context=jsonPath=mcpServers.safeoutputs.env.DEBUG, undefined_count=0
[2026-10-01T09:06:16.361Z] [DEBUG] [config:expand] Expanding variables: context=jsonPath=mcpServers.safeoutputs.env.GH_AW_SAFE_OUTPUTS_CONFIG_PATH
[2026-10-01T09:06:16.362Z] [DEBUG] [config:expand] Variable expansion completed: context=jsonPath=mcpServers.safeoutputs.env.GH_AW_SAFE_OUTPUTS_CONFIG_PATH, undefined_count=0
[2026-10-01T09:06:16.362Z] [DEBUG] [config:expand] Expanding variables: context=jsonPath=mcpServers.safeoutputs.env.GH_AW_PR_HEAD_BASE_SHA
[2026-10-01T09:06:16.362Z] [DEBUG] [config:expand] Variable expansion completed: context=jsonPath=mcpServers.safeoutputs.env.GH_AW_PR_HEAD_BASE_SHA, undefined_count=0
[2026-10-01T09:06:16.363Z] [DEBUG] [config:expand] Expanding variables: context=jsonPath=mcpServers.safeoutputs.env.GH_AW_PR_HEAD_BASE_REF
[2026-10-01T09:06:16.363Z] [DEBUG] [config:expand] Variable expansion completed: context=jsonPath=mcpServers.safeoutputs.env.GH_AW_PR_HEAD_BASE_REF, undefined_count=0
[2026-10-01T09:06:16.363Z] [DEBUG] [config:expand] Expanding variables: context=jsonPath=mcpServers.safeoutputs.env.GITHUB_EVENT_NAME
[2026-10-01T09:06:16.364Z] [DEBUG] [config:expand] Variable expansion completed: context=jsonPath=mcpServers.safeoutputs.env.GITHUB_EVENT_NAME, undefined_count=0
[2026-10-01T09:06:16.364Z] [DEBUG] [config:expand] Expanding variables: context=jsonPath=mcpServers.safeoutputs.env.GITHUB_SHA
[2026-10-01T09:06:16.364Z] [DEBUG] [config:expand] Variable expansion completed: context=jsonPath=mcpServers.safeoutputs.env.GITHUB_SHA, undefined_count=0
[2026-10-01T09:06:16.365Z] [DEBUG] [config:expand] Expanding variables: context=jsonPath=mcpServers.safeoutputs.env.GITHUB_WORKSPACE
[2026-10-01T09:06:16.365Z] [DEBUG] [config:expand] Variable expansion completed: context=jsonPath=mcpServers.safeoutputs.env.GITHUB_WORKSPACE, undefined_count=0
[2026-10-01T09:06:16.365Z] [DEBUG] [config:expand] Expanding variables: context=jsonPath=mcpServers.safeoutputs.env.RUNNER_TEMP
[2026-10-01T09:06:16.366Z] [DEBUG] [config:expand] Variable expansion completed: context=jsonPath=mcpServers.safeoutputs.env.RUNNER_TEMP, undefined_count=0
[2026-10-01T09:06:16.366Z] [DEBUG] [config:expand] Expanding variables: context=jsonPath=mcpServers.safeoutputs.env.DEFAULT_BRANCH
[2026-10-01T09:06:16.366Z] [DEBUG] [config:expand] Variable expansion completed: context=jsonPath=mcpServers.safeoutputs.env.DEFAULT_BRANCH, undefined_count=0
[2026-10-01T09:06:16.367Z] [DEBUG] [config:expand] Expanding variables: context=jsonPath=mcpServers.safeoutputs.env.GH_AW_ASSETS_ALLOWED_EXTS
[2026-10-01T09:06:16.367Z] [DEBUG] [config:expand] Variable expansion completed: context=jsonPath=mcpServers.safeoutputs.env.GH_AW_ASSETS_ALLOWED_EXTS, undefined_count=0
[2026-10-01T09:06:16.367Z] [DEBUG] [config:expand] Expanding variables: context=jsonPath=mcpServers.safeoutputs.env.GH_AW_ASSETS_BRANCH
[2026-10-01T09:06:16.368Z] [DEBUG] [config:expand] Variable expansion completed: context=jsonPath=mcpServers.safeoutputs.env.GH_AW_ASSETS_BRANCH, undefined_count=0
[2026-10-01T09:06:16.368Z] [DEBUG] [config:expand] Expanding variables: context=jsonPath=mcpServers.safeoutputs.env.GH_AW_ASSETS_MAX_SIZE_KB
[2026-10-01T09:06:16.369Z] [DEBUG] [config:expand] Variable expansion completed: context=jsonPath=mcpServers.safeoutputs.env.GH_AW_ASSETS_MAX_SIZE_KB, undefined_count=0
[2026-10-01T09:06:16.369Z] [DEBUG] [config:expand] Expanding variables: context=jsonPath=mcpServers.safeoutputs.env.GH_AW_SAFE_OUTPUTS_TOOLS_PATH
[2026-10-01T09:06:16.369Z] [DEBUG] [config:expand] Variable expansion completed: context=jsonPath=mcpServers.safeoutputs.env.GH_AW_SAFE_OUTPUTS_TOOLS_PATH, undefined_count=0
[2026-10-01T09:06:16.370Z] [DEBUG] [config:expand] Env variable expansion completed for server: safeoutputs
[2026-10-01T09:06:16.370Z] [DEBUG] [config:config_stdin] Converting server "safeoutputs": type=stdio
[2026-10-01T09:06:16.370Z] [DEBUG] [config:config_stdin] Server "safeoutputs": using custom entrypoint "sh"
[2026-10-01T09:06:16.371Z] [DEBUG] [config:config_stdin] Server "safeoutputs": added 3 volume mount(s)
[2026-10-01T09:06:16.371Z] [DEBUG] [config:config_stdin] Server "safeoutputs": adding 2 extra Docker runtime arg(s)
[2026-10-01T09:06:16.371Z] [DEBUG] [config:config_stdin] Server "safeoutputs": adding 2 entrypoint arg(s)
[2026-10-01T09:06:16.372Z] [DEBUG] [config:config_stdin] Server "safeoutputs": configured stdio container=ghcr.io/github/gh-aw-node, env_vars=23, mounts=3
[2026-10-01T09:06:16.372Z] [DEBUG] [config:config] Configured stdio MCP server: name=safeoutputs, container=ghcr.io/github/gh-aw-node
[2026-10-01T09:06:16.372Z] [DEBUG] [config:feature] Applying 1 stdin converter(s)
[2026-10-01T09:06:16.372Z] [DEBUG] [config:feature] All stdin converters applied
[2026-10-01T09:06:16.373Z] [DEBUG] [config:validation_gateway] Validating guard policies: count=0
[2026-10-01T09:06:16.373Z] [DEBUG] [config:config] GetAgentIDs: gateway.agentIds not set, falling back to singular effective agent ID
[2026-10-01T09:06:16.373Z] [DEBUG] [config:agent_policy] No per-agent policies configured; skipping validation
[2026-10-01T09:06:16.374Z] [DEBUG] [config:config] Converted stdin config to internal format with 1 servers
[2026-10-01T09:06:16.374Z] [DEBUG] [cmd:root] Configuration loaded with 1 servers
[2026-10-01T09:06:16.374Z] [DEBUG] [config:config] Effective container runtime name: "docker" (config="")
[2026-10-01T09:06:16.375Z] [DEBUG] [config:config] Effective container runtime command: "docker"
[2026-10-01T09:06:16.375Z] [DEBUG] [cmd:root] Validating execution environment with container runtime docker...
[2026-10-01T09:06:16.375Z] [DEBUG] [config:validation_env] Starting execution environment validation
[2026-10-01T09:06:16.376Z] [DEBUG] [sys:container] Detecting container environment
[2026-10-01T09:06:16.376Z] [DEBUG] [sys:container] Container detected via /.dockerenv
[2026-10-01T09:06:16.376Z] [DEBUG] [sys:container] Scanning 2 cgroup file(s) for container ID
[2026-10-01T09:06:16.377Z] [DEBUG] [sys:container] No container ID found in cgroup file: path=/proc/1/cgroup
[2026-10-01T09:06:16.377Z] [DEBUG] [sys:container] No container ID found in cgroup file: path=/proc/self/cgroup
[2026-10-01T09:06:16.377Z] [DEBUG] [sys:container] No container ID found in any cgroup file
[2026-10-01T09:06:16.378Z] [DEBUG] [config:validation_env] Containerization check: isContainerized=true, containerID=
[2026-10-01T09:06:16.378Z] [DEBUG] [sys:docker] Checking Docker socket accessibility: socketPath=/var/run/docker.sock
[2026-10-01T09:06:21.072Z] [DEBUG] [sys:docker] Docker daemon check: accessible=true
[2026-10-01T09:06:21.072Z] [DEBUG] [config:validation_env] Validation complete: valid=true, errors=0, warnings=0
[2026-10-01T09:06:21.072Z] [INFO] [startup] Environment validation passed
[2026-10-01T09:06:21.073Z] [INFO] [startup] Loaded 1 MCP server(s): [safeoutputs]
[2026-10-01T09:06:21.073Z] [DEBUG] [cmd:root] Resolving guard policy override: cliChanged=false, cliGuardPolicyChanged=false, allowOnlyPublic=false, owner="", repo="", minIntegrity=""
[2026-10-01T09:06:21.074Z] [DEBUG] [config:guard_policy] ResolveGuardPolicyOverride: cliChanged=false, hasCLIPolicyJSON=false, allowOnlyPublic=false, owner="", repo="", minIntegrity=""
[2026-10-01T09:06:21.074Z] [DEBUG] [config:guard_policy] ResolveGuardPolicyOverride: no guard policy configured (nil)
[2026-10-01T09:06:21.075Z] [DEBUG] [cmd:root] No guard policy override configured
[2026-10-01T09:06:21.075Z] [DEBUG] [cmd:root] Guard policy resolved: hasOverride=false, source=
[2026-10-01T09:06:21.075Z] [DEBUG] [difc:sink_server_ids] Setting sink server IDs: input_count=0
[2026-10-01T09:06:21.076Z] [DEBUG] [difc:sink_server_ids] No sink server IDs provided, clearing configuration
[2026-10-01T09:06:21.076Z] [INFO] [startup] Guards sink server ID logging enrichment disabled (no sink server IDs configured)
[2026-10-01T09:06:21.077Z] [DEBUG] [cmd:root] Server mode: routed, guards mode: 
[2026-10-01T09:06:21.077Z] [DEBUG] [cmd:root] Applying tracing overrides: shouldInitTracingConfig=true
[2026-10-01T09:06:21.078Z] [DEBUG] [cmd:root] Gateway tracing config was nil, initializing empty TracingConfig
[2026-10-01T09:06:21.078Z] [DEBUG] [cmd:root] Tracing overrides applied: endpointConfigured=false, serviceName=""
[2026-10-01T09:06:21.078Z] [DEBUG] [cmd:root] Initializing tracing provider
[2026-10-01T09:06:21.079Z] [DEBUG] [tracing:provider] resolveServiceName: using default service name: "mcp-gateway"
[2026-10-01T09:06:21.079Z] [DEBUG] [tracing:provider] Registering global W3C TraceContext+Baggage text map propagator
[2026-10-01T09:06:21.079Z] [DEBUG] [tracing:provider] Tracing disabled: no OTLP endpoint configured
[2026-10-01T09:06:21.080Z] [DEBUG] [cmd:root] Tracing provider initialized successfully
[2026-10-01T09:06:21.080Z] [INFO] [startup] OpenTelemetry tracing disabled (no OTLP endpoint configured)
[2026-10-01T09:06:21.081Z] [DEBUG] [cmd:root] Creating unified MCP server: mode=routed, servers=1
[2026-10-01T09:06:21.081Z] [DEBUG] [server:unified] Creating new unified server: sequentialLaunch=false, servers=1
[2026-10-01T09:06:21.081Z] [DEBUG] [launcher:launcher] Creating new launcher with 1 configured servers
[2026-10-01T09:06:21.082Z] [DEBUG] [sys:container] Detecting container environment
[2026-10-01T09:06:21.082Z] [DEBUG] [sys:container] Container detected via /.dockerenv
[2026-10-01T09:06:21.082Z] [DEBUG] [sys:container] Scanning 2 cgroup file(s) for container ID
[2026-10-01T09:06:21.083Z] [DEBUG] [sys:container] No container ID found in cgroup file: path=/proc/1/cgroup
[2026-10-01T09:06:21.083Z] [DEBUG] [sys:container] No container ID found in cgroup file: path=/proc/self/cgroup
[2026-10-01T09:06:21.084Z] [DEBUG] [sys:container] No container ID found in any cgroup file
[2026-10-01T09:06:21.084Z] [DEBUG] [launcher:launcher] Container detection: runningInContainer=true
[2026-10-01T09:06:21.084Z] [DEBUG] [config:config] Resolved gateway config after defaulting: port=8080, startupTimeout=120, toolTimeout=60, keepaliveInterval=1500
[2026-10-01T09:06:21.085Z] [DEBUG] [config:feature] Applying 2 default setter(s)
[2026-10-01T09:06:21.085Z] [DEBUG] [config:config_tracing] Applying default tracing service name: mcp-gateway
[2026-10-01T09:06:21.085Z] [DEBUG] [config:feature] All default setters applied
[2026-10-01T09:06:21.085Z] [DEBUG] [launcher:launcher] Using startup timeout: 2m0s
[2026-10-01T09:06:21.086Z] [DEBUG] [launcher:pool] Creating new session connection pool: idleTimeout=6h0m0s, cleanupInterval=5m0s, maxErrors=10
[2026-10-01T09:06:21.086Z] [DEBUG] [launcher:pool] Cleanup goroutine started
[2026-10-01T09:06:21.086Z] [DEBUG] [launcher:mount_policy] Mount policy overridden by MCP_GATEWAY_ALLOWED_MOUNT_ROOTS: 6 root(s)
[2026-10-01T09:06:21.087Z] [DEBUG] [server:unified] Payload configuration: dir=/tmp/gh-aw/mcp-payloads, pathPrefix=, sizeThreshold=524288 bytes (512.00 KB)
[2026-10-01T09:06:21.087Z] [DEBUG] [difc:agent] Creating agent registry with defaults: secrecyTags=0, integrityTags=0
[2026-10-01T09:06:21.088Z] [DEBUG] [difc:capabilities] Creating new capabilities set
[2026-10-01T09:06:21.088Z] [DEBUG] [launcher:launcher] Retrieved server IDs: count=1, ids=[safeoutputs]
[2026-10-01T09:06:21.088Z] [DEBUG] [server:system_tools] Creating new SysServer with 1 servers: [safeoutputs]
[2026-10-01T09:06:21.089Z] [DEBUG] [server:tool_registry_helpers] Built allowed tool sets: 0 server(s) with tool restrictions
[2026-10-01T09:06:21.089Z] [DEBUG] [server:circuit_breaker] Creating circuit breaker: serverID=safeoutputs, threshold=3, cooldown=1m0s
[2026-10-01T09:06:21.089Z] [DEBUG] [server:circuit_breaker] Created circuit breaker for server safeoutputs: threshold=0, cooldown=0s
[2026-10-01T09:06:21.090Z] [DEBUG] [server:circuit_breaker] buildCircuitBreakers: created 1 circuit breakers
[2026-10-01T09:06:21.090Z] [DEBUG] [guard:registry] Creating new guard registry
[2026-10-01T09:06:21.090Z] [DEBUG] [server:http_server] Creating SDK server: name=awmg-unified
[2026-10-01T09:06:21.091Z] [INFO] [difc] MCP_GATEWAY_WASM_GUARDS_DIR=/guards
[2026-10-01T09:06:21.091Z] [DEBUG] [launcher:launcher] Retrieved server IDs: count=1, ids=[safeoutputs]
[2026-10-01T09:06:21.092Z] [INFO] [difc] [safeoutputs] Guard policy: {"write-sink":{"accept":["*"],"sink-visibility":"public"}}
[2026-10-01T09:06:21.092Z] [DEBUG] [guard:wasm] Searching for WASM guard file: serverID=safeoutputs, dir=/guards/safeoutputs
[2026-10-01T09:06:21.092Z] [DEBUG] [guard:wasm] No WASM guard directory found for serverID=safeoutputs
[2026-10-01T09:06:21.093Z] [DEBUG] [server:guard_init] Resolving guard policy: serverID=safeoutputs
[2026-10-01T09:06:21.093Z] [DEBUG] [config:guard_policy] ParseServerGuardPolicy: serverID=safeoutputs, keyCount=1
[2026-10-01T09:06:21.093Z] [DEBUG] [config:guard_policy] ParsePolicyMap: hasAllowOnly=false, hasWriteSink=true, keyCount=1
[2026-10-01T09:06:21.094Z] [DEBUG] [config:guard_policy] Parsing guard policy JSON: len=58
[2026-10-01T09:06:21.094Z] [DEBUG] [config:guard_policy] UnmarshalJSON: parsing guard policy, keys=1
[2026-10-01T09:06:21.094Z] [DEBUG] [config:guard_policy] UnmarshalJSON: guard policy type is write-sink
[2026-10-01T09:06:21.095Z] [DEBUG] [config:guard_policy] ValidateGuardPolicy: delegating to write-sink validation, acceptCount=1, sinkVisibility="public"
[2026-10-01T09:06:21.095Z] [DEBUG] [config:guard_policy] ValidateWriteSinkPolicy: acceptCount=1, sinkVisibility="public"
[2026-10-01T09:06:21.095Z] [DEBUG] [config:guard_policy] ValidateWriteSinkPolicy: wildcard accept, policy is valid
[2026-10-01T09:06:21.096Z] [DEBUG] [server:guard_init] Using server-level guard policy: serverID=safeoutputs
[2026-10-01T09:06:21.096Z] [DEBUG] [envutil:github] Looking up GitHub token=[REDACTED] 4 candidate env vars
[2026-10-01T09:06:21.096Z] [DEBUG] [envutil:github] GitHub token found: source=GITHUB_TOKEN
[2026-10-01T09:06:21.097Z] [DEBUG] [envutil:github] Looking up GitHub token=[REDACTED] 4 candidate env vars
[2026-10-01T09:06:21.097Z] [DEBUG] [envutil:github] GitHub token found: source=GITHUB_TOKEN
[2026-10-01T09:06:21.097Z] [DEBUG] [envutil:github] GitHub API URL using default: 
[2026-10-01T09:06:21.098Z] [DEBUG] [envutil:github] Deriving API URL from server URL: https://github.com
[2026-10-01T09:06:21.098Z] [DEBUG] [envutil:github] GitHub.com detected, using default API URL: https://api.github.com
[2026-10-01T09:06:21.098Z] [DEBUG] [envutil:github] GitHub API URL derived from GITHUB_SERVER_URL=https://github.com: https://api.github.com
[2026-10-01T09:06:21.099Z] [DEBUG] [githubhttp:visibility] Fetching repo visibility: nwo=Viktor-Jensen-Torp/gh-aw-spike-target, apiBaseURL=https://api.github.com
[2026-10-01T09:06:21.099Z] [DEBUG] [githubhttp:client] GitHub GET: baseURL="https://api.github.com", path="/repos/Viktor-Jensen-Torp/gh-aw-spike-target", hasAuth=true
[2026-10-01T09:06:21.099Z] [DEBUG] [githubhttp:client] Applying GitHub API headers: method="GET", path="/repos/Viktor-Jensen-Torp/gh-aw-spike-target", hasAuth=true
[2026-10-01T09:06:21.718Z] [DEBUG] [githubhttp:client] GitHub GET response: path="/repos/Viktor-Jensen-Torp/gh-aw-spike-target", status=200
[2026-10-01T09:06:21.719Z] [DEBUG] [githubhttp:visibility] Repo visibility resolved: nwo=Viktor-Jensen-Torp/gh-aw-spike-target, visibility=public
[2026-10-01T09:06:21.719Z] [DEBUG] [server:guard_init] resolveWorkflowRepoVisibility: cached repo visibility for Viktor-Jensen-Torp/gh-aw-spike-target: public
[2026-10-01T09:06:21.720Z] [INFO] [difc] [safeoutputs] Sink visibility runtime verification passed: repo=Viktor-Jensen-Torp/gh-aw-spike-target, configured="public", actual="public"
[2026-10-01T09:06:21.720Z] [DEBUG] [guard:write-sink] Creating write-sink guard with 1 accept patterns, sink-visibility="public"
[2026-10-01T09:06:21.721Z] [INFO] [difc] [safeoutputs] Created write-sink guard with 1 accept patterns, sink-visibility="public"
[2026-10-01T09:06:21.721Z] [DEBUG] [envutil:github] Looking up GitHub token=[REDACTED] 4 candidate env vars
[2026-10-01T09:06:21.721Z] [DEBUG] [envutil:github] GitHub token found: source=GITHUB_TOKEN
[2026-10-01T09:06:21.722Z] [DEBUG] [config:guard_policy] ParseServerGuardPolicy: serverID=safeoutputs, keyCount=1
[2026-10-01T09:06:21.722Z] [DEBUG] [config:guard_policy] ParsePolicyMap: hasAllowOnly=false, hasWriteSink=true, keyCount=1
[2026-10-01T09:06:21.722Z] [DEBUG] [config:guard_policy] Parsing guard policy JSON: len=58
[2026-10-01T09:06:21.723Z] [DEBUG] [config:guard_policy] UnmarshalJSON: parsing guard policy, keys=1
[2026-10-01T09:06:21.723Z] [DEBUG] [config:guard_policy] UnmarshalJSON: guard policy type is write-sink
[2026-10-01T09:06:21.723Z] [DEBUG] [config:guard_policy] ValidateGuardPolicy: delegating to write-sink validation, acceptCount=1, sinkVisibility="public"
[2026-10-01T09:06:21.724Z] [DEBUG] [config:guard_policy] ValidateWriteSinkPolicy: acceptCount=1, sinkVisibility="public"
[2026-10-01T09:06:21.724Z] [DEBUG] [config:guard_policy] ValidateWriteSinkPolicy: wildcard accept, policy is valid
[2026-10-01T09:06:21.724Z] [DEBUG] [server:guard_init] overrideToPublicScope: skipping write-sink-only per-server policy for serverID=safeoutputs
[2026-10-01T09:06:21.725Z] [DEBUG] [server:guard_init] Resolving guard policy: serverID=safeoutputs
[2026-10-01T09:06:21.725Z] [DEBUG] [config:guard_policy] ParseServerGuardPolicy: serverID=safeoutputs, keyCount=1
[2026-10-01T09:06:21.725Z] [DEBUG] [config:guard_policy] ParsePolicyMap: hasAllowOnly=false, hasWriteSink=true, keyCount=1
[2026-10-01T09:06:21.726Z] [DEBUG] [config:guard_policy] Parsing guard policy JSON: len=58
[2026-10-01T09:06:21.726Z] [DEBUG] [config:guard_policy] UnmarshalJSON: parsing guard policy, keys=1
[2026-10-01T09:06:21.726Z] [DEBUG] [config:guard_policy] UnmarshalJSON: guard policy type is write-sink
[2026-10-01T09:06:21.727Z] [DEBUG] [config:guard_policy] ValidateGuardPolicy: delegating to write-sink validation, acceptCount=1, sinkVisibility="public"
[2026-10-01T09:06:21.727Z] [DEBUG] [config:guard_policy] ValidateWriteSinkPolicy: acceptCount=1, sinkVisibility="public"
[2026-10-01T09:06:21.727Z] [DEBUG] [config:guard_policy] ValidateWriteSinkPolicy: wildcard accept, policy is valid
[2026-10-01T09:06:21.728Z] [DEBUG] [server:guard_init] Using server-level guard policy: serverID=safeoutputs
[2026-10-01T09:06:21.728Z] [DEBUG] [config:config] GetAgentIDs: gateway.agentIds not set, falling back to singular effective agent ID
[2026-10-01T09:06:21.728Z] [DEBUG] [guard:registry] Registering guard for serverID=safeoutputs, guardName=write-sink
[2026-10-01T09:06:21.729Z] [INFO] [guard] Registered guard 'write-sink' for server 'safeoutputs'
[2026-10-01T09:06:21.729Z] [INFO] [difc] [safeoutputs] Registered guard 'write-sink'
[2026-10-01T09:06:21.729Z] [DEBUG] [guard:registry] HasNonNoopGuard: found non-noop guard=write-sink
[2026-10-01T09:06:21.730Z] [DEBUG] [server:unified] Auto-enabled DIFC: non-noop guard, global policy, per-server guard policies, or per-agent allow-only policies detected
[2026-10-01T09:06:21.730Z] [INFO] [startup] Guards enforcement enabled with mode: 
[2026-10-01T09:06:21.730Z] [DEBUG] [launcher:launcher] Retrieved server IDs: count=1, ids=[safeoutputs]
[2026-10-01T09:06:21.731Z] [INFO] [backend] Starting tool registration for 1 backends
[2026-10-01T09:06:21.731Z] [INFO] [backend] DIFC enabled: registering sys tools...
[2026-10-01T09:06:21.731Z] [DEBUG] [server:unified] registerSysTool: name=sys___init
[2026-10-01T09:06:21.732Z] [DEBUG] [server:unified] registerSysTool: name=sys___list_servers
[2026-10-01T09:06:21.732Z] [DEBUG] [server:unified] Registered 2 sys tools
[2026-10-01T09:06:21.732Z] [DEBUG] [launcher:launcher] Retrieved server IDs: count=1, ids=[safeoutputs]
[2026-10-01T09:06:21.733Z] [DEBUG] [server:unified] Registering tools in parallel from 1 backends
[2026-10-01T09:06:21.733Z] [DEBUG] [server:unified] Registering tools from backend: safeoutputs
[2026-10-01T09:06:21.733Z] [DEBUG] [backend] [safeoutputs] GetOrLaunch called for server: safeoutputs
[2026-10-01T09:06:21.734Z] [DEBUG] [launcher:launcher] Server config found: serverID=safeoutputs, type=stdio
[2026-10-01T09:06:21.734Z] [DEBUG] [launcher:launcher] Connection not found in cache, launching new: serverID=safeoutputs
[2026-10-01T09:06:21.734Z] [DEBUG] [launcher:launcher] Retrieved server config: serverID=safeoutputs, type=stdio
[2026-10-01T09:06:21.735Z] [DEBUG] [mountspec:mountspec] Parsing mount spec: parts=3
[2026-10-01T09:06:21.735Z] [DEBUG] [launcher:mount_policy] Mount "/home/runner/work/gh-aw-spike-target/gh-aw-spike-target" allowed under root "/home/runner/work/gh-aw-spike-target/gh-aw-spike-target" (writable=true)
[2026-10-01T09:06:21.735Z] [DEBUG] [mountspec:mountspec] Parsing mount spec: parts=3
[2026-10-01T09:06:21.736Z] [DEBUG] [launcher:mount_policy] Mount "/home/runner/work/_temp/gh-aw/safeoutputs" allowed under root "/home/runner/work/_temp/gh-aw/safeoutputs" (writable=true)
[2026-10-01T09:06:21.736Z] [DEBUG] [mountspec:mountspec] Parsing mount spec: parts=3
[2026-10-01T09:06:21.736Z] [DEBUG] [launcher:mount_policy] Mount "/tmp/gh-aw" allowed under root "/tmp" (writable=true)
[2026-10-01T09:06:21.737Z] [INFO] [backend] [safeoutputs] Launching MCP backend server: server=safeoutputs, command=docker, args=[run --rm -i -e NO_COLOR=... -e TERM=... -e PYTHONUNBUFFERED=... --entrypoint sh -v /home/runner/work/gh-aw-spike-target/gh-aw-spike-target:/home/runner/work/gh-aw-spike-target/gh-aw-spike-target:rw -v /home/runner/work/_temp/gh-aw/safeoutputs:/home/runner/work/_temp/gh-aw/safeoutputs:rw -v /tmp/gh-aw:/tmp/gh-aw:rw -e GH_AW_PR_HEAD_BASE_PR_NUMBER -e GITHUB_REPOSITORY=Vikt... -e GH_AW_PR_HEAD_BASE_REF -e GITHUB_SHA=de19... -e GITHUB_WORKSPACE=/hom... -e GH_AW_ASSETS_BRANCH -e GH_AW_PR_HEAD_REPO -e GITHUB_TOKEN=ghs_... -e GH_AW_PR_HEAD_BASE_REPO -e DEBUG=... -e GH_AW_ASSETS_MAX_SIZE_KB=... -e GH_AW_POLICY_ALLOW_CREATE_PULL_REQUEST=... -e GH_AW_SAFE_OUTPUTS=/hom... -e GH_AW_PR_HEAD_BASE_BRANCH -e DEFAULT_BRANCH=... -e GH_AW_SAFE_OUTPUTS_TOOLS_PATH=/hom... -e GITHUB_EVENT_PATH=/hom... -e GH_AW_MCP_LOG_DIR=/tmp... -e GH_AW_SAFE_OUTPUTS_CONFIG_PATH=/hom... -e GH_AW_PR_HEAD_BASE_SHA -e GITHUB_EVENT_NAME=work... -e RUNNER_TEMP=/hom... -e GH_AW_ASSETS_ALLOWED_EXTS -w /home/runner/work/gh-aw-spike-target/gh-aw-spike-target ghcr.io/github/gh-aw-node -c sh /home/runner/work/_temp/gh-aw/safeoutputs/start_safe_outputs_mcp.sh]
[2026-10-01T09:06:21.738Z] [DEBUG] [launcher:launcher] Launching new server: serverID=safeoutputs, command=docker, inContainer=true, isDirectCommand=false
[2026-10-01T09:06:21.738Z] [DEBUG] [launcher:launcher] Starting server with timeout: serverID=safeoutputs, sessionID=(none), timeout=2m0s
[2026-10-01T09:06:21.739Z] [DEBUG] [launcher:launcher] Starting connection goroutine: serverID=safeoutputs
[2026-10-01T09:06:21.739Z] [INFO] [backend] Creating new MCP backend connection, command=docker, args=[run --rm -i -e NO_COLOR=... -e TERM=... -e PYTHONUNBUFFERED=... --entrypoint sh -v /home/runner/work/gh-aw-spike-target/gh-aw-spike-target:/home/runner/work/gh-aw-spike-target/gh-aw-spike-target:rw -v /home/runner/work/_temp/gh-aw/safeoutputs:/home/runner/work/_temp/gh-aw/safeoutputs:rw -v /tmp/gh-aw:/tmp/gh-aw:rw -e GH_AW_PR_HEAD_BASE_PR_NUMBER -e GITHUB_REPOSITORY=Vikt... -e GH_AW_PR_HEAD_BASE_REF -e GITHUB_SHA=de19... -e GITHUB_WORKSPACE=/hom... -e GH_AW_ASSETS_BRANCH -e GH_AW_PR_HEAD_REPO -e GITHUB_TOKEN=ghs_... -e GH_AW_PR_HEAD_BASE_REPO -e DEBUG=... -e GH_AW_ASSETS_MAX_SIZE_KB=... -e GH_AW_POLICY_ALLOW_CREATE_PULL_REQUEST=... -e GH_AW_SAFE_OUTPUTS=/hom... -e GH_AW_PR_HEAD_BASE_BRANCH -e DEFAULT_BRANCH=... -e GH_AW_SAFE_OUTPUTS_TOOLS_PATH=/hom... -e GITHUB_EVENT_PATH=/hom... -e GH_AW_MCP_LOG_DIR=/tmp... -e GH_AW_SAFE_OUTPUTS_CONFIG_PATH=/hom... -e GH_AW_PR_HEAD_BASE_SHA -e GITHUB_EVENT_NAME=work... -e RUNNER_TEMP=/hom... -e GH_AW_ASSETS_ALLOWED_EXTS -w /home/runner/work/gh-aw-spike-target/gh-aw-spike-target ghcr.io/github/gh-aw-node -c sh /home/runner/work/_temp/gh-aw/safeoutputs/start_safe_outputs_mcp.sh]
[2026-10-01T09:06:21.740Z] [DEBUG] [envutil:expand] Expanding env args: input_count=68
[2026-10-01T09:06:21.741Z] [DEBUG] [envutil:expand] Expanding env var: name=GH_AW_PR_HEAD_BASE_PR_NUMBER
[2026-10-01T09:06:21.741Z] [DEBUG] [envutil:expand] Expanding env var: name=GH_AW_PR_HEAD_BASE_REF
[2026-10-01T09:06:21.741Z] [DEBUG] [envutil:expand] Expanding env var: name=GH_AW_ASSETS_BRANCH
[2026-10-01T09:06:21.742Z] [DEBUG] [envutil:expand] Expanding env var: name=GH_AW_PR_HEAD_REPO
[2026-10-01T09:06:21.742Z] [DEBUG] [envutil:expand] Expanding env var: name=GH_AW_PR_HEAD_BASE_REPO
[2026-10-01T09:06:21.742Z] [DEBUG] [envutil:expand] Expanding env var: name=GH_AW_PR_HEAD_BASE_BRANCH
[2026-10-01T09:06:21.743Z] [DEBUG] [envutil:expand] Expanding env var: name=GH_AW_PR_HEAD_BASE_SHA
[2026-10-01T09:06:21.743Z] [DEBUG] [envutil:expand] Expanding env var: name=GH_AW_ASSETS_ALLOWED_EXTS
[2026-10-01T09:06:21.743Z] [DEBUG] [envutil:expand] Env args expansion complete: output_count=68
[2026-10-01T09:06:21.744Z] [DEBUG] [mcp:connection] Expanded args for Docker env: [run --rm -i -e NO_COLOR=... -e TERM=... -e PYTHONUNBUFFERED=... --entrypoint sh -v /home/runner/work/gh-aw-spike-target/gh-aw-spike-target:/home/runner/work/gh-aw-spike-target/gh-aw-spike-target:rw -v /home/runner/work/_temp/gh-aw/safeoutputs:/home/runner/work/_temp/gh-aw/safeoutputs:rw -v /tmp/gh-aw:/tmp/gh-aw:rw -e GH_AW_PR_HEAD_BASE_PR_NUMBER= -e GITHUB_REPOSITORY=Vikt... -e GH_AW_PR_HEAD_BASE_REF= -e GITHUB_SHA=de19... -e GITHUB_WORKSPACE=/hom... -e GH_AW_ASSETS_BRANCH= -e GH_AW_PR_HEAD_REPO= -e GITHUB_TOKEN=ghs_... -e GH_AW_PR_HEAD_BASE_REPO= -e DEBUG=... -e GH_AW_ASSETS_MAX_SIZE_KB=... -e GH_AW_POLICY_ALLOW_CREATE_PULL_REQUEST=... -e GH_AW_SAFE_OUTPUTS=/hom... -e GH_AW_PR_HEAD_BASE_BRANCH= -e DEFAULT_BRANCH=... -e GH_AW_SAFE_OUTPUTS_TOOLS_PATH=/hom... -e GITHUB_EVENT_PATH=/hom... -e GH_AW_MCP_LOG_DIR=/tmp... -e GH_AW_SAFE_OUTPUTS_CONFIG_PATH=/hom... -e GH_AW_PR_HEAD_BASE_SHA= -e GITHUB_EVENT_NAME=work... -e RUNNER_TEMP=/hom... -e GH_AW_ASSETS_ALLOWED_EXTS= -w /home/runner/work/gh-aw-spike-target/gh-aw-spike-target ghcr.io/github/gh-aw-node -c sh /home/runner/work/_temp/gh-aw/safeoutputs/start_safe_outputs_mcp.sh]
[2026-10-01T09:06:21.744Z] [INFO] [backend] Starting MCP backend server, command=docker, args=[run --rm -i -e NO_COLOR=... -e TERM=... -e PYTHONUNBUFFERED=... --entrypoint sh -v /home/runner/work/gh-aw-spike-target/gh-aw-spike-target:/home/runner/work/gh-aw-spike-target/gh-aw-spike-target:rw -v /home/runner/work/_temp/gh-aw/safeoutputs:/home/runner/work/_temp/gh-aw/safeoutputs:rw -v /tmp/gh-aw:/tmp/gh-aw:rw -e GH_AW_PR_HEAD_BASE_PR_NUMBER= -e GITHUB_REPOSITORY=Vikt... -e GH_AW_PR_HEAD_BASE_REF= -e GITHUB_SHA=de19... -e GITHUB_WORKSPACE=/hom... -e GH_AW_ASSETS_BRANCH= -e GH_AW_PR_HEAD_REPO= -e GITHUB_TOKEN=ghs_... -e GH_AW_PR_HEAD_BASE_REPO= -e DEBUG=... -e GH_AW_ASSETS_MAX_SIZE_KB=... -e GH_AW_POLICY_ALLOW_CREATE_PULL_REQUEST=... -e GH_AW_SAFE_OUTPUTS=/hom... -e GH_AW_PR_HEAD_BASE_BRANCH= -e DEFAULT_BRANCH=... -e GH_AW_SAFE_OUTPUTS_TOOLS_PATH=/hom... -e GITHUB_EVENT_PATH=/hom... -e GH_AW_MCP_LOG_DIR=/tmp... -e GH_AW_SAFE_OUTPUTS_CONFIG_PATH=/hom... -e GH_AW_PR_HEAD_BASE_SHA= -e GITHUB_EVENT_NAME=work... -e RUNNER_TEMP=/hom... -e GH_AW_ASSETS_ALLOWED_EXTS= -w /home/runner/work/gh-aw-spike-target/gh-aw-spike-target ghcr.io/github/gh-aw-node -c sh /home/runner/work/_temp/gh-aw/safeoutputs/start_safe_outputs_mcp.sh]
[2026-10-01T09:06:21.745Z] [DEBUG] [mcp:connection] Initiating MCP server connection and handshake
[2026-10-01T09:06:21.904Z] [INFO] [backend] [safeoutputs] [stderr] Git configured with standard GitHub Actions identity
[2026-10-01T09:06:21.942Z] [INFO] [backend] [safeoutputs] [stderr] [2026-10-01T09:06:21.935Z] [mcp_server_core] Module is being loaded
[2026-10-01T09:06:21.973Z] [INFO] [backend] [safeoutputs] [stderr] [2026-10-01T09:06:21.972Z] [safeoutputs] Loading safe-outputs configuration
[2026-10-01T09:06:21.974Z] [INFO] [backend] [safeoutputs] [stderr] [2026-10-01T09:06:21.972Z] [safeoutputs] Reading config from file: /home/runner/work/_temp/gh-aw/safeoutputs/config.json
[2026-10-01T09:06:21.974Z] [INFO] [backend] [safeoutputs] [stderr] [2026-10-01T09:06:21.973Z] [safeoutputs] Config file exists at: /home/runner/work/_temp/gh-aw/safeoutputs/config.json
[2026-10-01T09:06:21.975Z] [INFO] [backend] [safeoutputs] [stderr] [2026-10-01T09:06:21.973Z] [safeoutputs] Config file content length: 1134 characters
[2026-10-01T09:06:21.976Z] [INFO] [backend] [safeoutputs] [stderr] [2026-10-01T09:06:21.973Z] [safeoutputs] Config file read successfully, attempting to parse JSON
[2026-10-01T09:06:21.977Z] [INFO] [backend] [safeoutputs] [stderr] [2026-10-01T09:06:21.973Z] [safeoutputs] Successfully parsed config from file with 6 configuration keys
[2026-10-01T09:06:21.980Z] [INFO] [backend] [safeoutputs] [stderr] [2026-10-01T09:06:21.974Z] [safeoutputs] Final processed config: {"create_pull_request":{"allowed_base_branches":["develop"],"allowed_files":["apps/**","packages/**","docs/architecture.md"],"auto_merge":"squash","base_branch":"develop","draft":false,"labels":["agent"],"max":1,"max_patch_files":100,"max_patch_size":4096,"protect_top_level_dot_folders":true,"protected_files":["package.json","bun.lockb","bunfig.toml","deno.json","deno.jsonc","deno.lock","global.json","NuGet.Config","Directory.Packages.props","mix.exs","mix.lock","go.mod","go.sum","stack.yaml","stack.yaml.lock","pom.xml","build.gradle","build.gradle.kts","settings.gradle","settings.gradle.kts","gradle.properties","package-lock.json","yarn.lock","pnpm-lock.yaml","npm-shrinkwrap.json","requirements.txt","Pipfile","Pipfile.lock","pyproject.toml","setup.py","setup.cfg","Gemfile","Gemfile.lock","uv.lock","CODEOWNERS","DESIGN.md","README.md","CONTRIBUTING.md","SECURITY.md","CODE_OF_CONDUCT.md","PI.md","AGENTS.md"],"protected_files_policy":"request-review","title_prefix":"[implementer] "},"create_report_incomplete_issue":{},"missing_data":{},"missing_tool":{},"noop":{"max":1,"report-as-issue":"false"},"report_incomplete":{}}
[2026-10-01T09:06:21.982Z] [INFO] [backend] [safeoutputs] [stderr] [2026-10-01T09:06:21.974Z] [safeoutputs] Loading safe-outputs tools
[2026-10-01T09:06:21.983Z] [INFO] [backend] [safeoutputs] [stderr] [2026-10-01T09:06:21.975Z] [safeoutputs] Reading tools from file: /home/runner/work/_temp/gh-aw/safeoutputs/tools.json
[2026-10-01T09:06:21.984Z] [INFO] [backend] [safeoutputs] [stderr] [2026-10-01T09:06:21.975Z] [safeoutputs] Tools file exists at: /home/runner/work/_temp/gh-aw/safeoutputs/tools.json
[2026-10-01T09:06:21.984Z] [INFO] [backend] [safeoutputs] [stderr] [2026-10-01T09:06:21.975Z] [safeoutputs] Tools file content length: 11290 characters
[2026-10-01T09:06:21.985Z] [INFO] [backend] [safeoutputs] [stderr] [2026-10-01T09:06:21.975Z] [safeoutputs] Tools file read successfully, attempting to parse JSON
[2026-10-01T09:06:21.986Z] [INFO] [backend] [safeoutputs] [stderr] [2026-10-01T09:06:21.975Z] [safeoutputs] Successfully parsed 5 tools from file
[2026-10-01T09:06:21.986Z] [INFO] [backend] Successfully connected to MCP backend server, command=docker
[2026-10-01T09:06:21.987Z] [INFO] [backend] [safeoutputs] [stderr] [2026-10-01T09:06:21.979Z] [safeoutputs] Configured git safe.directory for bridge context: /home/runner/work/gh-aw-spike-target/gh-aw-spike-target
[2026-10-01T09:06:21.988Z] [INFO] [backend] Started MCP server: docker [run --rm -i -e NO_COLOR=... -e TERM=... -e PYTHONUNBUFFERED=... --entrypoint sh -v /home/runner/work/gh-aw-spike-target/gh-aw-spike-target:/home/runner/work/gh-aw-spike-target/gh-aw-spike-target:rw -v /home/runner/work/_temp/gh-aw/safeoutputs:/home/runner/work/_temp/gh-aw/safeoutputs:rw -v /tmp/gh-aw:/tmp/gh-aw:rw -e GH_AW_PR_HEAD_BASE_PR_NUMBER= -e GITHUB_REPOSITORY=Vikt... -e GH_AW_PR_HEAD_BASE_REF= -e GITHUB_SHA=de19... -e GITHUB_WORKSPACE=/hom... -e GH_AW_ASSETS_BRANCH= -e GH_AW_PR_HEAD_REPO= -e GITHUB_TOKEN=ghs_... -e GH_AW_PR_HEAD_BASE_REPO= -e DEBUG=... -e GH_AW_ASSETS_MAX_SIZE_KB=... -e GH_AW_POLICY_ALLOW_CREATE_PULL_REQUEST=... -e GH_AW_SAFE_OUTPUTS=/hom... -e GH_AW_PR_HEAD_BASE_BRANCH= -e DEFAULT_BRANCH=... -e GH_AW_SAFE_OUTPUTS_TOOLS_PATH=/hom... -e GITHUB_EVENT_PATH=/hom... -e GH_AW_MCP_LOG_DIR=/tmp... -e GH_AW_SAFE_OUTPUTS_CONFIG_PATH=/hom... -e GH_AW_PR_HEAD_BASE_SHA= -e GITHUB_EVENT_NAME=work... -e RUNNER_TEMP=/hom... -e GH_AW_ASSETS_ALLOWED_EXTS= -w /home/runner/work/gh-aw-spike-target/gh-aw-spike-target ghcr.io/github/gh-aw-node -c sh /home/runner/work/_temp/gh-aw/safeoutputs/start_safe_outputs_mcp.sh]
[2026-10-01T09:06:21.988Z] [INFO] [backend] [safeoutputs] [stderr] [2026-10-01T09:06:21.980Z] [safeoutputs]   output file: /home/runner/work/_temp/gh-aw/safeoutputs/outputs.jsonl
[2026-10-01T09:06:21.989Z] [INFO] [backend] [safeoutputs] Successfully launched MCP backend server: server=safeoutputs
[2026-10-01T09:06:21.989Z] [DEBUG] [launcher:launcher] Connection established: serverID=safeoutputs
[2026-10-01T09:06:21.989Z] [DEBUG] [launcher:launcher] Recorded server start: serverID=safeoutputs
[2026-10-01T09:06:21.990Z] [DEBUG] [mcp:connection] ServerInfo: serverID=safeoutputs, name=safeoutputs, version=1.0.0
[2026-10-01T09:06:21.990Z] [INFO] [backend] [safeoutputs] Backend server info: name=safeoutputs, version=1.0.0
[2026-10-01T09:06:21.991Z] [INFO] [backend] [safeoutputs] [stderr] [2026-10-01T09:06:21.980Z] [safeoutputs]   config: {"create_pull_request":{"allowed_base_branches":["develop"],"allowed_files":["apps/**","packages/**","docs/architecture.md"],"auto_merge":"squash","base_branch":"develop","draft":false,"labels":["agent"],"max":1,"max_patch_files":100,"max_patch_size":4096,"protect_top_level_dot_folders":true,"protected_files":["package.json","bun.lockb","bunfig.toml","deno.json","deno.jsonc","deno.lock","global.json","NuGet.Config","Directory.Packages.props","mix.exs","mix.lock","go.mod","go.sum","stack.yaml","stack.yaml.lock","pom.xml","build.gradle","build.gradle.kts","settings.gradle","settings.gradle.kts","gradle.properties","package-lock.json","yarn.lock","pnpm-lock.yaml","npm-shrinkwrap.json","requirements.txt","Pipfile","Pipfile.lock","pyproject.toml","setup.py","setup.cfg","Gemfile","Gemfile.lock","uv.lock","CODEOWNERS","DESIGN.md","README.md","CONTRIBUTING.md","SECURITY.md","CODE_OF_CONDUCT.md","PI.md","AGENTS.md"],"protected_files_policy":"request-review","title_prefix":"[implementer] "},"create_report_incomplete_issue":{},"missing_data":{},"missing_tool":{},"noop":{"max":1,"report-as-issue":"false"},"report_incomplete":{}}
[2026-10-01T09:06:21.991Z] [DEBUG] [server:tool_registry_helpers] Fetching backend list: serverID=safeoutputs, method=tools/list
[2026-10-01T09:06:21.992Z] [DEBUG] [mcp:connection_logging] Outbound RPC request: serverID=safeoutputs, method=tools/list, payloadBytes=53, enclave=false
[2026-10-01T09:06:21.992Z] [DEBUG] [mcp:connection_logging] snapshotTags: no agent tag snapshot attached
[2026-10-01T09:06:21.993Z] [DEBUG] [rpc] safeoutputs→tools/list 53b {"jsonrpc":"2.0","method":"tools/list","params":null}
[2026-10-01T09:06:21.993Z] [INFO] [backend] [safeoutputs] [stderr] [2026-10-01T09:06:21.981Z] [safeoutputs] Registered tool: create_pull_request
[2026-10-01T09:06:21.994Z] [INFO] [backend] [safeoutputs] [stderr] [2026-10-01T09:06:21.981Z] [safeoutputs] Registered tool: missing_tool
[2026-10-01T09:06:21.994Z] [DEBUG] [mcp:connection] Dispatching SDK method: tools/list, serverID=safeoutputs
[2026-10-01T09:06:21.994Z] [INFO] [backend] [safeoutputs] [stderr] [2026-10-01T09:06:21.981Z] [safeoutputs] Registered tool: noop
[2026-10-01T09:06:21.995Z] [DEBUG] [mcp:connection] listtools: requesting tools list from backend serverID=safeoutputs
[2026-10-01T09:06:21.995Z] [DEBUG] [mcp:pagination] PaginateAll: starting pagination, maxPages=100
[2026-10-01T09:06:21.996Z] [INFO] [backend] [safeoutputs] [stderr] [2026-10-01T09:06:21.981Z] [safeoutputs] Registered tool: missing_data
[2026-10-01T09:06:21.996Z] [INFO] [backend] [safeoutputs] [stderr] [2026-10-01T09:06:21.981Z] [safeoutputs] Registered tool: report_incomplete
[2026-10-01T09:06:21.997Z] [INFO] [backend] [safeoutputs] [stderr] [2026-10-01T09:06:21.982Z] [safeoutputs] Skipping generic tool for non-tool config key=[REDACTED]
[2026-10-01T09:06:21.997Z] [DEBUG] [mcp:connection] listtools: received page of 5 tools from serverID=safeoutputs
[2026-10-01T09:06:21.998Z] [DEBUG] [mcp:pagination] PaginateAll: fetched page=1, items=5, hasNext=false
[2026-10-01T09:06:21.998Z] [DEBUG] [mcp:pagination] PaginateAll: completed, totalItems=5, pages=1
[2026-10-01T09:06:21.998Z] [DEBUG] [mcp:connection] listtools: received 5 tools total from serverID=safeoutputs
[2026-10-01T09:06:21.999Z] [DEBUG] [mcp:helpers] marshalToResponse: result_len=9287 bytes
[2026-10-01T09:06:21.999Z] [INFO] [backend] [safeoutputs] [stderr] [2026-10-01T09:06:21.982Z] [safeoutputs]   tools: create_pull_request, missing_tool, noop, missing_data, report_incomplete
[2026-10-01T09:06:22.000Z] [DEBUG] [mcp:connection_logging] Inbound RPC response: serverID=safeoutputs, payloadBytes=9321, hasError=false, enclave=false
[2026-10-01T09:06:22.000Z] [DEBUG] [mcp:connection_logging] snapshotTags: no agent tag snapshot attached
[2026-10-01T09:06:22.000Z] [INFO] [backend] [safeoutputs] [stderr] [2026-10-01T09:06:21.982Z] [safeoutputs] v1.0.0 ready on stdio
[2026-10-01T09:06:22.001Z] [INFO] [backend] [safeoutputs] [stderr] [2026-10-01T09:06:21.982Z] [safeoutputs]   tools: create_pull_request, missing_tool, noop, missing_data, report_incomplete
[2026-10-01T09:06:22.002Z] [INFO] [backend] [safeoutputs] [stderr] [2026-10-01T09:06:21.983Z] [safeoutputs] listening...
[2026-10-01T09:06:22.003Z] [INFO] [backend] [safeoutputs] [stderr] [2026-10-01T09:06:21.984Z] [safeoutputs] recv: {"jsonrpc":"2.0","id":1,"method":"server/discover","params":{"_meta":{"io.modelcontextprotocol/clientCapabilities":{"roots":{"listChanged":true}},"io.modelcontextprotocol/clientInfo":{"name":"awmg","version":"v0.4.25"},"io.modelcontextprotocol/protocolVersion":"2026-07-28"}}}
[2026-10-01T09:06:22.004Z] [INFO] [backend] [safeoutputs] [stderr] [2026-10-01T09:06:21.985Z] [safeoutputs] send: {"jsonrpc":"2.0","id":1,"error":{"code":-32601,"message":"Method not found: server/discover"}}
[2026-10-01T09:06:22.005Z] [INFO] [backend] [safeoutputs] [stderr] [2026-10-01T09:06:21.986Z] [safeoutputs] recv: {"jsonrpc":"2.0","id":2,"method":"initialize","params":{"clientInfo":{"name":"awmg","version":"v0.4.25"},"protocolVersion":"2025-11-25","capabilities":{"roots":{"listChanged":true}}}}
[2026-10-01T09:06:22.006Z] [INFO] [backend] [safeoutputs] [stderr] [2026-10-01T09:06:21.986Z] [safeoutputs] client info: {"name":"awmg","version":"v0.4.25"}
[2026-10-01T09:06:22.006Z] [DEBUG] [rpc] safeoutputs←resp 9321b {"jsonrpc":"2.0","id":1,"result":{"ttlMs":0,"cacheScope":"","tools":[{"description":"Create a new GitHub pull request to propose code changes. Use this after making file edits to submit them for review and merging. The PR will be created from the current branch with your committed changes. This is a write-once declaration for a real intended PR, not a sandbox or probe: do not call it with placeholder content, test titles/bodies, or auth experiments. If you are not ready to open the real PR, use noop or report_incomplete instead. For code review comments on an existing PR, use create_pull_request_review_comment instead. CONSTRAINTS: Maximum 1 pull request(s) can be created. Title will be prefixed with \"[implementer] \". Labels [\"agent\"] will be automatically added. This tool records a real pull request intent. Do not use it for tests, auth checks, or probing. Call it once only when the final PR title/body/branch are ready; otherwise use noop or report_incomplete.","inputSchema":{"additionalProperties":false,"properties":{"base":{"description":"Target base branch for the pull request. This override is only allowed when workflow configuration sets safe-outputs.create-pull-request.allowed-base-branches and the value matches one of those patterns, or when it names the branch of a pull request created earlier in the same run (a stacked pull request). Stacked pull requests are rejected when safe-outputs.create-pull-request.stacked is false.","type":"string"},"body":{"description":"Detailed PR description in Markdown. Include what changes were made, why, testing notes, and any breaking changes. Do NOT repeat the title as a heading.","maxLength":65536,"type":"string"},"branch":{"description":"Source branch name containing the changes. If omitted, uses the current working branch. If the workflow configuration sets safe-outputs.create-pull-request.allowed-branches, then the branch name MUST be given and match one of these patterns.","type":"string"},"dependencies":{"description":"Optional list of branch names this pull request depends on (branches of earlier pull requests in the same stack). Used to detect circular stack dependencies and to record stack metadata.","items":{"type":"string"},"type":"array"},"draft":{"description":"Whether to create the PR as a draft. Draft PRs cannot be merged until marked as ready for review. Use mark_pull_request_as_ready_for_review to convert a draft PR. Default: true.","type":"boolean"},"integrity":{"description":"Trustworthiness level of the message source (e.g., \"low\", \"medium\", \"high\").","type":"string"},"labels":{"description":"Labels to categorize the PR (e.g., 'enhancement', 'bugfix'). Labels must exist in the repository.","items":{"type":"string"},"type":"array"},"repo":{"description":"Target repository in 'owner/repo' format. For multi-repo workflows where the target repo differs from the workflow repo, this must match a repo in the allowed-repos list or the configured target-repo. If omitted, defaults to the configured target-repo (from safe-outputs config), NOT the workflow repository. In most cases, you should omit this parameter and let the system use the configured default.","type":"string"},"secrecy":{"description":"Confidentiality level of the message content (e.g., \"public\", \"internal\", \"private\").","type":"string"},"stack_position":{"description":"Optional 1-based position of this pull request within a stack of dependent pull requests. Recorded in the pull request body as stack metadata.","type":["number","string"]},"stack_root":{"description":"Optional branch name of the root of the pull request stack (the branch the first pull request in the stack targets). Recorded in the pull request body as stack metadata.","type":"string"},"temporary_id":{"description":"Unique temporary identifier for this pull request. Canonical form: '#aw_' followed by 3 to 12 alphanumeric or underscore characters (A-Za-z0-9_) — e.g., '#aw_pr1', '#aw_fix_123'. The bare 'aw_pr1' form is also accepted and normalised to '#aw_pr1'. Use this same '#aw_ID' form in body text to cross-reference this PR; these references are replaced with the real pull request number after creation.","pattern":"^#?aw_[A-Za-z0-9_]{3,12}$","type":"string"},"title":{"description":"Concise PR title describing the changes. Follow repository conventions (e.g., conventional commits). The title appears as the main heading.","type":"string"}},"required":["title","body"],"type":"object"},"name":"create_pull_request"},{"description":"Report that a tool or capability needed to complete the task is not available, or share any information you deem important about missing functionality or limitations. Use this when you cannot accomplish what was requested because the required functionality is missing or access is restricted. When a bash command is blocked by security policy, call this tool with reason set to \"security\".","inputSchema":{"additionalProperties":false,"properties":{"alternatives":{"description":"Any workarounds, manual steps, or alternative approaches the user could take (max 256 characters).","type":"string"},"integrity":{"description":"Trustworthiness level of the message source (e.g., \"low\", \"medium\", \"high\").","type":"string"},"reason":{"description":"Explanation of why this tool is needed or what information you want to share about the limitation (max 256 characters).","type":"string"},"secrecy":{"description":"Confidentiality level of the message content (e.g., \"public\", \"internal\", \"private\").","type":"string"},"tool":{"description":"Optional: Name or description of the missing tool or capability (max 128 characters). Be specific about what functionality is needed.","type":"string"}},"required":["reason"],"type":"object"},"name":"missing_tool"},{"description":"Log a transparency message when no significant actions are needed. Use this to confirm workflow completion and provide visibility when analysis is complete but no changes or outputs are required (e.g., 'No issues found', 'All checks passed'). This ensures the workflow produces human-visible output even when no other actions are taken.","inputSchema":{"additionalProperties":false,"properties":{"integrity":{"description":"Trustworthiness level of the message source (e.g., \"low\", \"medium\", \"high\").","type":"string"},"message":{"description":"Status or completion message to log. Should explain what was analyzed and the outcome (e.g., 'Code review complete - no issues found', 'Analysis complete - all tests passing'). This is the only content field noop accepts; common aliases (reason, summary, details, text, note, status) are accepted and mapped to message. Serialize any metrics or structured run summary into this single string; other named fields (for example processed, skipped) are not accepted and cause a missing-message error.","maxLength":65536,"type":"string"},"secrecy":{"description":"Confidentiality level of the message content (e.g., \"public\", \"internal\", \"private\").","type":"string"}},"required":["message"],"type":"object"},"name":"noop"},{"description":"Report that data or information needed to complete the task is not available. Use this when you cannot accomplish what was requested because required data, context, or information is missing.","inputSchema":{"additionalProperties":false,"properties":{"alternatives":{"description":"Any workarounds, manual steps, or alternative approaches the user could take (max 256 characters).","type":"string"},"context":{"description":"Additional context about the missing data or where it should come from (max 256 characters).","type":"string"},"data_type":{"description":"Type or description of the missing data or information (max 128 characters). Be specific about what data is needed.","type":"string"},"integrity":{"description":"Trustworthiness level of the message source (e.g., \"low\", \"medium\", \"high\").","type":"string"},"reason":{"description":"Explanation of why this data is needed to complete the task (max 256 characters).","type":"string"},"secrecy":{"description":"Confidentiality level of the message content (e.g., \"public\", \"internal\", \"private\").","type":"string"}},"required":[],"type":"object"},"name":"missing_data"},{"description":"Signal that the task could not be completed due to an infrastructure or tool failure (e.g., MCP server crash, missing authentication, inaccessible repository). Use this when required tools or data are unavailable and the task cannot be meaningfully performed. This is distinct from noop (no action needed) — it indicates an active failure that prevented the task from running. Provide a specific reason and optional details so downstream issue aggregation can preserve complete incomplete-signal context. The workflow framework will treat this as a failure signal even when the agent exits successfully.","inputSchema":{"additionalProperties":false,"properties":{"details":{"description":"Optional extended details or diagnostic context about the failure (max 65000 characters).","maxLength":65536,"type":"string"},"reason":{"description":"A concise explanation of why the task could not be completed (max 1024 characters). Be specific about which tools or resources were unavailable.","type":"string"}},"required":["reason"],"type":"object"},"name":"report_incomplete"}]}}
[2026-10-01T09:06:22.011Z] [INFO] [backend] [safeoutputs] [stderr] [2026-10-01T09:06:21.986Z] [safeoutputs] send: {"jsonrpc":"2.0","id":2,"result":{"serverInfo":{"name":"safeoutputs","version":"1.0.0"},"protocolVersion":"2025-11-25","capabilities":{"tools":{}}}}
[2026-10-01T09:06:22.011Z] [INFO] [backend] [safeoutputs] [stderr] [2026-10-01T09:06:21.987Z] [safeoutputs] recv: {"jsonrpc":"2.0","method":"notifications/initialized","params":{}}
[2026-10-01T09:06:22.012Z] [INFO] [backend] [safeoutputs] [stderr] [2026-10-01T09:06:21.987Z] [safeoutputs] ignore notifications/initialized
[2026-10-01T09:06:22.012Z] [DEBUG] [mcp:schema] Normalizing input schema for tool: safeoutputs___create_pull_request
[2026-10-01T09:06:22.013Z] [DEBUG] [mcp:schema] Tool safeoutputs___create_pull_request schema analysis: hasType=true
[2026-10-01T09:06:22.013Z] [DEBUG] [mcp:schema] Tool safeoutputs___create_pull_request object type schema: hasProperties=true, hasAdditionalProperties=true
[2026-10-01T09:06:22.013Z] [DEBUG] [mcp:schema] Tool safeoutputs___create_pull_request schema is valid, no normalization needed
[2026-10-01T09:06:22.014Z] [DEBUG] [middleware:jqschema] ShouldApplyMiddleware: tool=safeoutputs___create_pull_request, applies=true
[2026-10-01T09:06:22.014Z] [INFO] [backend] [safeoutputs] [stderr] [2026-10-01T09:06:21.996Z] [safeoutputs] recv: {"jsonrpc":"2.0","id":3,"method":"tools/list","params":{}}
[2026-10-01T09:06:22.014Z] [DEBUG] [middleware:jqschema] WrapToolHandler: wrapping tool=safeoutputs___create_pull_request, sizeThreshold=524288 bytes, baseDir=/tmp/gh-aw/mcp-payloads, pathPrefixSet=false
[2026-10-01T09:06:22.014Z] [DEBUG] [server:tool_registry_helpers] Registering tool without validation: safeoutputs___create_pull_request
[2026-10-01T09:06:22.015Z] [DEBUG] [server:unified] Registered tool: safeoutputs-create_pull_request
[2026-10-01T09:06:22.015Z] [DEBUG] [mcp:schema] Normalizing input schema for tool: safeoutputs___missing_tool
[2026-10-01T09:06:22.016Z] [DEBUG] [mcp:schema] Tool safeoutputs___missing_tool schema analysis: hasType=true
[2026-10-01T09:06:22.016Z] [DEBUG] [mcp:schema] Tool safeoutputs___missing_tool object type schema: hasProperties=true, hasAdditionalProperties=true
[2026-10-01T09:06:22.016Z] [DEBUG] [mcp:schema] Tool safeoutputs___missing_tool schema is valid, no normalization needed
[2026-10-01T09:06:22.017Z] [DEBUG] [middleware:jqschema] ShouldApplyMiddleware: tool=safeoutputs___missing_tool, applies=true
[2026-10-01T09:06:22.017Z] [DEBUG] [middleware:jqschema] WrapToolHandler: wrapping tool=safeoutputs___missing_tool, sizeThreshold=524288 bytes, baseDir=/tmp/gh-aw/mcp-payloads, pathPrefixSet=false
[2026-10-01T09:06:22.017Z] [DEBUG] [server:tool_registry_helpers] Registering tool without validation: safeoutputs___missing_tool
[2026-10-01T09:06:22.018Z] [DEBUG] [server:unified] Registered tool: safeoutputs-missing_tool
[2026-10-01T09:06:22.018Z] [DEBUG] [mcp:schema] Normalizing input schema for tool: safeoutputs___noop
[2026-10-01T09:06:22.018Z] [DEBUG] [mcp:schema] Tool safeoutputs___noop schema analysis: hasType=true
[2026-10-01T09:06:22.019Z] [DEBUG] [mcp:schema] Tool safeoutputs___noop object type schema: hasProperties=true, hasAdditionalProperties=true
[2026-10-01T09:06:22.019Z] [DEBUG] [mcp:schema] Tool safeoutputs___noop schema is valid, no normalization needed
[2026-10-01T09:06:22.019Z] [DEBUG] [middleware:jqschema] ShouldApplyMiddleware: tool=safeoutputs___noop, applies=true
[2026-10-01T09:06:22.020Z] [DEBUG] [middleware:jqschema] WrapToolHandler: wrapping tool=safeoutputs___noop, sizeThreshold=524288 bytes, baseDir=/tmp/gh-aw/mcp-payloads, pathPrefixSet=false
[2026-10-01T09:06:22.020Z] [DEBUG] [server:tool_registry_helpers] Registering tool without validation: safeoutputs___noop
[2026-10-01T09:06:22.021Z] [DEBUG] [server:unified] Registered tool: safeoutputs-noop
[2026-10-01T09:06:22.021Z] [DEBUG] [mcp:schema] Normalizing input schema for tool: safeoutputs___missing_data
[2026-10-01T09:06:22.021Z] [DEBUG] [mcp:schema] Tool safeoutputs___missing_data schema analysis: hasType=true
[2026-10-01T09:06:22.022Z] [DEBUG] [mcp:schema] Tool safeoutputs___missing_data object type schema: hasProperties=true, hasAdditionalProperties=true
[2026-10-01T09:06:22.022Z] [DEBUG] [mcp:schema] Tool safeoutputs___missing_data schema is valid, no normalization needed
[2026-10-01T09:06:22.022Z] [DEBUG] [middleware:jqschema] ShouldApplyMiddleware: tool=safeoutputs___missing_data, applies=true
[2026-10-01T09:06:22.023Z] [DEBUG] [middleware:jqschema] WrapToolHandler: wrapping tool=safeoutputs___missing_data, sizeThreshold=524288 bytes, baseDir=/tmp/gh-aw/mcp-payloads, pathPrefixSet=false
[2026-10-01T09:06:22.023Z] [DEBUG] [server:tool_registry_helpers] Registering tool without validation: safeoutputs___missing_data
[2026-10-01T09:06:22.023Z] [DEBUG] [server:unified] Registered tool: safeoutputs-missing_data
[2026-10-01T09:06:22.024Z] [DEBUG] [mcp:schema] Normalizing input schema for tool: safeoutputs___report_incomplete
[2026-10-01T09:06:22.026Z] [DEBUG] [mcp:schema] Tool safeoutputs___report_incomplete schema analysis: hasType=true
[2026-10-01T09:06:22.027Z] [DEBUG] [mcp:schema] Tool safeoutputs___report_incomplete object type schema: hasProperties=true, hasAdditionalProperties=true
[2026-10-01T09:06:22.027Z] [DEBUG] [mcp:schema] Tool safeoutputs___report_incomplete schema is valid, no normalization needed
[2026-10-01T09:06:22.028Z] [DEBUG] [middleware:jqschema] ShouldApplyMiddleware: tool=safeoutputs___report_incomplete, applies=true
[2026-10-01T09:06:22.028Z] [DEBUG] [middleware:jqschema] WrapToolHandler: wrapping tool=safeoutputs___report_incomplete, sizeThreshold=524288 bytes, baseDir=/tmp/gh-aw/mcp-payloads, pathPrefixSet=false
[2026-10-01T09:06:22.028Z] [INFO] [backend] [safeoutputs] [stderr] [2026-10-01T09:06:21.996Z] [safeoutputs] send: {"jsonrpc":"2.0","id":3,"result":{"tools":[{"name":"create_pull_request","description":"Create a new GitHub pull request to propose code changes. Use this after making file edits to submit them for review and merging. The PR will be created from the current branch with your committed changes. This is a write-once declaration for a real intended PR, not a sandbox or probe: do not call it with placeholder content, test titles/bodies, or auth experiments. If you are not ready to open the real PR, use noop or report_incomplete instead. For code review comments on an existing PR, use create_pull_request_review_comment instead. CONSTRAINTS: Maximum 1 pull request(s) can be created. Title will be prefixed with \"[implementer] \". Labels [\"agent\"] will be automatically added. This tool records a real pull request intent. Do not use it for tests, auth checks, or probing. Call it once only when the final PR title/body/branch are ready; otherwise use noop or report_incomplete.","inputSchema":{"type":"object","required":["title","body"],"properties":{"title":{"type":"string","description":"Concise PR title describing the changes. Follow repository conventions (e.g., conventional commits). The title appears as the main heading."},"body":{"type":"string","description":"Detailed PR description in Markdown. Include what changes were made, why, testing notes, and any breaking changes. Do NOT repeat the title as a heading.","maxLength":65536},"branch":{"type":"string","description":"Source branch name containing the changes. If omitted, uses the current working branch. If the workflow configuration sets safe-outputs.create-pull-request.allowed-branches, then the branch name MUST be given and match one of these patterns."},"base":{"type":"string","description":"Target base branch for the pull request. This override is only allowed when workflow configuration sets safe-outputs.create-pull-request.allowed-base-branches and the value matches one of those patterns, or when it names the branch of a pull request created earlier in the same run (a stacked pull request). Stacked pull requests are rejected when safe-outputs.create-pull-request.stacked is false."},"stack_position":{"type":["number","string"],"description":"Optional 1-based position of this pull request within a stack of dependent pull requests. Recorded in the pull request body as stack metadata."},"stack_root":{"type":"string","description":"Optional branch name of the root of the pull request stack (the branch the first pull request in the stack targets). Recorded in the pull request body as stack metadata."},"dependencies":{"type":"array","items":{"type":"string"},"description":"Optional list of branch names this pull request depends on (branches of earlier pull requests in the same stack). Used to detect circular stack dependencies and to record stack metadata."},"labels":{"type":"array","items":{"type":"string"},"description":"Labels to categorize the PR (e.g., 'enhancement', 'bugfix'). Labels must exist in the repository."},"draft":{"type":"boolean","description":"Whether to create the PR as a draft. Draft PRs cannot be merged until marked as ready for review. Use mark_pull_request_as_ready_for_review to convert a draft PR. Default: true."},"repo":{"type":"string","description":"Target repository in 'owner/repo' format. For multi-repo workflows where the target repo differs from the workflow repo, this must match a repo in the allowed-repos list or the configured target-repo. If omitted, defaults to the configured target-repo (from safe-outputs config), NOT the workflow repository. In most cases, you should omit this parameter and let the system use the configured default."},"temporary_id":{"type":"string","pattern":"^#?aw_[A-Za-z0-9_]{3,12}$","description":"Unique temporary identifier for this pull request. Canonical form: '#aw_' followed by 3 to 12 alphanumeric or underscore characters (A-Za-z0-9_) — e.g., '#aw_pr1', '#aw_fix_123'. The bare 'aw_pr1' form is also accepted and normalised to '#aw_pr1'. Use this same '#aw_ID' form in body text to cross-reference this PR; these references are replaced with the real pull request number after creation."},"secrecy":{"type":"string","description":"Confidentiality level of the message content (e.g., \"public\", \"internal\", \"private\")."},"integrity":{"type":"string","description":"Trustworthiness level of the message source (e.g., \"low\", \"medium\", \"high\")."}},"additionalProperties":false}},{"name":"missing_tool","description":"Report that a tool or capability needed to complete the task is not available, or share any information you deem important about missing functionality or limitations. Use this when you cannot accomplish what was requested because the required functionality is missing or access is restricted. When a bash command is blocked by security policy, call this tool with reason set to \"security\".","inputSchema":{"type":"object","required":["reason"],"properties":{"tool":{"type":"string","description":"Optional: Name or description of the missing tool or capability (max 128 characters). Be specific about what functionality is needed."},"reason":{"type":"string","description":"Explanation of why this tool is needed or what information you want to share about the limitation (max 256 characters)."},"alternatives":{"type":"string","description":"Any workarounds, manual steps, or alternative approaches the user could take (max 256 characters)."},"secrecy":{"type":"string","description":"Confidentiality level of the message content (e.g., \"public\", \"internal\", \"private\")."},"integrity":{"type":"string","description":"Trustworthiness level of the message source (e.g., \"low\", \"medium\", \"high\")."}},"additionalProperties":false}},{"name":"noop","description":"Log a transparency message when no significant actions are needed. Use this to confirm workflow completion and provide visibility when analysis is complete but no changes or outputs are required (e.g., 'No issues found', 'All checks passed'). This ensures the workflow produces human-visible output even when no other actions are taken.","inputSchema":{"type":"object","required":["message"],"properties":{"message":{"type":"string","description":"Status or completion message to log. Should explain what was analyzed and the outcome (e.g., 'Code review complete - no issues found', 'Analysis complete - all tests passing'). This is the only content field noop accepts; common aliases (reason, summary, details, text, note, status) are accepted and mapped to message. Serialize any metrics or structured run summary into this single string; other named fields (for example processed, skipped) are not accepted and cause a missing-message error.","maxLength":65536},"secrecy":{"type":"string","description":"Confidentiality level of the message content (e.g., \"public\", \"internal\", \"private\")."},"integrity":{"type":"string","description":"Trustworthiness level of the message source (e.g., \"low\", \"medium\", \"high\")."}},"additionalProperties":false}},{"name":"missing_data","description":"Report that data or information needed to complete the task is not available. Use this when you cannot accomplish what was requested because required data, context, or information is missing.","inputSchema":{"type":"object","required":[],"properties":{"data_type":{"type":"string","description":"Type or description of the missing data or information (max 128 characters). Be specific about what data is needed."},"reason":{"type":"string","description":"Explanation of why this data is needed to complete the task (max 256 characters)."},"context":{"type":"string","description":"Additional context about the missing data or where it should come from (max 256 characters)."},"alternatives":{"type":"string","description":"Any workarounds, manual steps, or alternative approaches the user could take (max 256 characters)."},"secrecy":{"type":"string","description":"Confidentiality level of the message content (e.g., \"public\", \"internal\", \"private\")."},"integrity":{"type":"string","description":"Trustworthiness level of the message source (e.g., \"low\", \"medium\", \"high\")."}},"additionalProperties":false}},{"name":"report_incomplete","description":"Signal that the task could not be completed due to an infrastructure or tool failure (e.g., MCP server crash, missing authentication, inaccessible repository). Use this when required tools or data are unavailable and the task cannot be meaningfully performed. This is distinct from noop (no action needed) — it indicates an active failure that prevented the task from running. Provide a specific reason and optional details so downstream issue aggregation can preserve complete incomplete-signal context. The workflow framework will treat this as a failure signal even when the agent exits successfully.","inputSchema":{"type":"object","required":["reason"],"properties":{"reason":{"type":"string","description":"A concise explanation of why the task could not be completed (max 1024 characters). Be specific about which tools or resources were unavailable."},"details":{"type":"string","description":"Optional extended details or diagnostic context about the failure (max 65000 characters).","maxLength":65536}},"additionalProperties":false}}]}}
[2026-10-01T09:06:22.033Z] [DEBUG] [server:tool_registry_helpers] Registering tool without validation: safeoutputs___report_incomplete
[2026-10-01T09:06:22.033Z] [DEBUG] [server:unified] Registered tool: safeoutputs-report_incomplete
[2026-10-01T09:06:22.033Z] [DEBUG] [server:unified] Registered 5 tools from safeoutputs: safeoutputs-create_pull_request, safeoutputs-missing_tool, safeoutputs-noop, safeoutputs-missing_data, safeoutputs-report_incomplete
[2026-10-01T09:06:22.034Z] [DEBUG] [mcp:connection] BackendHasPromptsCapability: serverID=safeoutputs, hasPrompts=false
[2026-10-01T09:06:22.034Z] [DEBUG] [server:unified] Backend safeoutputs does not declare prompts capability (skipping)
[2026-10-01T09:06:22.034Z] [DEBUG] [server:unified] Successfully registered tools from safeoutputs (took 301.406014ms)
[2026-10-01T09:06:22.035Z] [INFO] [backend] [safeoutputs] Successfully registered tools from safeoutputs (took 301.406014ms)
[2026-10-01T09:06:22.035Z] [DEBUG] [server:tool_registry_helpers] Tool registration complete: all 1 backend(s) registered successfully
[2026-10-01T09:06:22.036Z] [INFO] [backend] Tool registration complete: 1 succeeded, 0 failed, total tools=7
[2026-10-01T09:06:22.036Z] [DEBUG] [launcher:health] Creating health monitor: interval=30s, maxRestartFailures=3
[2026-10-01T09:06:22.036Z] [DEBUG] [launcher:health] Starting health monitor: interval=30s
[2026-10-01T09:06:22.037Z] [INFO] [startup] Health monitor started (interval=30s)
[2026-10-01T09:06:22.037Z] [DEBUG] [server:unified] Unified server created successfully with 7 tools
[2026-10-01T09:06:22.037Z] [DEBUG] [cmd:root] Unified MCP server created successfully
[2026-10-01T09:06:22.037Z] [DEBUG] [cmd:delegation] No delegation config provided, skipping private control channel startup
[2026-10-01T09:06:22.038Z] [DEBUG] [config:config] GetAgentIDs: gateway.agentIds not set, falling back to singular effective agent ID
[2026-10-01T09:06:22.038Z] [DEBUG] [cmd:root] Building HTTP server: mode=routed, listenAddr=0.0.0.0:8080, authEnabled=true, hmacEnabled=false
[2026-10-01T09:06:22.038Z] [DEBUG] [launcher:health] Health monitor goroutine started: interval=30s
[2026-10-01T09:06:22.039Z] [INFO] [startup] Starting MCPG in ROUTED mode on 0.0.0.0:8080
[2026-10-01T09:06:22.040Z] [DEBUG] [launcher:launcher] Retrieved server IDs: count=1, ids=[safeoutputs]
[2026-10-01T09:06:22.040Z] [INFO] [startup] Routes: /mcp/<server> where <server> is one of: [safeoutputs]
[2026-10-01T09:06:22.041Z] [DEBUG] [server:routed] Creating HTTP server for routed mode: addr=0.0.0.0:8080
[2026-10-01T09:06:22.041Z] [DEBUG] [launcher:launcher] Retrieved server IDs: count=1, ids=[safeoutputs]
[2026-10-01T09:06:22.041Z] [DEBUG] [server:routed] Registering routes for 1 backends: [safeoutputs]
[2026-10-01T09:06:22.042Z] [DEBUG] [server:http_server] Building MCP HTTP server: addr=0.0.0.0:8080, auth_enabled=true, hmac_enabled=false
[2026-10-01T09:06:22.042Z] [DEBUG] [server:handlers] Registering common endpoints: close_auth_enabled=true
[2026-10-01T09:06:22.042Z] [DEBUG] [server:handlers] Creating OAuth discovery handler
[2026-10-01T09:06:22.043Z] [DEBUG] [server:handlers] Creating OAuth discovery handler
[2026-10-01T09:06:22.043Z] [DEBUG] [server:handlers] Creating reflect handler
[2026-10-01T09:06:22.043Z] [DEBUG] [server:handlers] Creating close handler
[2026-10-01T09:06:22.044Z] [DEBUG] [server:handlers] Wrapping /close endpoint with API key auth
[2026-10-01T09:06:22.044Z] [DEBUG] [server:auth] Auth key configured, applying middleware
[2026-10-01T09:06:22.044Z] [DEBUG] [server:auth] Initialized auth middleware
[2026-10-01T09:06:22.045Z] [DEBUG] [server:handlers] Registered common endpoints: oauth discovery, health, reflect, close
[2026-10-01T09:06:22.045Z] [DEBUG] [server:http_server] Session timeout configured: 6h0m0s
[2026-10-01T09:06:22.045Z] [DEBUG] [server:routed] [CACHE] Creating filtered server cache: ttl=6h0m0s, maxSize=1000
[2026-10-01T09:06:22.046Z] [DEBUG] [server:helpers] buildMCPHandler: logTag=routed:safeoutputs, backendID=, sessionTimeout=6h0m0s
[2026-10-01T09:06:22.046Z] [DEBUG] [server:helpers] Wrapping handler with middleware: logTag=routed:safeoutputs, authEnabled=true, hmacEnabled=false
[2026-10-01T09:06:22.046Z] [DEBUG] [server:hmac] No HMAC secret configured, skipping middleware
[2026-10-01T09:06:22.047Z] [DEBUG] [server:auth] Auth key configured, applying middleware
[2026-10-01T09:06:22.047Z] [DEBUG] [server:auth] Initialized auth middleware
[2026-10-01T09:06:22.047Z] [DEBUG] [server:helpers] WithOTELTracing: wrapping handler with tag=routed:safeoutputs
[2026-10-01T09:06:22.048Z] [DEBUG] [tracing:http] Registering HTTP handler with OTel span: span=gateway.request, extraAttrs=1
[2026-10-01T09:06:22.048Z] [DEBUG] [server:helpers] Middleware wrapping complete: logTag=routed:safeoutputs
[2026-10-01T09:06:22.048Z] [DEBUG] [server:routed] Registered route: /mcp/safeoutputs
[2026-10-01T09:06:22.049Z] [DEBUG] [server:http_server] MCP HTTP server scaffold ready: addr=0.0.0.0:8080
[2026-10-01T09:06:22.049Z] [DEBUG] [server:http_server] Creating HTTP server: addr=0.0.0.0:8080
[2026-10-01T09:06:22.049Z] [DEBUG] [server:unified] SetHTTPShutdown: registering HTTP shutdown function (set=true)
[2026-10-01T09:06:22.050Z] [DEBUG] [cmd:root] Registered HTTP shutdown hook on unified server
[2026-10-01T09:06:22.050Z] [DEBUG] [cmd:root] Registered exit hook (context cancel) on unified server
[2026-10-01T09:06:22.050Z] [DEBUG] [cmd:root] TLS configuration: hasCert=false, hasKey=false, hasCA=false
[2026-10-01T09:06:22.051Z] [DEBUG] [cmd:root] TCP listener created on 0.0.0.0:8080
[2026-10-01T09:06:22.051Z] [INFO] [startup] TLS not configured — listening on http://0.0.0.0:8080 (set --tls-cert/--tls-key to enable)
[2026-10-01T09:06:22.052Z] [DEBUG] [cmd:root] Writing gateway config: listenAddr=0.0.0.0:8080, mode=routed, serverCount=1
[2026-10-01T09:06:22.052Z] [DEBUG] [cmd:root] Parsed listen address: host=0.0.0.0, port=8080
[2026-10-01T09:06:22.052Z] [DEBUG] [cmd:root] Resolved gateway address: host=0.0.0.0, port=8080
[2026-10-01T09:06:22.053Z] [DEBUG] [config:config] GetAgentIDs: gateway.agentIds not set, falling back to singular effective agent ID
[2026-10-01T09:06:22.053Z] [DEBUG] [cmd:root] Gateway config: auth_enabled=true
[2026-10-01T09:06:22.053Z] [DEBUG] [cmd:root] Gateway auth=[REDACTED]
[2026-10-01T09:06:22.054Z] [DEBUG] [cmd:root] Writing server config: name=safeoutputs, url=http://127.0.0.1:8080/mcp/safeoutputs, toolCount=0
[2026-10-01T09:06:22.054Z] [DEBUG] [cmd:root] Wrote server config entry: name=safeoutputs, url=http://127.0.0.1:8080/mcp/safeoutputs, toolCount=0
[2026-10-01T09:06:22.054Z] [DEBUG] [cmd:root] Gateway config written successfully: serverCount=1
[2026-10-01T09:06:22.055Z] [DEBUG] [cmd:root] Starting HTTP server: addr=0.0.0.0:8080, shutdownTimeout=5s
[2026-10-01T09:06:22.125Z] [DEBUG] [server:response_writer] Creating new response writer
[2026-10-01T09:06:22.126Z] [DEBUG] [server:health] Health check request: method=GET, remote=172.17.0.1:50532
[2026-10-01T09:06:22.127Z] [DEBUG] [server:health] Building health response
[2026-10-01T09:06:22.127Z] [DEBUG] [launcher:launcher] Retrieved server IDs: count=1, ids=[safeoutputs]
[2026-10-01T09:06:22.127Z] [DEBUG] [server:unified] GetServerStatus: querying status for 1 servers
[2026-10-01T09:06:22.128Z] [DEBUG] [launcher:launcher] GetServerState: serverID=safeoutputs
[2026-10-01T09:06:22.128Z] [DEBUG] [launcher:launcher] Server state: serverID=safeoutputs, status=running, startedAt=2026-10-01 09:06:21.989858406 +0000 UTC m=+5.683749258
[2026-10-01T09:06:22.128Z] [DEBUG] [server:unified] GetServerStatus: serverID=safeoutputs, status=running, uptime=0s
[2026-10-01T09:06:22.129Z] [DEBUG] [server:health] Retrieved status for 1 servers
[2026-10-01T09:06:22.129Z] [DEBUG] [server:health] Overall health status determined: healthy
[2026-10-01T09:06:22.129Z] [DEBUG] [server:health] Health response: status=healthy, servers=1
[2026-10-01T09:06:22.130Z] [DEBUG] [httputil:httputil] Writing JSON response: statusCode=200
[2026-10-01T09:06:22.130Z] [DEBUG] [server:response_writer] Setting response status code: 200
[2026-10-01T09:06:22.130Z] [DEBUG] [httputil:httputil] BaseResponseWriter.WriteHeader: capturing status code=200
[2026-10-01T09:06:22.131Z] [DEBUG] [httputil:httputil] JSON response body size: 128 bytes
[2026-10-01T09:06:22.131Z] [DEBUG] [server:response_writer] Writing response body: 128 bytes
[2026-10-01T09:06:22.131Z] [DEBUG] [server:response_writer] Retrieving captured body: 128 bytes
[2026-10-01T09:06:22.132Z] [DEBUG] [server:response_writer] Retrieving captured body: 128 bytes
[2026-10-01T09:06:22.132Z] [DEBUG] [server:helpers] [172.17.0.1:50532] GET /health - Status: 200, Response: {"status":"healthy","specVersion":"1.17.0","gatewayVersion":"v0.4.25","servers":{"safeoutputs":{"status":"running","uptime":0}}}
[2026-10-01T09:06:22.173Z] [DEBUG] [tracing:http] Handling request: span=gateway.request, method=POST, path=/mcp/safeoutputs, remoteParent=false
[2026-10-01T09:06:22.173Z] [DEBUG] [tracing:http] Span started: span=gateway.request, traceID=[REDACTED]
[2026-10-01T09:06:22.174Z] [DEBUG] [server:auth] Authenticating request: method=POST, path=/mcp/safeoutputs, remote=172.17.0.1:50546
[2026-10-01T09:06:22.174Z] [INFO] [auth] Authentication successful, remote=172.17.0.1:50546, path=/mcp/safeoutputs
[2026-10-01T09:06:22.174Z] [DEBUG] [auth:header] Extracting session ID from auth header: sanitized=5KY3...
[2026-10-01T09:06:22.175Z] [DEBUG] [auth:header] Using plain agent ID as session ID
[2026-10-01T09:06:22.175Z] [DEBUG] [config:agent_policy] AgentPolicyFor: no policy configured for agentID=agent:babc6f566e31
[2026-10-01T09:06:22.176Z] [DEBUG] [server:sdk-frontend] >>> SDK Request [routed:safeoutputs] session=agent:babc6f566e31 mcp-session=(none) method=POST path=/mcp/safeoutputs
[2026-10-01T09:06:22.176Z] [DEBUG] [server:helpers] readAndRestoreRequestBody: read and restored 40 bytes
[2026-10-01T09:06:22.176Z] [DEBUG] [server:sdk-frontend]     JSON-RPC Request: method=ping id=1
[2026-10-01T09:06:22.177Z] [DEBUG] [sdk-frontend] JSON-RPC request parsed: mode=routed:safeoutputs, method=ping, id=1, session=agent:babc6f566e31
[2026-10-01T09:06:22.177Z] [DEBUG] [server:response_writer] Creating new response writer
[2026-10-01T09:06:22.177Z] [DEBUG] [server:helpers] readAndRestoreRequestBody: read and restored 40 bytes
[2026-10-01T09:06:22.177Z] [DEBUG] [server:session] Extracting session from request: remote=172.17.0.1:50546, path=/mcp/safeoutputs
[2026-10-01T09:06:22.178Z] [DEBUG] [auth:header] Extracting session ID from auth header: sanitized=5KY3...
[2026-10-01T09:06:22.178Z] [DEBUG] [auth:header] Using plain agent ID as session ID
[2026-10-01T09:06:22.178Z] [DEBUG] [server:session] Session extracted successfully: sessionID=agent:babc6f566e31, remote=172.17.0.1:50546
[2026-10-01T09:06:22.179Z] [INFO] [client] New MCP client connection, remote=172.17.0.1:50546, method=POST, path=/mcp/safeoutputs, backend=safeoutputs, session=agent:babc6f566e31
[2026-10-01T09:06:22.179Z] [DEBUG] [config:agent_policy] AgentPolicyFor: no policy configured for agentID=agent:babc6f566e31
[2026-10-01T09:06:22.179Z] [DEBUG] [server:helpers] Checking request body: method=POST, hasBody=true, sessionID=agent:babc6f566e31
[2026-10-01T09:06:22.180Z] [DEBUG] [server:helpers] readAndRestoreRequestBody: read and restored 40 bytes
[2026-10-01T09:06:22.180Z] [DEBUG] [server:helpers] Request body read: size=40 bytes, sessionID=agent:babc6f566e31, backendID=safeoutputs
[2026-10-01T09:06:22.180Z] [DEBUG] [client] MCP client request body, backend=safeoutputs, body={"jsonrpc":"2.0","id":1,"method":"ping"}
[2026-10-01T09:06:22.181Z] [DEBUG] [server:helpers] Request body logged for debugging
[2026-10-01T09:06:22.181Z] [DEBUG] [server:session] Injecting session context: sessionID=agent:babc6f566e31, backendID=safeoutputs, enclave=false
[2026-10-01T09:06:22.181Z] [DEBUG] [guard:context] Setting agent ID in context: agent:babc6f566e31
[2026-10-01T09:06:22.182Z] [DEBUG] [server:session] Adding backend ID to context: backendID=safeoutputs
[2026-10-01T09:06:22.182Z] [DEBUG] [server:session] Session context injected successfully
[2026-10-01T09:06:22.182Z] [DEBUG] [server:routed] [CACHE] Creating new filtered server: backend=safeoutputs, session=agent:babc6f566e31
[2026-10-01T09:06:22.183Z] [DEBUG] [server:routed] Creating filtered server: backend=safeoutputs
[2026-10-01T09:06:22.183Z] [DEBUG] [server:http_server] Creating SDK server: name=awmg-safeoutputs
[2026-10-01T09:06:22.183Z] [DEBUG] [server:unified] GetToolsForBackend: backendID=safeoutputs, found=5 tools
[2026-10-01T09:06:22.183Z] [DEBUG] [server:routed] Creating filtered server for safeoutputs with 5 tools
[2026-10-01T09:06:22.184Z] [DEBUG] [server:routed] Backend safeoutputs has 5 tools available
[2026-10-01T09:06:22.184Z] [DEBUG] [server:tool_registry_helpers] Registering tool without validation: create_pull_request
[2026-10-01T09:06:22.185Z] [DEBUG] [server:tool_registry_helpers] Registering tool without validation: missing_tool
[2026-10-01T09:06:22.185Z] [DEBUG] [server:tool_registry_helpers] Registering tool without validation: noop
[2026-10-01T09:06:22.186Z] [DEBUG] [server:tool_registry_helpers] Registering tool without validation: missing_data
[2026-10-01T09:06:22.186Z] [DEBUG] [server:tool_registry_helpers] Registering tool without validation: report_incomplete
[2026-10-01T09:06:22.187Z] [DEBUG] [server:session] Extracting session from request: remote=172.17.0.1:50546, path=/mcp/safeoutputs
[2026-10-01T09:06:22.187Z] [DEBUG] [auth:header] Extracting session ID from auth header: sanitized=5KY3...
[2026-10-01T09:06:22.187Z] [DEBUG] [auth:header] Using plain agent ID as session ID
[2026-10-01T09:06:22.188Z] [DEBUG] [server:session] Session extracted successfully: sessionID=agent:babc6f566e31, remote=172.17.0.1:50546
[2026-10-01T09:06:22.188Z] [INFO] [client] New MCP client connection, remote=172.17.0.1:50546, method=POST, path=/mcp/safeoutputs, backend=safeoutputs, session=agent:babc6f566e31
[2026-10-01T09:06:22.188Z] [DEBUG] [config:agent_policy] AgentPolicyFor: no policy configured for agentID=agent:babc6f566e31
[2026-10-01T09:06:22.189Z] [DEBUG] [server:helpers] Checking request body: method=POST, hasBody=true, sessionID=agent:babc6f566e31
[2026-10-01T09:06:22.189Z] [DEBUG] [server:helpers] readAndRestoreRequestBody: read and restored 40 bytes
[2026-10-01T09:06:22.189Z] [DEBUG] [server:helpers] Request body read: size=40 bytes, sessionID=agent:babc6f566e31, backendID=safeoutputs
[2026-10-01T09:06:22.190Z] [DEBUG] [client] MCP client request body, backend=safeoutputs, body={"jsonrpc":"2.0","id":1,"method":"ping"}
[2026-10-01T09:06:22.190Z] [DEBUG] [server:helpers] Request body logged for debugging
[2026-10-01T09:06:22.190Z] [DEBUG] [server:session] Injecting session context: sessionID=agent:babc6f566e31, backendID=safeoutputs, enclave=false
[2026-10-01T09:06:22.190Z] [DEBUG] [guard:context] Setting agent ID in context: agent:babc6f566e31
[2026-10-01T09:06:22.191Z] [DEBUG] [server:session] Adding backend ID to context: backendID=safeoutputs
[2026-10-01T09:06:22.191Z] [DEBUG] [server:session] Session context injected successfully
[2026-10-01T09:06:22.191Z] [DEBUG] [server:routed] [INFO] server connecting
[2026-10-01T09:06:22.192Z] [DEBUG] [server:routed] [INFO] server session connected session_id=H4MR4DQ4D3TWGCP34PD7JXQWTW
[2026-10-01T09:06:22.192Z] [DEBUG] [server:response_writer] Writing response body: 59 bytes
[2026-10-01T09:06:22.192Z] [DEBUG] [httputil:httputil] BaseResponseWriter.Write: implicit 200 status captured (first write, len=59)
[2026-10-01T09:06:22.193Z] [DEBUG] [httputil:httputil] BaseResponseWriter.Write: implicit 200 status captured (first write, len=59)
[2026-10-01T09:06:22.193Z] [DEBUG] [server:routed] [INFO] server session disconnected session_id=H4MR4DQ4D3TWGCP34PD7JXQWTW
[2026-10-01T09:06:22.193Z] [DEBUG] [server:response_writer] Retrieving captured body: 59 bytes
[2026-10-01T09:06:22.194Z] [DEBUG] [server:sdk-frontend] <<< SDK Response [routed:safeoutputs] status=200 duration=18.887367ms (non-JSON or stream)
[2026-10-01T09:06:22.194Z] [DEBUG] [server:sdk-frontend]     Raw response (sanitized): event: message
data: {"jsonrpc":"2.0","id":1,"result":{}}


[2026-10-01T09:06:22.204Z] [DEBUG] [tracing:http] Handling request: span=gateway.request, method=POST, path=/mcp/safeoutputs, remoteParent=false
[2026-10-01T09:06:22.204Z] [DEBUG] [tracing:http] Span started: span=gateway.request, traceID=[REDACTED]
[2026-10-01T09:06:22.205Z] [DEBUG] [server:auth] Authenticating request: method=POST, path=/mcp/safeoutputs, remote=172.17.0.1:50554
[2026-10-01T09:06:22.205Z] [INFO] [auth] Authentication successful, remote=172.17.0.1:50554, path=/mcp/safeoutputs
[2026-10-01T09:06:22.205Z] [DEBUG] [auth:header] Extracting session ID from auth header: sanitized=5KY3...
[2026-10-01T09:06:22.205Z] [DEBUG] [auth:header] Using plain agent ID as session ID
[2026-10-01T09:06:22.206Z] [DEBUG] [config:agent_policy] AgentPolicyFor: no policy configured for agentID=agent:babc6f566e31
[2026-10-01T09:06:22.206Z] [DEBUG] [server:sdk-frontend] >>> SDK Request [routed:safeoutputs] session=agent:babc6f566e31 mcp-session=(none) method=POST path=/mcp/safeoutputs
[2026-10-01T09:06:22.206Z] [DEBUG] [server:helpers] readAndRestoreRequestBody: read and restored 166 bytes
[2026-10-01T09:06:22.207Z] [DEBUG] [server:sdk-frontend]     JSON-RPC Request: method=initialize id=2
[2026-10-01T09:06:22.207Z] [DEBUG] [sdk-frontend] JSON-RPC request parsed: mode=routed:safeoutputs, method=initialize, id=2, session=agent:babc6f566e31
[2026-10-01T09:06:22.207Z] [DEBUG] [server:response_writer] Creating new response writer
[2026-10-01T09:06:22.208Z] [DEBUG] [server:helpers] readAndRestoreRequestBody: read and restored 166 bytes
[2026-10-01T09:06:22.208Z] [DEBUG] [server:session] Extracting session from request: remote=172.17.0.1:50554, path=/mcp/safeoutputs
[2026-10-01T09:06:22.208Z] [DEBUG] [auth:header] Extracting session ID from auth header: sanitized=5KY3...
[2026-10-01T09:06:22.209Z] [DEBUG] [auth:header] Using plain agent ID as session ID
[2026-10-01T09:06:22.209Z] [DEBUG] [server:session] Session extracted successfully: sessionID=agent:babc6f566e31, remote=172.17.0.1:50554
[2026-10-01T09:06:22.209Z] [INFO] [client] New MCP client connection, remote=172.17.0.1:50554, method=POST, path=/mcp/safeoutputs, backend=safeoutputs, session=agent:babc6f566e31
[2026-10-01T09:06:22.210Z] [DEBUG] [config:agent_policy] AgentPolicyFor: no policy configured for agentID=agent:babc6f566e31
[2026-10-01T09:06:22.210Z] [DEBUG] [server:helpers] Checking request body: method=POST, hasBody=true, sessionID=agent:babc6f566e31
[2026-10-01T09:06:22.210Z] [DEBUG] [server:helpers] readAndRestoreRequestBody: read and restored 166 bytes
[2026-10-01T09:06:22.211Z] [DEBUG] [server:helpers] Request body read: size=166 bytes, sessionID=agent:babc6f566e31, backendID=safeoutputs
[2026-10-01T09:06:22.211Z] [DEBUG] [client] MCP client request body, backend=safeoutputs, body={"jsonrpc":"2.0","id":2,"method":"initialize","params":{"capabilities":{},"clientInfo":{"name":"check-mcp-servers","version":"1.0.0"},"protocolVersion":"2024-11-05"}}
[2026-10-01T09:06:22.211Z] [DEBUG] [server:helpers] Request body logged for debugging
[2026-10-01T09:06:22.212Z] [DEBUG] [server:session] Injecting session context: sessionID=agent:babc6f566e31, backendID=safeoutputs, enclave=false
[2026-10-01T09:06:22.212Z] [DEBUG] [guard:context] Setting agent ID in context: agent:babc6f566e31
[2026-10-01T09:06:22.212Z] [DEBUG] [server:session] Adding backend ID to context: backendID=safeoutputs
[2026-10-01T09:06:22.213Z] [DEBUG] [server:session] Session context injected successfully
[2026-10-01T09:06:22.213Z] [DEBUG] [server:session] Extracting session from request: remote=172.17.0.1:50554, path=/mcp/safeoutputs
[2026-10-01T09:06:22.213Z] [DEBUG] [auth:header] Extracting session ID from auth header: sanitized=5KY3...
[2026-10-01T09:06:22.214Z] [DEBUG] [auth:header] Using plain agent ID as session ID
[2026-10-01T09:06:22.214Z] [DEBUG] [server:session] Session extracted successfully: sessionID=agent:babc6f566e31, remote=172.17.0.1:50554
[2026-10-01T09:06:22.214Z] [INFO] [client] New MCP client connection, remote=172.17.0.1:50554, method=POST, path=/mcp/safeoutputs, backend=safeoutputs, session=agent:babc6f566e31
[2026-10-01T09:06:22.214Z] [DEBUG] [config:agent_policy] AgentPolicyFor: no policy configured for agentID=agent:babc6f566e31
[2026-10-01T09:06:22.215Z] [DEBUG] [server:helpers] Checking request body: method=POST, hasBody=true, sessionID=agent:babc6f566e31
[2026-10-01T09:06:22.215Z] [DEBUG] [server:helpers] readAndRestoreRequestBody: read and restored 166 bytes
[2026-10-01T09:06:22.215Z] [DEBUG] [server:helpers] Request body read: size=166 bytes, sessionID=agent:babc6f566e31, backendID=safeoutputs
[2026-10-01T09:06:22.216Z] [DEBUG] [client] MCP client request body, backend=safeoutputs, body={"jsonrpc":"2.0","id":2,"method":"initialize","params":{"capabilities":{},"clientInfo":{"name":"check-mcp-servers","version":"1.0.0"},"protocolVersion":"2024-11-05"}}
[2026-10-01T09:06:22.216Z] [DEBUG] [server:helpers] Request body logged for debugging
[2026-10-01T09:06:22.216Z] [DEBUG] [server:session] Injecting session context: sessionID=agent:babc6f566e31, backendID=safeoutputs, enclave=false
[2026-10-01T09:06:22.217Z] [DEBUG] [guard:context] Setting agent ID in context: agent:babc6f566e31
[2026-10-01T09:06:22.217Z] [DEBUG] [server:session] Adding backend ID to context: backendID=safeoutputs
[2026-10-01T09:06:22.217Z] [DEBUG] [server:session] Session context injected successfully
[2026-10-01T09:06:22.218Z] [DEBUG] [server:routed] [INFO] server connecting
[2026-10-01T09:06:22.218Z] [DEBUG] [server:routed] [INFO] server session connected session_id=MNBB5TL7GBNWYKF2YL4VOHFRYG
[2026-10-01T09:06:22.219Z] [DEBUG] [server:response_writer] Writing response body: 209 bytes
[2026-10-01T09:06:22.219Z] [DEBUG] [httputil:httputil] BaseResponseWriter.Write: implicit 200 status captured (first write, len=209)
[2026-10-01T09:06:22.219Z] [DEBUG] [httputil:httputil] BaseResponseWriter.Write: implicit 200 status captured (first write, len=209)
[2026-10-01T09:06:22.220Z] [DEBUG] [server:response_writer] Retrieving captured body: 209 bytes
[2026-10-01T09:06:22.220Z] [DEBUG] [server:sdk-frontend] <<< SDK Response [routed:safeoutputs] status=200 duration=14.532611ms (non-JSON or stream)
[2026-10-01T09:06:22.220Z] [DEBUG] [server:sdk-frontend]     Raw response (sanitized): event: message
data: {"jsonrpc":"2.0","id":2,"result":{"capabilities":{"logging":{},"tools":{"listChanged":true}},"protocolVersion":"2024-11-05","serverInfo":{"name":"awmg-safeoutputs","version":"v0.4.25"}}}


[2026-10-01T09:06:22.234Z] [DEBUG] [tracing:http] Handling request: span=gateway.request, method=POST, path=/mcp/safeoutputs, remoteParent=false
[2026-10-01T09:06:22.234Z] [DEBUG] [tracing:http] Span started: span=gateway.request, traceID=[REDACTED]
[2026-10-01T09:06:22.234Z] [DEBUG] [server:auth] Authenticating request: method=POST, path=/mcp/safeoutputs, remote=172.17.0.1:50566
[2026-10-01T09:06:22.235Z] [INFO] [auth] Authentication successful, remote=172.17.0.1:50566, path=/mcp/safeoutputs
[2026-10-01T09:06:22.235Z] [DEBUG] [auth:header] Extracting session ID from auth header: sanitized=5KY3...
[2026-10-01T09:06:22.235Z] [DEBUG] [auth:header] Using plain agent ID as session ID
[2026-10-01T09:06:22.235Z] [DEBUG] [config:agent_policy] AgentPolicyFor: no policy configured for agentID=agent:babc6f566e31
[2026-10-01T09:06:22.236Z] [DEBUG] [server:sdk-frontend] >>> SDK Request [routed:safeoutputs] session=agent:babc6f566e31 mcp-session=agent:b6c8c0226d2b method=POST path=/mcp/safeoutputs
[2026-10-01T09:06:22.236Z] [DEBUG] [server:helpers] readAndRestoreRequestBody: read and restored 46 bytes
[2026-10-01T09:06:22.236Z] [DEBUG] [server:sdk-frontend]     JSON-RPC Request: method=tools/list id=3
[2026-10-01T09:06:22.237Z] [DEBUG] [sdk-frontend] JSON-RPC request parsed: mode=routed:safeoutputs, method=tools/list, id=3, session=agent:babc6f566e31
[2026-10-01T09:06:22.237Z] [DEBUG] [server:response_writer] Creating new response writer
[2026-10-01T09:06:22.237Z] [DEBUG] [server:session] Extracting session from request: remote=172.17.0.1:50566, path=/mcp/safeoutputs
[2026-10-01T09:06:22.238Z] [DEBUG] [auth:header] Extracting session ID from auth header: sanitized=5KY3...
[2026-10-01T09:06:22.238Z] [DEBUG] [auth:header] Using plain agent ID as session ID
[2026-10-01T09:06:22.238Z] [DEBUG] [server:session] Session extracted successfully: sessionID=agent:babc6f566e31, remote=172.17.0.1:50566
[2026-10-01T09:06:22.239Z] [INFO] [client] New MCP client connection, remote=172.17.0.1:50566, method=POST, path=/mcp/safeoutputs, backend=safeoutputs, session=agent:babc6f566e31
[2026-10-01T09:06:22.239Z] [DEBUG] [config:agent_policy] AgentPolicyFor: no policy configured for agentID=agent:babc6f566e31
[2026-10-01T09:06:22.239Z] [DEBUG] [server:helpers] Checking request body: method=POST, hasBody=true, sessionID=agent:babc6f566e31
[2026-10-01T09:06:22.239Z] [DEBUG] [server:helpers] readAndRestoreRequestBody: read and restored 46 bytes
[2026-10-01T09:06:22.240Z] [DEBUG] [server:helpers] Request body read: size=46 bytes, sessionID=agent:babc6f566e31, backendID=safeoutputs
[2026-10-01T09:06:22.240Z] [DEBUG] [client] MCP client request body, backend=safeoutputs, body={"jsonrpc":"2.0","id":3,"method":"tools/list"}
[2026-10-01T09:06:22.240Z] [DEBUG] [server:helpers] Request body logged for debugging
[2026-10-01T09:06:22.241Z] [DEBUG] [server:session] Injecting session context: sessionID=agent:babc6f566e31, backendID=safeoutputs, enclave=false
[2026-10-01T09:06:22.241Z] [DEBUG] [guard:context] Setting agent ID in context: agent:babc6f566e31
[2026-10-01T09:06:22.241Z] [DEBUG] [server:session] Adding backend ID to context: backendID=safeoutputs
[2026-10-01T09:06:22.242Z] [DEBUG] [server:session] Session context injected successfully
[2026-10-01T09:06:22.242Z] [DEBUG] [server:response_writer] Writing response body: 9420 bytes
[2026-10-01T09:06:22.243Z] [DEBUG] [httputil:httputil] BaseResponseWriter.Write: implicit 200 status captured (first write, len=9420)
[2026-10-01T09:06:22.243Z] [DEBUG] [httputil:httputil] BaseResponseWriter.Write: implicit 200 status captured (first write, len=9420)
[2026-10-01T09:06:22.243Z] [DEBUG] [server:response_writer] Retrieving captured body: 9420 bytes
[2026-10-01T09:06:22.244Z] [DEBUG] [server:sdk-frontend] <<< SDK Response [routed:safeoutputs] status=200 duration=8.49236ms (non-JSON or stream)
[2026-10-01T09:06:22.250Z] [DEBUG] [server:sdk-frontend]     Raw response (sanitized, truncated): event: message
data: {"jsonrpc":"2.0","id":3,"result":{"ttlMs":0,"cacheScope":"public","tools":[{"description":"[safeoutputs] Create a new GitHub pull request to propose code changes. Use this after making file edits to submit them for review and merging. The PR will be created from the current branch with your committed changes. This is a write-once declaration for a real intended PR, not a sandbox or probe: do not call it with placeholder content, test titles/bodies, or auth experiments. If yo...
[2026-10-01T09:06:22.384Z] [DEBUG] [tracing:http] Handling request: span=gateway.request, method=POST, path=/mcp/safeoutputs, remoteParent=false
[2026-10-01T09:06:22.384Z] [DEBUG] [tracing:http] Span started: span=gateway.request, traceID=[REDACTED]
[2026-10-01T09:06:22.386Z] [DEBUG] [server:auth] Authenticating request: method=POST, path=/mcp/safeoutputs, remote=172.17.0.1:50580
[2026-10-01T09:06:22.386Z] [INFO] [auth] Authentication successful, remote=172.17.0.1:50580, path=/mcp/safeoutputs
[2026-10-01T09:06:22.387Z] [DEBUG] [auth:header] Extracting session ID from auth header: sanitized=5KY3...
[2026-10-01T09:06:22.387Z] [DEBUG] [auth:header] Using plain agent ID as session ID
[2026-10-01T09:06:22.388Z] [DEBUG] [config:agent_policy] AgentPolicyFor: no policy configured for agentID=agent:babc6f566e31
[2026-10-01T09:06:22.388Z] [DEBUG] [server:sdk-frontend] >>> SDK Request [routed:safeoutputs] session=agent:babc6f566e31 mcp-session=(none) method=POST path=/mcp/safeoutputs
[2026-10-01T09:06:22.388Z] [DEBUG] [server:helpers] readAndRestoreRequestBody: read and restored 162 bytes
[2026-10-01T09:06:22.389Z] [DEBUG] [server:sdk-frontend]     JSON-RPC Request: method=initialize id=1
[2026-10-01T09:06:22.389Z] [DEBUG] [sdk-frontend] JSON-RPC request parsed: mode=routed:safeoutputs, method=initialize, id=1, session=agent:babc6f566e31
[2026-10-01T09:06:22.389Z] [DEBUG] [server:response_writer] Creating new response writer
[2026-10-01T09:06:22.390Z] [DEBUG] [server:helpers] readAndRestoreRequestBody: read and restored 162 bytes
[2026-10-01T09:06:22.390Z] [DEBUG] [server:session] Extracting session from request: remote=172.17.0.1:50580, path=/mcp/safeoutputs
[2026-10-01T09:06:22.390Z] [DEBUG] [auth:header] Extracting session ID from auth header: sanitized=5KY3...
[2026-10-01T09:06:22.391Z] [DEBUG] [auth:header] Using plain agent ID as session ID
[2026-10-01T09:06:22.391Z] [DEBUG] [server:session] Session extracted successfully: sessionID=agent:babc6f566e31, remote=172.17.0.1:50580
[2026-10-01T09:06:22.391Z] [INFO] [client] New MCP client connection, remote=172.17.0.1:50580, method=POST, path=/mcp/safeoutputs, backend=safeoutputs, session=agent:babc6f566e31
[2026-10-01T09:06:22.392Z] [DEBUG] [config:agent_policy] AgentPolicyFor: no policy configured for agentID=agent:babc6f566e31
[2026-10-01T09:06:22.392Z] [DEBUG] [server:helpers] Checking request body: method=POST, hasBody=true, sessionID=agent:babc6f566e31
[2026-10-01T09:06:22.392Z] [DEBUG] [server:helpers] readAndRestoreRequestBody: read and restored 162 bytes
[2026-10-01T09:06:22.393Z] [DEBUG] [server:helpers] Request body read: size=162 bytes, sessionID=agent:babc6f566e31, backendID=safeoutputs
[2026-10-01T09:06:22.393Z] [DEBUG] [client] MCP client request body, backend=safeoutputs, body={"jsonrpc":"2.0","id":1,"method":"initialize","params":{"capabilities":{},"clientInfo":{"name":"mcp-cli-mount","version":"1.0.0"},"protocolVersion":"2024-11-05"}}
[2026-10-01T09:06:22.393Z] [DEBUG] [server:helpers] Request body logged for debugging
[2026-10-01T09:06:22.394Z] [DEBUG] [server:session] Injecting session context: sessionID=agent:babc6f566e31, backendID=safeoutputs, enclave=false
[2026-10-01T09:06:22.394Z] [DEBUG] [guard:context] Setting agent ID in context: agent:babc6f566e31
[2026-10-01T09:06:22.394Z] [DEBUG] [server:session] Adding backend ID to context: backendID=safeoutputs
[2026-10-01T09:06:22.395Z] [DEBUG] [server:session] Session context injected successfully
[2026-10-01T09:06:22.395Z] [DEBUG] [server:session] Extracting session from request: remote=172.17.0.1:50580, path=/mcp/safeoutputs
[2026-10-01T09:06:22.395Z] [DEBUG] [auth:header] Extracting session ID from auth header: sanitized=5KY3...
[2026-10-01T09:06:22.396Z] [DEBUG] [auth:header] Using plain agent ID as session ID
[2026-10-01T09:06:22.396Z] [DEBUG] [server:session] Session extracted successfully: sessionID=agent:babc6f566e31, remote=172.17.0.1:50580
[2026-10-01T09:06:22.396Z] [INFO] [client] New MCP client connection, remote=172.17.0.1:50580, method=POST, path=/mcp/safeoutputs, backend=safeoutputs, session=agent:babc6f566e31
[2026-10-01T09:06:22.397Z] [DEBUG] [config:agent_policy] AgentPolicyFor: no policy configured for agentID=agent:babc6f566e31
[2026-10-01T09:06:22.397Z] [DEBUG] [server:helpers] Checking request body: method=POST, hasBody=true, sessionID=agent:babc6f566e31
[2026-10-01T09:06:22.397Z] [DEBUG] [server:helpers] readAndRestoreRequestBody: read and restored 162 bytes
[2026-10-01T09:06:22.398Z] [DEBUG] [server:helpers] Request body read: size=162 bytes, sessionID=agent:babc6f566e31, backendID=safeoutputs
[2026-10-01T09:06:22.398Z] [DEBUG] [client] MCP client request body, backend=safeoutputs, body={"jsonrpc":"2.0","id":1,"method":"initialize","params":{"capabilities":{},"clientInfo":{"name":"mcp-cli-mount","version":"1.0.0"},"protocolVersion":"2024-11-05"}}
[2026-10-01T09:06:22.399Z] [DEBUG] [server:helpers] Request body logged for debugging
[2026-10-01T09:06:22.399Z] [DEBUG] [server:session] Injecting session context: sessionID=agent:babc6f566e31, backendID=safeoutputs, enclave=false
[2026-10-01T09:06:22.399Z] [DEBUG] [guard:context] Setting agent ID in context: agent:babc6f566e31
[2026-10-01T09:06:22.400Z] [DEBUG] [server:session] Adding backend ID to context: backendID=safeoutputs
[2026-10-01T09:06:22.400Z] [DEBUG] [server:session] Session context injected successfully
[2026-10-01T09:06:22.400Z] [DEBUG] [server:routed] [INFO] server connecting
[2026-10-01T09:06:22.400Z] [DEBUG] [server:routed] [INFO] server session connected session_id=YD55475IOKPYWBMZNMQ6FH6VZS
[2026-10-01T09:06:22.401Z] [DEBUG] [server:response_writer] Writing response body: 209 bytes
[2026-10-01T09:06:22.401Z] [DEBUG] [httputil:httputil] BaseResponseWriter.Write: implicit 200 status captured (first write, len=209)
[2026-10-01T09:06:22.402Z] [DEBUG] [httputil:httputil] BaseResponseWriter.Write: implicit 200 status captured (first write, len=209)
[2026-10-01T09:06:22.402Z] [DEBUG] [server:response_writer] Retrieving captured body: 209 bytes
[2026-10-01T09:06:22.402Z] [DEBUG] [server:sdk-frontend] <<< SDK Response [routed:safeoutputs] status=200 duration=15.422768ms (non-JSON or stream)
[2026-10-01T09:06:22.403Z] [DEBUG] [server:sdk-frontend]     Raw response (sanitized): event: message
data: {"jsonrpc":"2.0","id":1,"result":{"capabilities":{"logging":{},"tools":{"listChanged":true}},"protocolVersion":"2024-11-05","serverInfo":{"name":"awmg-safeoutputs","version":"v0.4.25"}}}


[2026-10-01T09:06:22.406Z] [DEBUG] [tracing:http] Handling request: span=gateway.request, method=POST, path=/mcp/safeoutputs, remoteParent=false
[2026-10-01T09:06:22.407Z] [DEBUG] [tracing:http] Span started: span=gateway.request, traceID=[REDACTED]
[2026-10-01T09:06:22.407Z] [DEBUG] [server:auth] Authenticating request: method=POST, path=/mcp/safeoutputs, remote=172.17.0.1:50580
[2026-10-01T09:06:22.407Z] [INFO] [auth] Authentication successful, remote=172.17.0.1:50580, path=/mcp/safeoutputs
[2026-10-01T09:06:22.408Z] [DEBUG] [auth:header] Extracting session ID from auth header: sanitized=5KY3...
[2026-10-01T09:06:22.408Z] [DEBUG] [auth:header] Using plain agent ID as session ID
[2026-10-01T09:06:22.408Z] [DEBUG] [config:agent_policy] AgentPolicyFor: no policy configured for agentID=agent:babc6f566e31
[2026-10-01T09:06:22.409Z] [DEBUG] [server:sdk-frontend] >>> SDK Request [routed:safeoutputs] session=agent:babc6f566e31 mcp-session=agent:7c3c5d000e8a method=POST path=/mcp/safeoutputs
[2026-10-01T09:06:22.409Z] [DEBUG] [server:helpers] readAndRestoreRequestBody: read and restored 66 bytes
[2026-10-01T09:06:22.409Z] [DEBUG] [server:sdk-frontend]     JSON-RPC Request: method=notifications/initialized id=<nil>
[2026-10-01T09:06:22.410Z] [DEBUG] [sdk-frontend] JSON-RPC request parsed: mode=routed:safeoutputs, method=notifications/initialized, id=<nil>, session=agent:babc6f566e31
[2026-10-01T09:06:22.410Z] [DEBUG] [server:response_writer] Creating new response writer
[2026-10-01T09:06:22.410Z] [DEBUG] [server:session] Extracting session from request: remote=172.17.0.1:50580, path=/mcp/safeoutputs
[2026-10-01T09:06:22.411Z] [DEBUG] [auth:header] Extracting session ID from auth header: sanitized=5KY3...
[2026-10-01T09:06:22.411Z] [DEBUG] [auth:header] Using plain agent ID as session ID
[2026-10-01T09:06:22.411Z] [DEBUG] [server:session] Session extracted successfully: sessionID=agent:babc6f566e31, remote=172.17.0.1:50580
[2026-10-01T09:06:22.411Z] [INFO] [client] New MCP client connection, remote=172.17.0.1:50580, method=POST, path=/mcp/safeoutputs, backend=safeoutputs, session=agent:babc6f566e31
[2026-10-01T09:06:22.412Z] [DEBUG] [config:agent_policy] AgentPolicyFor: no policy configured for agentID=agent:babc6f566e31
[2026-10-01T09:06:22.412Z] [DEBUG] [server:helpers] Checking request body: method=POST, hasBody=true, sessionID=agent:babc6f566e31
[2026-10-01T09:06:22.412Z] [DEBUG] [server:helpers] readAndRestoreRequestBody: read and restored 66 bytes
[2026-10-01T09:06:22.413Z] [DEBUG] [server:helpers] Request body read: size=66 bytes, sessionID=agent:babc6f566e31, backendID=safeoutputs
[2026-10-01T09:06:22.413Z] [DEBUG] [client] MCP client request body, backend=safeoutputs, body={"jsonrpc":"2.0","method":"notifications/initialized","params":{}}
[2026-10-01T09:06:22.413Z] [DEBUG] [server:helpers] Request body logged for debugging
[2026-10-01T09:06:22.414Z] [DEBUG] [server:session] Injecting session context: sessionID=agent:babc6f566e31, backendID=safeoutputs, enclave=false
[2026-10-01T09:06:22.414Z] [DEBUG] [guard:context] Setting agent ID in context: agent:babc6f566e31
[2026-10-01T09:06:22.414Z] [DEBUG] [server:session] Adding backend ID to context: backendID=safeoutputs
[2026-10-01T09:06:22.415Z] [DEBUG] [server:session] Session context injected successfully
[2026-10-01T09:06:22.415Z] [DEBUG] [server:response_writer] Setting response status code: 202
[2026-10-01T09:06:22.415Z] [DEBUG] [httputil:httputil] BaseResponseWriter.WriteHeader: capturing status code=202
[2026-10-01T09:06:22.416Z] [DEBUG] [httputil:httputil] BaseResponseWriter.WriteHeader: capturing status code=202
[2026-10-01T09:06:22.416Z] [DEBUG] [server:response_writer] Retrieving captured body: 0 bytes
[2026-10-01T09:06:22.416Z] [DEBUG] [server:sdk-frontend] <<< SDK Response [routed:safeoutputs] status=202 duration=8.433121ms (empty body)
[2026-10-01T09:06:22.417Z] [DEBUG] [server:routed] [INFO] session initialized
[2026-10-01T09:06:22.418Z] [DEBUG] [tracing:http] Handling request: span=gateway.request, method=POST, path=/mcp/safeoutputs, remoteParent=false
[2026-10-01T09:06:22.418Z] [DEBUG] [tracing:http] Span started: span=gateway.request, traceID=[REDACTED]
[2026-10-01T09:06:22.419Z] [DEBUG] [server:auth] Authenticating request: method=POST, path=/mcp/safeoutputs, remote=172.17.0.1:50580
[2026-10-01T09:06:22.419Z] [INFO] [auth] Authentication successful, remote=172.17.0.1:50580, path=/mcp/safeoutputs
[2026-10-01T09:06:22.420Z] [DEBUG] [auth:header] Extracting session ID from auth header: sanitized=5KY3...
[2026-10-01T09:06:22.420Z] [DEBUG] [auth:header] Using plain agent ID as session ID
[2026-10-01T09:06:22.420Z] [DEBUG] [config:agent_policy] AgentPolicyFor: no policy configured for agentID=agent:babc6f566e31
[2026-10-01T09:06:22.421Z] [DEBUG] [server:sdk-frontend] >>> SDK Request [routed:safeoutputs] session=agent:babc6f566e31 mcp-session=agent:7c3c5d000e8a method=POST path=/mcp/safeoutputs
[2026-10-01T09:06:22.421Z] [DEBUG] [server:helpers] readAndRestoreRequestBody: read and restored 46 bytes
[2026-10-01T09:06:22.421Z] [DEBUG] [server:sdk-frontend]     JSON-RPC Request: method=tools/list id=2
[2026-10-01T09:06:22.422Z] [DEBUG] [sdk-frontend] JSON-RPC request parsed: mode=routed:safeoutputs, method=tools/list, id=2, session=agent:babc6f566e31
[2026-10-01T09:06:22.422Z] [DEBUG] [server:response_writer] Creating new response writer
[2026-10-01T09:06:22.422Z] [DEBUG] [server:session] Extracting session from request: remote=172.17.0.1:50580, path=/mcp/safeoutputs
[2026-10-01T09:06:22.423Z] [DEBUG] [auth:header] Extracting session ID from auth header: sanitized=5KY3...
[2026-10-01T09:06:22.423Z] [DEBUG] [auth:header] Using plain agent ID as session ID
[2026-10-01T09:06:22.423Z] [DEBUG] [server:session] Session extracted successfully: sessionID=agent:babc6f566e31, remote=172.17.0.1:50580
[2026-10-01T09:06:22.424Z] [INFO] [client] New MCP client connection, remote=172.17.0.1:50580, method=POST, path=/mcp/safeoutputs, backend=safeoutputs, session=agent:babc6f566e31
[2026-10-01T09:06:22.424Z] [DEBUG] [config:agent_policy] AgentPolicyFor: no policy configured for agentID=agent:babc6f566e31
[2026-10-01T09:06:22.424Z] [DEBUG] [server:helpers] Checking request body: method=POST, hasBody=true, sessionID=agent:babc6f566e31
[2026-10-01T09:06:22.425Z] [DEBUG] [server:helpers] readAndRestoreRequestBody: read and restored 46 bytes
[2026-10-01T09:06:22.425Z] [DEBUG] [server:helpers] Request body read: size=46 bytes, sessionID=agent:babc6f566e31, backendID=safeoutputs
[2026-10-01T09:06:22.425Z] [DEBUG] [client] MCP client request body, backend=safeoutputs, body={"jsonrpc":"2.0","id":2,"method":"tools/list"}
[2026-10-01T09:06:22.426Z] [DEBUG] [server:helpers] Request body logged for debugging
[2026-10-01T09:06:22.426Z] [DEBUG] [server:session] Injecting session context: sessionID=agent:babc6f566e31, backendID=safeoutputs, enclave=false
[2026-10-01T09:06:22.426Z] [DEBUG] [guard:context] Setting agent ID in context: agent:babc6f566e31
[2026-10-01T09:06:22.426Z] [DEBUG] [server:session] Adding backend ID to context: backendID=safeoutputs
[2026-10-01T09:06:22.427Z] [DEBUG] [server:session] Session context injected successfully
[2026-10-01T09:06:22.428Z] [DEBUG] [server:response_writer] Writing response body: 9420 bytes
[2026-10-01T09:06:22.429Z] [DEBUG] [httputil:httputil] BaseResponseWriter.Write: implicit 200 status captured (first write, len=9420)
[2026-10-01T09:06:22.429Z] [DEBUG] [httputil:httputil] BaseResponseWriter.Write: implicit 200 status captured (first write, len=9420)
[2026-10-01T09:06:22.429Z] [DEBUG] [server:response_writer] Retrieving captured body: 9420 bytes
[2026-10-01T09:06:22.430Z] [DEBUG] [server:sdk-frontend] <<< SDK Response [routed:safeoutputs] status=200 duration=9.801819ms (non-JSON or stream)
[2026-10-01T09:06:22.434Z] [DEBUG] [server:sdk-frontend]     Raw response (sanitized, truncated): event: message
data: {"jsonrpc":"2.0","id":2,"result":{"ttlMs":0,"cacheScope":"public","tools":[{"description":"[safeoutputs] Create a new GitHub pull request to propose code changes. Use this after making file edits to submit them for review and merging. The PR will be created from the current branch with your committed changes. This is a write-once declaration for a real intended PR, not a sandbox or probe: do not call it with placeholder content, test titles/bodies, or auth experiments. If yo...
[2026-10-01T09:06:52.039Z] [DEBUG] [launcher:launcher] Retrieved server IDs: count=1, ids=[safeoutputs]
[2026-10-01T09:06:52.040Z] [DEBUG] [launcher:health] Running health check: checking 1 servers
[2026-10-01T09:06:52.040Z] [DEBUG] [launcher:launcher] GetServerState: serverID=safeoutputs
[2026-10-01T09:06:52.040Z] [DEBUG] [launcher:launcher] Server state: serverID=safeoutputs, status=running, startedAt=2026-10-01 09:06:21.989858406 +0000 UTC m=+5.683749258
[2026-10-01T09:07:22.039Z] [DEBUG] [launcher:launcher] Retrieved server IDs: count=1, ids=[safeoutputs]
[2026-10-01T09:07:22.040Z] [DEBUG] [launcher:health] Running health check: checking 1 servers
[2026-10-01T09:07:22.040Z] [DEBUG] [launcher:launcher] GetServerState: serverID=safeoutputs
[2026-10-01T09:07:22.041Z] [DEBUG] [launcher:launcher] Server state: serverID=safeoutputs, status=running, startedAt=2026-10-01 09:06:21.989858406 +0000 UTC m=+5.683749258
[2026-10-01T09:07:52.068Z] [DEBUG] [launcher:launcher] Retrieved server IDs: count=1, ids=[safeoutputs]
[2026-10-01T09:07:52.069Z] [DEBUG] [launcher:health] Running health check: checking 1 servers
[2026-10-01T09:07:52.070Z] [DEBUG] [launcher:launcher] GetServerState: serverID=safeoutputs
[2026-10-01T09:07:52.070Z] [DEBUG] [launcher:launcher] Server state: serverID=safeoutputs, status=running, startedAt=2026-10-01 09:06:21.989858406 +0000 UTC m=+5.683749258
[2026-10-01T09:08:22.068Z] [DEBUG] [launcher:launcher] Retrieved server IDs: count=1, ids=[safeoutputs]
[2026-10-01T09:08:22.069Z] [DEBUG] [launcher:health] Running health check: checking 1 servers
[2026-10-01T09:08:22.070Z] [DEBUG] [launcher:launcher] GetServerState: serverID=safeoutputs
[2026-10-01T09:08:22.070Z] [DEBUG] [launcher:launcher] Server state: serverID=safeoutputs, status=running, startedAt=2026-10-01 09:06:21.989858406 +0000 UTC m=+5.683749258
[2026-10-01T09:08:52.040Z] [DEBUG] [launcher:launcher] Retrieved server IDs: count=1, ids=[safeoutputs]
[2026-10-01T09:08:52.046Z] [DEBUG] [launcher:health] Running health check: checking 1 servers
[2026-10-01T09:08:52.046Z] [DEBUG] [launcher:launcher] GetServerState: serverID=safeoutputs
[2026-10-01T09:08:52.047Z] [DEBUG] [launcher:launcher] Server state: serverID=safeoutputs, status=running, startedAt=2026-10-01 09:06:21.989858406 +0000 UTC m=+5.683749258
[2026-10-01T09:09:22.055Z] [DEBUG] [launcher:launcher] Retrieved server IDs: count=1, ids=[safeoutputs]
[2026-10-01T09:09:22.056Z] [DEBUG] [launcher:health] Running health check: checking 1 servers
[2026-10-01T09:09:22.056Z] [DEBUG] [launcher:launcher] GetServerState: serverID=safeoutputs
[2026-10-01T09:09:22.057Z] [DEBUG] [launcher:launcher] Server state: serverID=safeoutputs, status=running, startedAt=2026-10-01 09:06:21.989858406 +0000 UTC m=+5.683749258
[2026-10-01T09:09:52.046Z] [DEBUG] [launcher:launcher] Retrieved server IDs: count=1, ids=[safeoutputs]
[2026-10-01T09:09:52.047Z] [DEBUG] [launcher:health] Running health check: checking 1 servers
[2026-10-01T09:09:52.047Z] [DEBUG] [launcher:launcher] GetServerState: serverID=safeoutputs
[2026-10-01T09:09:52.047Z] [DEBUG] [launcher:launcher] Server state: serverID=safeoutputs, status=running, startedAt=2026-10-01 09:06:21.989858406 +0000 UTC m=+5.683749258
[2026-10-01T09:10:22.039Z] [DEBUG] [launcher:launcher] Retrieved server IDs: count=1, ids=[safeoutputs]
[2026-10-01T09:10:22.040Z] [DEBUG] [launcher:health] Running health check: checking 1 servers
[2026-10-01T09:10:22.041Z] [DEBUG] [launcher:launcher] GetServerState: serverID=safeoutputs
[2026-10-01T09:10:22.041Z] [DEBUG] [launcher:launcher] Server state: serverID=safeoutputs, status=running, startedAt=2026-10-01 09:06:21.989858406 +0000 UTC m=+5.683749258
[2026-10-01T09:10:52.049Z] [DEBUG] [launcher:launcher] Retrieved server IDs: count=1, ids=[safeoutputs]
[2026-10-01T09:10:52.050Z] [DEBUG] [launcher:health] Running health check: checking 1 servers
[2026-10-01T09:10:52.051Z] [DEBUG] [launcher:launcher] GetServerState: serverID=safeoutputs
[2026-10-01T09:10:52.052Z] [DEBUG] [launcher:launcher] Server state: serverID=safeoutputs, status=running, startedAt=2026-10-01 09:06:21.989858406 +0000 UTC m=+5.683749258
[2026-10-01T09:11:22.039Z] [DEBUG] [launcher:launcher] Retrieved server IDs: count=1, ids=[safeoutputs]
[2026-10-01T09:11:22.040Z] [DEBUG] [launcher:health] Running health check: checking 1 servers
[2026-10-01T09:11:22.041Z] [DEBUG] [launcher:launcher] GetServerState: serverID=safeoutputs
[2026-10-01T09:11:22.041Z] [DEBUG] [launcher:launcher] Server state: serverID=safeoutputs, status=running, startedAt=2026-10-01 09:06:21.989858406 +0000 UTC m=+5.683749258
[2026-10-01T09:11:52.068Z] [DEBUG] [launcher:launcher] Retrieved server IDs: count=1, ids=[safeoutputs]
[2026-10-01T09:11:52.069Z] [DEBUG] [launcher:health] Running health check: checking 1 servers
[2026-10-01T09:11:52.070Z] [DEBUG] [launcher:launcher] GetServerState: serverID=safeoutputs
[2026-10-01T09:11:52.070Z] [DEBUG] [launcher:launcher] Server state: serverID=safeoutputs, status=running, startedAt=2026-10-01 09:06:21.989858406 +0000 UTC m=+5.683749258
[2026-10-01T09:12:22.068Z] [DEBUG] [launcher:launcher] Retrieved server IDs: count=1, ids=[safeoutputs]
[2026-10-01T09:12:22.069Z] [DEBUG] [launcher:health] Running health check: checking 1 servers
[2026-10-01T09:12:22.070Z] [DEBUG] [launcher:launcher] GetServerState: serverID=safeoutputs
[2026-10-01T09:12:22.070Z] [DEBUG] [launcher:launcher] Server state: serverID=safeoutputs, status=running, startedAt=2026-10-01 09:06:21.989858406 +0000 UTC m=+5.683749258
[2026-10-01T09:12:52.044Z] [DEBUG] [launcher:launcher] Retrieved server IDs: count=1, ids=[safeoutputs]
[2026-10-01T09:12:52.045Z] [DEBUG] [launcher:health] Running health check: checking 1 servers
[2026-10-01T09:12:52.045Z] [DEBUG] [launcher:launcher] GetServerState: serverID=safeoutputs
[2026-10-01T09:12:52.046Z] [DEBUG] [launcher:launcher] Server state: serverID=safeoutputs, status=running, startedAt=2026-10-01 09:06:21.989858406 +0000 UTC m=+5.683749258
[2026-10-01T09:13:22.039Z] [DEBUG] [launcher:launcher] Retrieved server IDs: count=1, ids=[safeoutputs]
[2026-10-01T09:13:22.040Z] [DEBUG] [launcher:health] Running health check: checking 1 servers
[2026-10-01T09:13:22.040Z] [DEBUG] [launcher:launcher] GetServerState: serverID=safeoutputs
[2026-10-01T09:13:22.041Z] [DEBUG] [launcher:launcher] Server state: serverID=safeoutputs, status=running, startedAt=2026-10-01 09:06:21.989858406 +0000 UTC m=+5.683749258
[2026-10-01T09:13:52.039Z] [DEBUG] [launcher:launcher] Retrieved server IDs: count=1, ids=[safeoutputs]
[2026-10-01T09:13:52.040Z] [DEBUG] [launcher:health] Running health check: checking 1 servers
[2026-10-01T09:13:52.040Z] [DEBUG] [launcher:launcher] GetServerState: serverID=safeoutputs
[2026-10-01T09:13:52.042Z] [DEBUG] [launcher:launcher] Server state: serverID=safeoutputs, status=running, startedAt=2026-10-01 09:06:21.989858406 +0000 UTC m=+5.683749258
[2026-10-01T09:14:22.058Z] [DEBUG] [launcher:launcher] Retrieved server IDs: count=1, ids=[safeoutputs]
[2026-10-01T09:14:22.060Z] [DEBUG] [launcher:health] Running health check: checking 1 servers
[2026-10-01T09:14:22.060Z] [DEBUG] [launcher:launcher] GetServerState: serverID=safeoutputs
[2026-10-01T09:14:22.061Z] [DEBUG] [launcher:launcher] Server state: serverID=safeoutputs, status=running, startedAt=2026-10-01 09:06:21.989858406 +0000 UTC m=+5.683749258
[2026-10-01T09:14:52.068Z] [DEBUG] [launcher:launcher] Retrieved server IDs: count=1, ids=[safeoutputs]
[2026-10-01T09:14:52.069Z] [DEBUG] [launcher:health] Running health check: checking 1 servers
[2026-10-01T09:14:52.069Z] [DEBUG] [launcher:launcher] GetServerState: serverID=safeoutputs
[2026-10-01T09:14:52.070Z] [DEBUG] [launcher:launcher] Server state: serverID=safeoutputs, status=running, startedAt=2026-10-01 09:06:21.989858406 +0000 UTC m=+5.683749258
[2026-10-01T09:15:22.042Z] [DEBUG] [launcher:launcher] Retrieved server IDs: count=1, ids=[safeoutputs]
[2026-10-01T09:15:22.046Z] [DEBUG] [launcher:health] Running health check: checking 1 servers
[2026-10-01T09:15:22.047Z] [DEBUG] [launcher:launcher] GetServerState: serverID=safeoutputs
[2026-10-01T09:15:22.047Z] [DEBUG] [launcher:launcher] Server state: serverID=safeoutputs, status=running, startedAt=2026-10-01 09:06:21.989858406 +0000 UTC m=+5.683749258
[2026-10-01T09:15:52.040Z] [DEBUG] [launcher:launcher] Retrieved server IDs: count=1, ids=[safeoutputs]
[2026-10-01T09:15:52.041Z] [DEBUG] [launcher:health] Running health check: checking 1 servers
[2026-10-01T09:15:52.042Z] [DEBUG] [launcher:launcher] GetServerState: serverID=safeoutputs
[2026-10-01T09:15:52.042Z] [DEBUG] [launcher:launcher] Server state: serverID=safeoutputs, status=running, startedAt=2026-10-01 09:06:21.989858406 +0000 UTC m=+5.683749258
[2026-10-01T09:16:22.039Z] [DEBUG] [launcher:launcher] Retrieved server IDs: count=1, ids=[safeoutputs]
[2026-10-01T09:16:22.040Z] [DEBUG] [launcher:health] Running health check: checking 1 servers
[2026-10-01T09:16:22.040Z] [DEBUG] [launcher:launcher] GetServerState: serverID=safeoutputs
[2026-10-01T09:16:22.041Z] [DEBUG] [launcher:launcher] Server state: serverID=safeoutputs, status=running, startedAt=2026-10-01 09:06:21.989858406 +0000 UTC m=+5.683749258
[2026-10-01T09:16:52.060Z] [DEBUG] [launcher:launcher] Retrieved server IDs: count=1, ids=[safeoutputs]
[2026-10-01T09:16:52.061Z] [DEBUG] [launcher:health] Running health check: checking 1 servers
[2026-10-01T09:16:52.061Z] [DEBUG] [launcher:launcher] GetServerState: serverID=safeoutputs
[2026-10-01T09:16:52.061Z] [DEBUG] [launcher:launcher] Server state: serverID=safeoutputs, status=running, startedAt=2026-10-01 09:06:21.989858406 +0000 UTC m=+5.683749258
[2026-10-01T09:17:22.049Z] [DEBUG] [launcher:launcher] Retrieved server IDs: count=1, ids=[safeoutputs]
[2026-10-01T09:17:22.050Z] [DEBUG] [launcher:health] Running health check: checking 1 servers
[2026-10-01T09:17:22.050Z] [DEBUG] [launcher:launcher] GetServerState: serverID=safeoutputs
[2026-10-01T09:17:22.051Z] [DEBUG] [launcher:launcher] Server state: serverID=safeoutputs, status=running, startedAt=2026-10-01 09:06:21.989858406 +0000 UTC m=+5.683749258
[2026-10-01T09:17:52.039Z] [DEBUG] [launcher:launcher] Retrieved server IDs: count=1, ids=[safeoutputs]
[2026-10-01T09:17:52.040Z] [DEBUG] [launcher:health] Running health check: checking 1 servers
[2026-10-01T09:17:52.040Z] [DEBUG] [launcher:launcher] GetServerState: serverID=safeoutputs
[2026-10-01T09:17:52.041Z] [DEBUG] [launcher:launcher] Server state: serverID=safeoutputs, status=running, startedAt=2026-10-01 09:06:21.989858406 +0000 UTC m=+5.683749258
[2026-10-01T09:18:22.069Z] [DEBUG] [launcher:launcher] Retrieved server IDs: count=1, ids=[safeoutputs]
[2026-10-01T09:18:22.070Z] [DEBUG] [launcher:health] Running health check: checking 1 servers
[2026-10-01T09:18:22.070Z] [DEBUG] [launcher:launcher] GetServerState: serverID=safeoutputs
[2026-10-01T09:18:22.071Z] [DEBUG] [launcher:launcher] Server state: serverID=safeoutputs, status=running, startedAt=2026-10-01 09:06:21.989858406 +0000 UTC m=+5.683749258
[2026-10-01T09:18:52.039Z] [DEBUG] [launcher:launcher] Retrieved server IDs: count=1, ids=[safeoutputs]
[2026-10-01T09:18:52.040Z] [DEBUG] [launcher:health] Running health check: checking 1 servers
[2026-10-01T09:18:52.040Z] [DEBUG] [launcher:launcher] GetServerState: serverID=safeoutputs
[2026-10-01T09:18:52.041Z] [DEBUG] [launcher:launcher] Server state: serverID=safeoutputs, status=running, startedAt=2026-10-01 09:06:21.989858406 +0000 UTC m=+5.683749258
[2026-10-01T09:19:22.059Z] [DEBUG] [launcher:launcher] Retrieved server IDs: count=1, ids=[safeoutputs]
[2026-10-01T09:19:22.063Z] [DEBUG] [launcher:health] Running health check: checking 1 servers
[2026-10-01T09:19:22.064Z] [DEBUG] [launcher:launcher] GetServerState: serverID=safeoutputs
[2026-10-01T09:19:22.064Z] [DEBUG] [launcher:launcher] Server state: serverID=safeoutputs, status=running, startedAt=2026-10-01 09:06:21.989858406 +0000 UTC m=+5.683749258
[2026-10-01T09:19:52.040Z] [DEBUG] [launcher:launcher] Retrieved server IDs: count=1, ids=[safeoutputs]
[2026-10-01T09:19:52.041Z] [DEBUG] [launcher:health] Running health check: checking 1 servers
[2026-10-01T09:19:52.041Z] [DEBUG] [launcher:launcher] GetServerState: serverID=safeoutputs
[2026-10-01T09:19:52.042Z] [DEBUG] [launcher:launcher] Server state: serverID=safeoutputs, status=running, startedAt=2026-10-01 09:06:21.989858406 +0000 UTC m=+5.683749258
[2026-10-01T09:20:22.068Z] [DEBUG] [launcher:launcher] Retrieved server IDs: count=1, ids=[safeoutputs]
[2026-10-01T09:20:22.070Z] [DEBUG] [launcher:health] Running health check: checking 1 servers
[2026-10-01T09:20:22.070Z] [DEBUG] [launcher:launcher] GetServerState: serverID=safeoutputs
[2026-10-01T09:20:22.072Z] [DEBUG] [launcher:launcher] Server state: serverID=safeoutputs, status=running, startedAt=2026-10-01 09:06:21.989858406 +0000 UTC m=+5.683749258
[2026-10-01T09:20:52.068Z] [DEBUG] [launcher:launcher] Retrieved server IDs: count=1, ids=[safeoutputs]
[2026-10-01T09:20:52.069Z] [DEBUG] [launcher:health] Running health check: checking 1 servers
[2026-10-01T09:20:52.069Z] [DEBUG] [launcher:launcher] GetServerState: serverID=safeoutputs
[2026-10-01T09:20:52.069Z] [DEBUG] [launcher:launcher] Server state: serverID=safeoutputs, status=running, startedAt=2026-10-01 09:06:21.989858406 +0000 UTC m=+5.683749258
[2026-10-01T09:21:22.040Z] [DEBUG] [launcher:launcher] Retrieved server IDs: count=1, ids=[safeoutputs]
[2026-10-01T09:21:22.040Z] [DEBUG] [launcher:health] Running health check: checking 1 servers
[2026-10-01T09:21:22.041Z] [DEBUG] [launcher:launcher] GetServerState: serverID=safeoutputs
[2026-10-01T09:21:22.041Z] [DEBUG] [launcher:launcher] Server state: serverID=safeoutputs, status=running, startedAt=2026-10-01 09:06:21.989858406 +0000 UTC m=+5.683749258
[2026-10-01T09:21:52.039Z] [DEBUG] [launcher:launcher] Retrieved server IDs: count=1, ids=[safeoutputs]
[2026-10-01T09:21:52.040Z] [DEBUG] [launcher:health] Running health check: checking 1 servers
[2026-10-01T09:21:52.040Z] [DEBUG] [launcher:launcher] GetServerState: serverID=safeoutputs
[2026-10-01T09:21:52.041Z] [DEBUG] [launcher:launcher] Server state: serverID=safeoutputs, status=running, startedAt=2026-10-01 09:06:21.989858406 +0000 UTC m=+5.683749258
[2026-10-01T09:22:22.040Z] [DEBUG] [launcher:launcher] Retrieved server IDs: count=1, ids=[safeoutputs]
[2026-10-01T09:22:22.041Z] [DEBUG] [launcher:health] Running health check: checking 1 servers
[2026-10-01T09:22:22.042Z] [DEBUG] [launcher:launcher] GetServerState: serverID=safeoutputs
[2026-10-01T09:22:22.042Z] [DEBUG] [launcher:launcher] Server state: serverID=safeoutputs, status=running, startedAt=2026-10-01 09:06:21.989858406 +0000 UTC m=+5.683749258
[2026-10-01T09:22:52.069Z] [DEBUG] [launcher:launcher] Retrieved server IDs: count=1, ids=[safeoutputs]
[2026-10-01T09:22:52.070Z] [DEBUG] [launcher:health] Running health check: checking 1 servers
[2026-10-01T09:22:52.070Z] [DEBUG] [launcher:launcher] GetServerState: serverID=safeoutputs
[2026-10-01T09:22:52.070Z] [DEBUG] [launcher:launcher] Server state: serverID=safeoutputs, status=running, startedAt=2026-10-01 09:06:21.989858406 +0000 UTC m=+5.683749258
[2026-10-01T09:23:22.059Z] [DEBUG] [launcher:launcher] Retrieved server IDs: count=1, ids=[safeoutputs]
[2026-10-01T09:23:22.060Z] [DEBUG] [launcher:health] Running health check: checking 1 servers
[2026-10-01T09:23:22.061Z] [DEBUG] [launcher:launcher] GetServerState: serverID=safeoutputs
[2026-10-01T09:23:22.061Z] [DEBUG] [launcher:launcher] Server state: serverID=safeoutputs, status=running, startedAt=2026-10-01 09:06:21.989858406 +0000 UTC m=+5.683749258
[2026-10-01T09:23:52.049Z] [DEBUG] [launcher:launcher] Retrieved server IDs: count=1, ids=[safeoutputs]
[2026-10-01T09:23:52.051Z] [DEBUG] [launcher:health] Running health check: checking 1 servers
[2026-10-01T09:23:52.052Z] [DEBUG] [launcher:launcher] GetServerState: serverID=safeoutputs
[2026-10-01T09:23:52.052Z] [DEBUG] [launcher:launcher] Server state: serverID=safeoutputs, status=running, startedAt=2026-10-01 09:06:21.989858406 +0000 UTC m=+5.683749258
[2026-10-01T09:24:22.039Z] [DEBUG] [launcher:launcher] Retrieved server IDs: count=1, ids=[safeoutputs]
[2026-10-01T09:24:22.040Z] [DEBUG] [launcher:health] Running health check: checking 1 servers
[2026-10-01T09:24:22.040Z] [DEBUG] [launcher:launcher] GetServerState: serverID=safeoutputs
[2026-10-01T09:24:22.040Z] [DEBUG] [launcher:launcher] Server state: serverID=safeoutputs, status=running, startedAt=2026-10-01 09:06:21.989858406 +0000 UTC m=+5.683749258
[2026-10-01T09:24:52.071Z] [DEBUG] [launcher:launcher] Retrieved server IDs: count=1, ids=[safeoutputs]
[2026-10-01T09:24:52.078Z] [DEBUG] [launcher:health] Running health check: checking 1 servers
[2026-10-01T09:24:52.078Z] [DEBUG] [launcher:launcher] GetServerState: serverID=safeoutputs
[2026-10-01T09:24:52.078Z] [DEBUG] [launcher:launcher] Server state: serverID=safeoutputs, status=running, startedAt=2026-10-01 09:06:21.989858406 +0000 UTC m=+5.683749258
[2026-10-01T09:25:22.052Z] [DEBUG] [launcher:launcher] Retrieved server IDs: count=1, ids=[safeoutputs]
[2026-10-01T09:25:22.053Z] [DEBUG] [launcher:health] Running health check: checking 1 servers
[2026-10-01T09:25:22.053Z] [DEBUG] [launcher:launcher] GetServerState: serverID=safeoutputs
[2026-10-01T09:25:22.053Z] [DEBUG] [launcher:launcher] Server state: serverID=safeoutputs, status=running, startedAt=2026-10-01 09:06:21.989858406 +0000 UTC m=+5.683749258
[2026-10-01T09:25:32.051Z] [DEBUG] [server:response_writer] Creating new response writer
[2026-10-01T09:25:32.052Z] [DEBUG] [server:auth] Authenticating request: method=POST, path=/close, remote=172.17.0.1:41292
[2026-10-01T09:25:32.052Z] [INFO] [auth] Authentication successful, remote=172.17.0.1:41292, path=/close
[2026-10-01T09:25:32.052Z] [INFO] [shutdown] Close endpoint called: method=POST, path=/close, remote=172.17.0.1:41292
[2026-10-01T09:25:32.053Z] [DEBUG] [config:config] GetAgentIDs: gateway.agentIds not set, falling back to singular effective agent ID
[2026-10-01T09:25:32.053Z] [DEBUG] [server:handlers] Initiating gateway shutdown
[2026-10-01T09:25:32.053Z] [INFO] [shutdown] Gateway shutdown initiated
[2026-10-01T09:25:32.053Z] [DEBUG] [launcher:health] Stopping health monitor, waiting for background goroutine to finish
[2026-10-01T09:25:32.054Z] [DEBUG] [launcher:health] Health monitor stopped
[2026-10-01T09:25:32.054Z] [INFO] [shutdown] Health monitor stopped
[2026-10-01T09:25:32.054Z] [DEBUG] [launcher:launcher] Retrieved server IDs: count=1, ids=[safeoutputs]
[2026-10-01T09:25:32.055Z] [INFO] [shutdown] Terminating 1 backend servers
[2026-10-01T09:25:32.055Z] [DEBUG] [launcher:launcher] Closing launcher: connections=1, hasSessionPool=true
[2026-10-01T09:25:32.055Z] [DEBUG] [launcher:launcher] Closing 1 connections
[2026-10-01T09:25:32.055Z] [DEBUG] [mcp:connection] Closing connection: serverID=safeoutputs, isHTTP=false
[2026-10-01T09:25:32.058Z] [DEBUG] [launcher:launcher] Stopping session connection pool
[2026-10-01T09:25:32.059Z] [DEBUG] [launcher:pool] Stopping connection pool
[2026-10-01T09:25:32.059Z] [DEBUG] [launcher:pool] Context cancelled, stopping cleanup
[2026-10-01T09:25:32.059Z] [DEBUG] [launcher:pool] Cleanup goroutine stopped
[2026-10-01T09:25:32.060Z] [DEBUG] [launcher:pool] Connection pool stopped
[2026-10-01T09:25:32.060Z] [DEBUG] [launcher:launcher] Launcher closed successfully
[2026-10-01T09:25:32.060Z] [DEBUG] [guard:wasm] Closing global compilation cache
[2026-10-01T09:25:32.061Z] [DEBUG] [guard:wasm] Global compilation cache closed
[2026-10-01T09:25:32.061Z] [INFO] [shutdown] Backend servers terminated successfully
[2026-10-01T09:25:32.061Z] [DEBUG] [server:handlers] Shutdown completed: servers_terminated=1
[2026-10-01T09:25:32.062Z] [DEBUG] [httputil:httputil] Writing JSON response: statusCode=200
[2026-10-01T09:25:32.062Z] [DEBUG] [server:response_writer] Setting response status code: 200
[2026-10-01T09:25:32.062Z] [DEBUG] [httputil:httputil] BaseResponseWriter.WriteHeader: capturing status code=200
[2026-10-01T09:25:32.063Z] [DEBUG] [httputil:httputil] JSON response body size: 80 bytes
[2026-10-01T09:25:32.063Z] [DEBUG] [server:response_writer] Writing response body: 80 bytes
[2026-10-01T09:25:32.063Z] [INFO] [shutdown] Close endpoint response sent: servers_terminated=1, remote=172.17.0.1:41292
[2026-10-01T09:25:32.064Z] [DEBUG] [server:response_writer] Retrieving captured body: 80 bytes
[2026-10-01T09:25:32.064Z] [DEBUG] [server:response_writer] Retrieving captured body: 80 bytes
[2026-10-01T09:25:32.064Z] [DEBUG] [server:helpers] [172.17.0.1:41292] POST /close - Status: 200, Response: {"message":"Gateway shutdown initiated","serversTerminated":1,"status":"closed"}
[2026-10-01T09:25:32.068Z] [INFO] [shutdown] Gateway process exiting via context cancellation
[2026-10-01T09:25:32.068Z] [INFO] [shutdown] Shutting down gateway...
[2026-10-01T09:25:32.069Z] [DEBUG] [cmd:root] Shutdown initiated, beginning graceful HTTP server shutdown
[2026-10-01T09:25:32.069Z] [DEBUG] [cmd:root] Shutdown signal received, initiating graceful shutdown
[2026-10-01T09:25:32.070Z] [DEBUG] [server:unified] Close: cleaning up unified server resources via InitiateShutdown
[2026-10-01T09:25:32.070Z] [DEBUG] [server:unified] InitiateShutdown: shutdown already performed, this call is a no-op
[2026-10-01T09:25:32.071Z] [DEBUG] [cmd:root] HTTP server shut down gracefully
[2026-10-01T09:25:32.071Z] [DEBUG] [cmd:delegation] No delegation config provided, skipping state persistence
[2026-10-01T09:25:32.072Z] [DEBUG] [server:unified] Close: cleaning up unified server resources via InitiateShutdown
[2026-10-01T09:25:32.072Z] [DEBUG] [server:unified] InitiateShutdown: shutdown already performed, this call is a no-op
[2026-10-01T09:25:32.073Z] [DEBUG] [cmd:root] Shutting down tracing provider
[2026-10-01T09:25:32.073Z] [DEBUG] [cmd:root] Tracing provider shut down successfully
[2026-10-01T09:25:32.074Z] [DEBUG] [guard:wasm] Closing global compilation cache
[2026-10-01T09:25:32.074Z] [DEBUG] [guard:wasm] Global compilation cache is nil, nothing to close
