36847803703	Unblock	workflow_dispatch	pending		2026-10-01T10:13:46Z	2026-10-01T10:13:46Z	2026-10-01T10:13:49Z	develop	github-actions[bot]	github-actions[bot]	Unblock
36847792207	Unblock	workflow_dispatch	in_progress		2026-10-01T10:13:40Z	2026-10-01T10:13:40Z	2026-10-01T10:14:09Z	develop	ViktorJT	ViktorJT	Unblock
36847782280	CI	push	in_progress		2026-10-01T10:13:34Z	2026-10-01T10:13:34Z	2026-10-01T10:13:38Z	develop	ViktorJT	ViktorJT	Merge main into develop: Unblock push fix
36847782264	Back to refinement	push	completed	success	2026-10-01T10:13:34Z	2026-10-01T10:13:34Z	2026-10-01T10:13:45Z	develop	ViktorJT	ViktorJT	Merge main into develop: Unblock push fix
36847782345	Unblock detect	push	completed	success	2026-10-01T10:13:34Z	2026-10-01T10:13:34Z	2026-10-01T10:13:49Z	develop	ViktorJT	ViktorJT	Merge main into develop: Unblock push fix
36847782252	Config drift	push	completed	success	2026-10-01T10:13:34Z	2026-10-01T10:13:34Z	2026-10-01T10:13:42Z	develop	ViktorJT	ViktorJT	Merge main into develop: Unblock push fix
36847773519	CI	push	in_progress		2026-10-01T10:13:29Z	2026-10-01T10:13:29Z	2026-10-01T10:13:33Z	main	ViktorJT	ViktorJT	Unblock: check out the PR under its own branch name; push with repo a…
36847773552	Config drift	push	completed	success	2026-10-01T10:13:29Z	2026-10-01T10:13:29Z	2026-10-01T10:13:37Z	main	ViktorJT	ViktorJT	Unblock: check out the PR under its own branch name; push with repo a…
36840385730	What needs you	schedule	completed	success	2026-10-01T09:04:47Z	2026-10-01T09:04:47Z	2026-10-01T09:05:19Z	main	ViktorJT	ViktorJT	What needs you
36840260856	Implement #253	workflow_dispatch	completed	failure	2026-10-01T09:03:34Z	2026-10-01T09:03:34Z	2026-10-01T09:27:58Z	main	github-actions[bot]	github-actions[bot]	Implement #253
36840225915	Dispatcher	workflow_run	completed	success	2026-10-01T09:03:14Z	2026-10-01T09:03:14Z	2026-10-01T09:03:37Z	main	gh-aw-spike-implementer[bot]	gh-aw-spike-implementer[bot]	Dispatcher
36840226744	Unblock	workflow_dispatch	completed	failure	2026-10-01T09:03:14Z	2026-10-01T09:03:14Z	2026-10-01T09:16:44Z	develop	github-actions[bot]	github-actions[bot]	Unblock
36840208828	Merged	pull_request	completed	success	2026-10-01T09:03:04Z	2026-10-01T09:03:04Z	2026-10-01T09:03:12Z	feature/user-menu-redesign-84cb1ceb5ecd0c54	gh-aw-spike-implementer[bot]	gh-aw-spike-implementer[bot]	[implementer] Turn the user menu into a shared Menu with hover highlighting
36840206516	Back to refinement	push	completed	success	2026-10-01T09:03:03Z	2026-10-01T09:03:03Z	2026-10-01T09:03:16Z	develop	github-merge-queue[bot]	github-merge-queue[bot]	[implementer] Turn the user menu into a shared Menu with hover highli…
36840206547	Unblock detect	push	completed	success	2026-10-01T09:03:03Z	2026-10-01T09:03:03Z	2026-10-01T09:03:18Z	develop	github-merge-queue[bot]	github-merge-queue[bot]	[implementer] Turn the user menu into a shared Menu with hover highli…
36840206522	CI	push	completed	success	2026-10-01T09:03:03Z	2026-10-01T09:03:03Z	2026-10-01T09:04:22Z	develop	github-merge-queue[bot]	github-merge-queue[bot]	[implementer] Turn the user menu into a shared Menu with hover highli…
36839993790	Conventions	merge_group	completed	success	2026-10-01T09:01:04Z	2026-10-01T09:01:04Z	2026-10-01T09:01:11Z	gh-readonly-queue/develop/pr-271-8098b20444c1941441944310354f8458c9d51438	gh-aw-spike-implementer[bot]	gh-aw-spike-implementer[bot]	Conventions
36839993796	Merge group gate	merge_group	completed	success	2026-10-01T09:01:04Z	2026-10-01T09:01:04Z	2026-10-01T09:01:17Z	gh-readonly-queue/develop/pr-271-8098b20444c1941441944310354f8458c9d51438	gh-aw-spike-implementer[bot]	gh-aw-spike-implementer[bot]	Merge group gate
36839993795	CI	merge_group	completed	success	2026-10-01T09:01:04Z	2026-10-01T09:01:04Z	2026-10-01T09:02:28Z	gh-readonly-queue/develop/pr-271-8098b20444c1941441944310354f8458c9d51438	gh-aw-spike-implementer[bot]	gh-aw-spike-implementer[bot]	CI
36839226915	Conventions	pull_request	completed	success	2026-10-01T08:54:00Z	2026-10-01T08:54:00Z	2026-10-01T08:54:08Z	feature/user-menu-redesign-84cb1ceb5ecd0c54	gh-aw-spike-implementer[bot]	gh-aw-spike-implementer[bot]	[implementer] Turn the user menu into a shared Menu with hover highlighting
36839226884	Hold	pull_request	completed	success	2026-10-01T08:54:00Z	2026-10-01T08:54:00Z	2026-10-01T08:54:07Z	feature/user-menu-redesign-84cb1ceb5ecd0c54	gh-aw-spike-implementer[bot]	gh-aw-spike-implementer[bot]	[implementer] Turn the user menu into a shared Menu with hover highlighting
36839226816	CI	pull_request	completed	success	2026-10-01T08:54:00Z	2026-10-01T08:54:00Z	2026-10-01T08:55:27Z	feature/user-menu-redesign-84cb1ceb5ecd0c54	gh-aw-spike-implementer[bot]	gh-aw-spike-implementer[bot]	[implementer] Turn the user menu into a shared Menu with hover highlighting
36839226960	Review #271	pull_request	completed	success	2026-10-01T08:54:00Z	2026-10-01T08:54:00Z	2026-10-01T09:02:21Z	feature/user-menu-redesign-84cb1ceb5ecd0c54	gh-aw-spike-implementer[bot]	gh-aw-spike-implementer[bot]	Review #271
36839226454	Hold	pull_request	completed	success	2026-10-01T08:54:00Z	2026-10-01T08:54:00Z	2026-10-01T08:54:05Z	feature/user-menu-redesign-84cb1ceb5ecd0c54	gh-aw-spike-implementer[bot]	gh-aw-spike-implementer[bot]	[implementer] Turn the user menu into a shared Menu with hover highlighting
36837903914	Implement #260	workflow_dispatch	completed	success	2026-10-01T08:41:33Z	2026-10-01T08:41:33Z	2026-10-01T08:55:09Z	main	github-actions[bot]	github-actions[bot]	Implement #260
36837868187	Dispatcher	workflow_run	completed	success	2026-10-01T08:41:13Z	2026-10-01T08:41:13Z	2026-10-01T08:41:37Z	main	gh-aw-spike-implementer[bot]	gh-aw-spike-implementer[bot]	Dispatcher
36837858853	Unblock	workflow_dispatch	completed	failure	2026-10-01T08:41:08Z	2026-10-01T08:41:08Z	2026-10-01T08:52:12Z	develop	github-actions[bot]	github-actions[bot]	Unblock
36837846915	Merged	pull_request	completed	success	2026-10-01T08:41:01Z	2026-10-01T08:41:01Z	2026-10-01T08:41:11Z	fix/text-field-error-border-cc52e9a9a182c230	gh-aw-spike-implementer[bot]	gh-aw-spike-implementer[bot]	[implementer] Text field matches the redesigned field components (error border, no inner icon, eye icon)
36837844752	Unblock detect	push	completed	success	2026-10-01T08:41:00Z	2026-10-01T08:41:00Z	2026-10-01T08:41:11Z	develop	github-merge-queue[bot]	github-merge-queue[bot]	[implementer] Text field matches the redesigned field components (err…
36837844676	Back to refinement	push	completed	success	2026-10-01T08:41:00Z	2026-10-01T08:41:00Z	2026-10-01T08:41:13Z	develop	github-merge-queue[bot]	github-merge-queue[bot]	[implementer] Text field matches the redesigned field components (err…
36837844682	CI	push	completed	success	2026-10-01T08:41:00Z	2026-10-01T08:41:00Z	2026-10-01T08:42:29Z	develop	github-merge-queue[bot]	github-merge-queue[bot]	[implementer] Text field matches the redesigned field components (err…
36837647874	Conventions	merge_group	completed	success	2026-10-01T08:39:11Z	2026-10-01T08:39:11Z	2026-10-01T08:39:20Z	gh-readonly-queue/develop/pr-268-4edf2eed88dd1fee7f30f6c7c1c79fd6c0a5e569	gh-aw-spike-implementer[bot]	gh-aw-spike-implementer[bot]	Conventions
36837647945	Merge group gate	merge_group	completed	success	2026-10-01T08:39:11Z	2026-10-01T08:39:11Z	2026-10-01T08:39:22Z	gh-readonly-queue/develop/pr-268-4edf2eed88dd1fee7f30f6c7c1c79fd6c0a5e569	gh-aw-spike-implementer[bot]	gh-aw-spike-implementer[bot]	Merge group gate
36837647825	CI	merge_group	completed	success	2026-10-01T08:39:11Z	2026-10-01T08:39:11Z	2026-10-01T08:40:25Z	gh-readonly-queue/develop/pr-268-4edf2eed88dd1fee7f30f6c7c1c79fd6c0a5e569	gh-aw-spike-implementer[bot]	gh-aw-spike-implementer[bot]	CI
36836862702	Hold	pull_request	completed	success	2026-10-01T08:31:41Z	2026-10-01T08:31:41Z	2026-10-01T08:31:47Z	fix/sign-in-error-message-236-636234bf2085c17b	gh-aw-spike-implementer[bot]	gh-aw-spike-implementer[bot]	[implementer] Fix: Show sign-in error message only under password field
36836862213	Conventions	pull_request	completed	success	2026-10-01T08:31:40Z	2026-10-01T08:31:40Z	2026-10-01T08:31:50Z	fix/sign-in-error-message-236-636234bf2085c17b	gh-aw-spike-implementer[bot]	gh-aw-spike-implementer[bot]	[implementer] Fix: Show sign-in error message only under password field
36836862160	Hold	pull_request	completed	success	2026-10-01T08:31:40Z	2026-10-01T08:31:40Z	2026-10-01T08:32:21Z	fix/sign-in-error-message-236-636234bf2085c17b	gh-aw-spike-implementer[bot]	gh-aw-spike-implementer[bot]	[implementer] Fix: Show sign-in error message only under password field
36836862302	CI	pull_request	completed	success	2026-10-01T08:31:40Z	2026-10-01T08:31:40Z	2026-10-01T08:33:00Z	fix/sign-in-error-message-236-636234bf2085c17b	gh-aw-spike-implementer[bot]	gh-aw-spike-implementer[bot]	[implementer] Fix: Show sign-in error message only under password field
36836862292	Review #269	pull_request	completed	success	2026-10-01T08:31:40Z	2026-10-01T08:31:40Z	2026-10-01T08:42:50Z	fix/sign-in-error-message-236-636234bf2085c17b	gh-aw-spike-implementer[bot]	gh-aw-spike-implementer[bot]	Review #269
36836846396	Hold	pull_request	completed	success	2026-10-01T08:31:31Z	2026-10-01T08:31:31Z	2026-10-01T08:31:38Z	fix/text-field-error-border-cc52e9a9a182c230	gh-aw-spike-implementer[bot]	gh-aw-spike-implementer[bot]	[implementer] Text field matches the redesigned field components (error border, no inner icon, eye icon)
36836845000	Hold	pull_request	completed	success	2026-10-01T08:31:30Z	2026-10-01T08:31:30Z	2026-10-01T08:31:36Z	fix/text-field-error-border-cc52e9a9a182c230	gh-aw-spike-implementer[bot]	gh-aw-spike-implementer[bot]	[implementer] Text field matches the redesigned field components (error border, no inner icon, eye icon)
36836845081	Conventions	pull_request	completed	success	2026-10-01T08:31:30Z	2026-10-01T08:31:30Z	2026-10-01T08:31:39Z	fix/text-field-error-border-cc52e9a9a182c230	gh-aw-spike-implementer[bot]	gh-aw-spike-implementer[bot]	[implementer] Text field matches the redesigned field components (error border, no inner icon, eye icon)
36836844946	CI	pull_request	completed	success	2026-10-01T08:31:30Z	2026-10-01T08:31:30Z	2026-10-01T08:32:47Z	fix/text-field-error-border-cc52e9a9a182c230	gh-aw-spike-implementer[bot]	gh-aw-spike-implementer[bot]	[implementer] Text field matches the redesigned field components (error border, no inner icon, eye icon)
36836844906	Review #268	pull_request	completed	success	2026-10-01T08:31:30Z	2026-10-01T08:31:30Z	2026-10-01T08:40:46Z	fix/text-field-error-border-cc52e9a9a182c230	gh-aw-spike-implementer[bot]	gh-aw-spike-implementer[bot]	Review #268
36835861323	Implement #255	workflow_dispatch	completed	success	2026-10-01T08:22:16Z	2026-10-01T08:22:16Z	2026-10-01T08:32:50Z	main	github-actions[bot]	github-actions[bot]	Implement #255
36835856399	Implement #236	workflow_dispatch	completed	success	2026-10-01T08:22:13Z	2026-10-01T08:22:13Z	2026-10-01T08:33:15Z	main	github-actions[bot]	github-actions[bot]	Implement #236
36835817702	Dispatcher	workflow_dispatch	completed	success	2026-10-01T08:21:52Z	2026-10-01T08:21:52Z	2026-10-01T08:22:20Z	main	ViktorJT	ViktorJT	Dispatcher
36835792079	Pipeline tests	pull_request	completed	success	2026-10-01T08:21:37Z	2026-10-01T08:21:37Z	2026-10-01T08:22:14Z	see-and-conventions	ViktorJT	ViktorJT	Agents look at a changed screen, and the implementer gets its reviewer's conventions (#247, #249)
36835792021	Release read	pull_request	completed	skipped	2026-10-01T08:21:37Z	2026-10-01T08:21:37Z	2026-10-01T08:21:39Z	see-and-conventions	ViktorJT	ViktorJT	Release read
36835791919	Hold	pull_request	completed	success	2026-10-01T08:21:37Z	2026-10-01T08:21:37Z	2026-10-01T08:21:46Z	see-and-conventions	ViktorJT	ViktorJT	Agents look at a changed screen, and the implementer gets its reviewer's conventions (#247, #249)
36835792104	CI	pull_request	completed	success	2026-10-01T08:21:37Z	2026-10-01T08:21:37Z	2026-10-01T08:22:59Z	see-and-conventions	ViktorJT	ViktorJT	Agents look at a changed screen, and the implementer gets its reviewer's conventions (#247, #249)
36835754327	Config drift	push	completed	success	2026-10-01T08:21:16Z	2026-10-01T08:21:16Z	2026-10-01T08:21:25Z	main	ViktorJT	ViktorJT	Refine: keep earlier Out of scope decisions; index named parts inside…
36835754519	CI	push	completed	success	2026-10-01T08:21:16Z	2026-10-01T08:21:16Z	2026-10-01T08:22:36Z	main	ViktorJT	ViktorJT	Refine: keep earlier Out of scope decisions; index named parts inside…
36834232189	Dispatcher	workflow_run	completed	success	2026-10-01T08:05:55Z	2026-10-01T08:05:55Z	2026-10-01T08:06:12Z	main	ViktorJT	ViktorJT	Dispatcher
36834118422	Dispatcher	workflow_run	completed	success	2026-10-01T08:04:48Z	2026-10-01T08:04:48Z	2026-10-01T08:05:07Z	main	ViktorJT	ViktorJT	Dispatcher
36834072073	Dispatcher	workflow_run	completed	success	2026-10-01T08:04:20Z	2026-10-01T08:04:20Z	2026-10-01T08:04:40Z	main	ViktorJT	ViktorJT	Dispatcher
36833949889	Dispatcher	workflow_run	completed	success	2026-10-01T08:03:07Z	2026-10-01T08:03:07Z	2026-10-01T08:03:28Z	main	ViktorJT	ViktorJT	Dispatcher
36833440630	Refine	workflow_dispatch	completed	success	2026-10-01T07:58:05Z	2026-10-01T07:58:05Z	2026-10-01T08:05:53Z	main	ViktorJT	ViktorJT	Refine
36833437434	Refine	workflow_dispatch	completed	success	2026-10-01T07:58:03Z	2026-10-01T07:58:03Z	2026-10-01T08:04:19Z	main	ViktorJT	ViktorJT	Refine
36833433899	Refine	workflow_dispatch	completed	success	2026-10-01T07:58:01Z	2026-10-01T07:58:01Z	2026-10-01T08:04:45Z	main	ViktorJT	ViktorJT	Refine
36833430389	Refine	workflow_dispatch	completed	success	2026-10-01T07:57:59Z	2026-10-01T07:57:59Z	2026-10-01T08:03:05Z	main	ViktorJT	ViktorJT	Refine
36833385200	Unblock detect	push	completed	success	2026-10-01T07:57:32Z	2026-10-01T07:57:32Z	2026-10-01T07:57:38Z	develop	ViktorJT	ViktorJT	Merge branch 'main' into develop
36833385170	Config drift	push	completed	success	2026-10-01T07:57:32Z	2026-10-01T07:57:32Z	2026-10-01T07:57:38Z	develop	ViktorJT	ViktorJT	Merge branch 'main' into develop
36833385167	Back to refinement	push	completed	success	2026-10-01T07:57:32Z	2026-10-01T07:57:32Z	2026-10-01T07:57:51Z	develop	ViktorJT	ViktorJT	Merge branch 'main' into develop
36833385104	CI	push	completed	success	2026-10-01T07:57:32Z	2026-10-01T07:57:32Z	2026-10-01T07:58:50Z	develop	ViktorJT	ViktorJT	Merge branch 'main' into develop
36833378539	Config drift	push	completed	success	2026-10-01T07:57:28Z	2026-10-01T07:57:28Z	2026-10-01T07:57:37Z	main	ViktorJT	ViktorJT	Refine: allow github-actions to start it (#259)
36833378642	CI	push	completed	success	2026-10-01T07:57:28Z	2026-10-01T07:57:28Z	2026-10-01T07:58:49Z	main	ViktorJT	ViktorJT	Refine: allow github-actions to start it (#259)
36833183781	Refine	workflow_dispatch	completed	success	2026-10-01T07:55:32Z	2026-10-01T07:55:32Z	2026-10-01T07:55:52Z	main	github-actions[bot]	github-actions[bot]	Refine
36833181515	Refine	workflow_dispatch	completed	success	2026-10-01T07:55:31Z	2026-10-01T07:55:31Z	2026-10-01T07:55:51Z	main	github-actions[bot]	github-actions[bot]	Refine
36833179146	Refine	workflow_dispatch	completed	success	2026-10-01T07:55:29Z	2026-10-01T07:55:29Z	2026-10-01T07:55:52Z	main	github-actions[bot]	github-actions[bot]	Refine
36833176973	Refine	workflow_dispatch	completed	success	2026-10-01T07:55:28Z	2026-10-01T07:55:28Z	2026-10-01T07:55:42Z	main	github-actions[bot]	github-actions[bot]	Refine
36833091609	Dispatcher	workflow_run	completed	success	2026-10-01T07:54:38Z	2026-10-01T07:54:38Z	2026-10-01T07:54:57Z	main	ViktorJT	ViktorJT	Dispatcher
36833077175	Merged	pull_request	completed	success	2026-10-01T07:54:29Z	2026-10-01T07:54:29Z	2026-10-01T07:54:36Z	design-consistency-pass	ViktorJT	ViktorJT	Design: consistency pass and contrast fixes
36833076504	Unblock detect	push	completed	success	2026-10-01T07:54:29Z	2026-10-01T07:54:29Z	2026-10-01T07:54:38Z	develop	ViktorJT	ViktorJT	Design: consistency pass and contrast fixes (#263)
36833076530	Back to refinement	push	completed	success	2026-10-01T07:54:29Z	2026-10-01T07:54:29Z	2026-10-01T07:55:35Z	develop	ViktorJT	ViktorJT	Design: consistency pass and contrast fixes (#263)
36833076507	CI	push	completed	success	2026-10-01T07:54:29Z	2026-10-01T07:54:29Z	2026-10-01T07:55:46Z	develop	ViktorJT	ViktorJT	Design: consistency pass and contrast fixes (#263)
36831586240	Hold	pull_request	completed	success	2026-10-01T07:39:26Z	2026-10-01T07:39:26Z	2026-10-01T07:39:31Z	design-consistency-pass	ViktorJT	ViktorJT	Design: consistency pass and contrast fixes
36831586263	Conventions	pull_request	completed	success	2026-10-01T07:39:26Z	2026-10-01T07:39:26Z	2026-10-01T07:39:33Z	design-consistency-pass	ViktorJT	ViktorJT	Design: consistency pass and contrast fixes
36831586259	CI	pull_request	completed	success	2026-10-01T07:39:26Z	2026-10-01T07:39:26Z	2026-10-01T07:40:49Z	design-consistency-pass	ViktorJT	ViktorJT	Design: consistency pass and contrast fixes
36831586260	Review #263	pull_request	completed	success	2026-10-01T07:39:26Z	2026-10-01T07:39:26Z	2026-10-01T07:50:20Z	design-consistency-pass	ViktorJT	ViktorJT	Review #263
36831489137	Unblock detect	push	completed	success	2026-10-01T07:38:25Z	2026-10-01T07:38:25Z	2026-10-01T07:38:31Z	develop	ViktorJT	ViktorJT	Merge branch 'main' into develop
36831489052	Config drift	push	completed	success	2026-10-01T07:38:25Z	2026-10-01T07:38:25Z	2026-10-01T07:38:32Z	develop	ViktorJT	ViktorJT	Merge branch 'main' into develop
36831489055	Back to refinement	push	completed	success	2026-10-01T07:38:25Z	2026-10-01T07:38:25Z	2026-10-01T07:38:38Z	develop	ViktorJT	ViktorJT	Merge branch 'main' into develop
36831489032	CI	push	completed	success	2026-10-01T07:38:25Z	2026-10-01T07:38:25Z	2026-10-01T07:39:57Z	develop	ViktorJT	ViktorJT	Merge branch 'main' into develop
36831465508	Back to refinement	issues	completed	success	2026-10-01T07:38:11Z	2026-10-01T07:38:11Z	2026-10-01T07:38:18Z	main	ViktorJT	ViktorJT	Design changes update the backlog within minutes, through a refiner that sees the design
36831465370	Epic closer	issues	completed	success	2026-10-01T07:38:11Z	2026-10-01T07:38:11Z	2026-10-01T07:38:19Z	main	ViktorJT	ViktorJT	Design changes update the backlog within minutes, through a refiner that sees the design
36831462767	Config drift	push	completed	failure	2026-10-01T07:38:09Z	2026-10-01T07:38:09Z	2026-10-01T07:38:16Z	main	ViktorJT	ViktorJT	Merge pull request #262 from Viktor-Jensen-Torp/design-flow
36831462860	CI	push	completed	success	2026-10-01T07:38:09Z	2026-10-01T07:38:09Z	2026-10-01T07:39:29Z	main	ViktorJT	ViktorJT	Merge pull request #262 from Viktor-Jensen-Torp/design-flow
36831172324	Release read	pull_request	completed	skipped	2026-10-01T07:35:08Z	2026-10-01T07:35:08Z	2026-10-01T07:35:10Z	design-flow	ViktorJT	ViktorJT	Release read
36831172251	Hold	pull_request	completed	success	2026-10-01T07:35:08Z	2026-10-01T07:35:08Z	2026-10-01T07:35:14Z	design-flow	ViktorJT	ViktorJT	Design changes update the backlog at once, through a refiner that sees the design (#259)
36831172364	CI	pull_request	completed	success	2026-10-01T07:35:08Z	2026-10-01T07:35:08Z	2026-10-01T07:36:31Z	design-flow	ViktorJT	ViktorJT	Design changes update the backlog at once, through a refiner that sees the design (#259)
36831172209	Pipeline tests	pull_request	completed	success	2026-10-01T07:35:08Z	2026-10-01T07:35:08Z	2026-10-01T07:35:48Z	design-flow	ViktorJT	ViktorJT	Design changes update the backlog at once, through a refiner that sees the design (#259)
36831122697	Pipeline tests	pull_request	completed	success	2026-10-01T07:34:38Z	2026-10-01T07:34:38Z	2026-10-01T07:35:19Z	design-flow	ViktorJT	ViktorJT	Design changes update the backlog at once, through a refiner that sees the design (#259)
36831122650	Release read	pull_request	completed	skipped	2026-10-01T07:34:38Z	2026-10-01T07:34:38Z	2026-10-01T07:34:39Z	design-flow	ViktorJT	ViktorJT	Release read
36831122748	Hold	pull_request	completed	success	2026-10-01T07:34:38Z	2026-10-01T07:34:38Z	2026-10-01T07:34:44Z	design-flow	ViktorJT	ViktorJT	Design changes update the backlog at once, through a refiner that sees the design (#259)
36831122678	CI	pull_request	completed	success	2026-10-01T07:34:38Z	2026-10-01T07:34:38Z	2026-10-01T07:35:48Z	design-flow	ViktorJT	ViktorJT	Design changes update the backlog at once, through a refiner that sees the design (#259)
36830336153	Unblock detect	push	completed	success	2026-10-01T07:26:32Z	2026-10-01T07:26:32Z	2026-10-01T07:26:38Z	develop	ViktorJT	ViktorJT	Merge branch 'main' into develop
36830336168	Back to refinement	push	completed	success	2026-10-01T07:26:32Z	2026-10-01T07:26:32Z	2026-10-01T07:26:45Z	develop	ViktorJT	ViktorJT	Merge branch 'main' into develop
36830336200	Config drift	push	completed	success	2026-10-01T07:26:32Z	2026-10-01T07:26:32Z	2026-10-01T07:26:42Z	develop	ViktorJT	ViktorJT	Merge branch 'main' into develop
36830336120	CI	push	completed	success	2026-10-01T07:26:32Z	2026-10-01T07:26:32Z	2026-10-01T07:27:55Z	develop	ViktorJT	ViktorJT	Merge branch 'main' into develop
36830316660	Back to refinement	issues	completed	success	2026-10-01T07:26:20Z	2026-10-01T07:26:20Z	2026-10-01T07:26:27Z	main	ViktorJT	ViktorJT	Pi guard: no stray verify.sh advice; accept the review data shape it asks for
36830316732	Epic closer	issues	completed	success	2026-10-01T07:26:20Z	2026-10-01T07:26:20Z	2026-10-01T07:26:28Z	main	ViktorJT	ViktorJT	Pi guard: no stray verify.sh advice; accept the review data shape it asks for
36830314845	Config drift	push	completed	failure	2026-10-01T07:26:18Z	2026-10-01T07:26:18Z	2026-10-01T07:26:28Z	main	ViktorJT	ViktorJT	Merge pull request #261 from Viktor-Jensen-Torp/quick-fixes
36830314800	CI	push	completed	success	2026-10-01T07:26:18Z	2026-10-01T07:26:18Z	2026-10-01T07:27:33Z	main	ViktorJT	ViktorJT	Merge pull request #261 from Viktor-Jensen-Torp/quick-fixes
36830206235	Hold	pull_request	completed	success	2026-10-01T07:25:11Z	2026-10-01T07:25:11Z	2026-10-01T07:25:18Z	quick-fixes	ViktorJT	ViktorJT	Quick fixes from the log review: guard, cited lines, aw_context, strike labels, Relate
36830206351	Release read	pull_request	completed	skipped	2026-10-01T07:25:11Z	2026-10-01T07:25:11Z	2026-10-01T07:25:13Z	quick-fixes	ViktorJT	ViktorJT	Release read
36830206409	Pipeline tests	pull_request	completed	success	2026-10-01T07:25:11Z	2026-10-01T07:25:11Z	2026-10-01T07:25:52Z	quick-fixes	ViktorJT	ViktorJT	Quick fixes from the log review: guard, cited lines, aw_context, strike labels, Relate
36830206372	CI	pull_request	completed	success	2026-10-01T07:25:11Z	2026-10-01T07:25:11Z	2026-10-01T07:26:44Z	quick-fixes	ViktorJT	ViktorJT	Quick fixes from the log review: guard, cited lines, aw_context, strike labels, Relate
36829627544	Release read	pull_request	completed	skipped	2026-10-01T07:19:07Z	2026-10-01T07:19:07Z	2026-10-01T07:19:09Z	quick-fixes	ViktorJT	ViktorJT	Release read
36829627583	Hold	pull_request	completed	success	2026-10-01T07:19:07Z	2026-10-01T07:19:07Z	2026-10-01T07:19:14Z	quick-fixes	ViktorJT	ViktorJT	Quick fixes from the log review: guard, cited lines, aw_context, strike labels, Relate
36829627653	Pipeline tests	pull_request	completed	success	2026-10-01T07:19:07Z	2026-10-01T07:19:07Z	2026-10-01T07:19:55Z	quick-fixes	ViktorJT	ViktorJT	Quick fixes from the log review: guard, cited lines, aw_context, strike labels, Relate
36829627615	CI	pull_request	completed	success	2026-10-01T07:19:07Z	2026-10-01T07:19:07Z	2026-10-01T07:20:30Z	quick-fixes	ViktorJT	ViktorJT	Quick fixes from the log review: guard, cited lines, aw_context, strike labels, Relate
36825597669	Dispatcher	schedule	completed	success	2026-10-01T06:35:37Z	2026-10-01T06:35:37Z	2026-10-01T06:35:55Z	main	ViktorJT	ViktorJT	Dispatcher
36824862254	Agentic Maintenance	schedule	completed	success	2026-10-01T06:27:24Z	2026-10-01T06:27:24Z	2026-10-01T06:27:59Z	main	ViktorJT	ViktorJT	Agentic Maintenance
36817865132	Sweeper	schedule	completed	success	2026-10-01T05:01:58Z	2026-10-01T05:01:58Z	2026-10-01T05:02:27Z	main	ViktorJT	ViktorJT	Sweeper
36804782681	What needs you	schedule	completed	success	2026-10-01T02:13:07Z	2026-10-01T02:13:07Z	2026-10-01T02:13:33Z	main	ViktorJT	ViktorJT	What needs you
36796942952	Dispatcher	schedule	completed	success	2026-10-01T00:35:33Z	2026-10-01T00:35:33Z	2026-10-01T00:35:53Z	main	ViktorJT	ViktorJT	Dispatcher
36792762638	Dispatcher	workflow_run	completed	success	2026-09-30T23:45:53Z	2026-09-30T23:45:53Z	2026-09-30T23:46:35Z	main	gh-aw-spike-implementer[bot]	gh-aw-spike-implementer[bot]	Dispatcher
36792746039	Merged	pull_request	completed	success	2026-09-30T23:45:42Z	2026-09-30T23:45:42Z	2026-09-30T23:45:51Z	fix/authcard-storybook-imports-563894060ba352e7	gh-aw-spike-implementer[bot]	gh-aw-spike-implementer[bot]	[implementer] Fix AuthCard stories to render in Storybook
36792743589	Back to refinement	push	completed	skipped	2026-09-30T23:45:40Z	2026-09-30T23:45:40Z	2026-09-30T23:45:41Z	develop	github-merge-queue[bot]	github-merge-queue[bot]	[implementer] Fix AuthCard stories to render in Storybook (#242)
36792743553	Unblock detect	push	completed	success	2026-09-30T23:45:40Z	2026-09-30T23:45:40Z	2026-09-30T23:45:48Z	develop	github-merge-queue[bot]	github-merge-queue[bot]	[implementer] Fix AuthCard stories to render in Storybook (#242)
36792743564	CI	push	completed	success	2026-09-30T23:45:40Z	2026-09-30T23:45:40Z	2026-09-30T23:47:11Z	develop	github-merge-queue[bot]	github-merge-queue[bot]	[implementer] Fix AuthCard stories to render in Storybook (#242)
36792592361	Conventions	merge_group	completed	success	2026-09-30T23:43:56Z	2026-09-30T23:43:56Z	2026-09-30T23:44:04Z	gh-readonly-queue/develop/pr-242-2e0965701a3caf3dc165fb63cf6d8c5e6496e46d	gh-aw-spike-implementer[bot]	gh-aw-spike-implementer[bot]	Conventions
36792592376	Merge group gate	merge_group	completed	success	2026-09-30T23:43:56Z	2026-09-30T23:43:56Z	2026-09-30T23:44:07Z	gh-readonly-queue/develop/pr-242-2e0965701a3caf3dc165fb63cf6d8c5e6496e46d	gh-aw-spike-implementer[bot]	gh-aw-spike-implementer[bot]	Merge group gate
36792592380	CI	merge_group	completed	success	2026-09-30T23:43:56Z	2026-09-30T23:43:56Z	2026-09-30T23:45:07Z	gh-readonly-queue/develop/pr-242-2e0965701a3caf3dc165fb63cf6d8c5e6496e46d	gh-aw-spike-implementer[bot]	gh-aw-spike-implementer[bot]	CI
36791820617	Review #242	workflow_dispatch	completed	success	2026-09-30T23:34:56Z	2026-09-30T23:34:56Z	2026-09-30T23:45:00Z	main	github-actions[bot]	github-actions[bot]	Review #242
36791794196	Sweeper	schedule	completed	success	2026-09-30T23:34:36Z	2026-09-30T23:34:36Z	2026-09-30T23:35:16Z	main	ViktorJT	ViktorJT	Sweeper
36789183833	What needs you	schedule	completed	success	2026-09-30T23:05:02Z	2026-09-30T23:05:02Z	2026-09-30T23:05:30Z	main	ViktorJT	ViktorJT	What needs you
36775506524	Dispatcher	schedule	completed	success	2026-09-30T20:51:07Z	2026-09-30T20:51:07Z	2026-09-30T20:51:39Z	main	ViktorJT	ViktorJT	Dispatcher
36772978631	Back to refinement	push	completed	success	2026-09-30T20:29:24Z	2026-09-30T20:29:24Z	2026-09-30T20:29:35Z	develop	ViktorJT	ViktorJT	Merge branch 'main' into develop
36772978793	Config drift	push	completed	success	2026-09-30T20:29:24Z	2026-09-30T20:29:24Z	2026-09-30T20:29:33Z	develop	ViktorJT	ViktorJT	Merge branch 'main' into develop
36772978826	Unblock detect	push	completed	success	2026-09-30T20:29:24Z	2026-09-30T20:29:24Z	2026-09-30T20:29:38Z	develop	ViktorJT	ViktorJT	Merge branch 'main' into develop
36772978685	CI	push	completed	success	2026-09-30T20:29:24Z	2026-09-30T20:29:24Z	2026-09-30T20:35:24Z	develop	ViktorJT	ViktorJT	Merge branch 'main' into develop
36772969224	Config drift	push	completed	success	2026-09-30T20:29:19Z	2026-09-30T20:29:19Z	2026-09-30T20:29:26Z	main	ViktorJT	ViktorJT	Back to refinement: react to pushes to develop only
36772969216	CI	push	completed	success	2026-09-30T20:29:19Z	2026-09-30T20:29:19Z	2026-09-30T20:30:19Z	main	ViktorJT	ViktorJT	Back to refinement: react to pushes to develop only
36772950561	Config drift	push	completed	failure	2026-09-30T20:29:10Z	2026-09-30T20:29:10Z	2026-09-30T20:29:18Z	main	ViktorJT	ViktorJT	Merge pull request #243 from Viktor-Jensen-Torp/scope-and-details
36772951475	Epic closer	issues	completed	success	2026-09-30T20:29:10Z	2026-09-30T20:29:10Z	2026-09-30T20:29:18Z	main	ViktorJT	ViktorJT	Keep implementing agents inside their issue's scope (#211)
36772951698	Back to refinement	issues	completed	success	2026-09-30T20:29:10Z	2026-09-30T20:29:10Z	2026-09-30T20:29:18Z	main	ViktorJT	ViktorJT	Keep implementing agents inside their issue's scope (#211)
36772950482	Back to refinement	push	completed	success	2026-09-30T20:29:10Z	2026-09-30T20:29:10Z	2026-09-30T20:29:22Z	main	ViktorJT	ViktorJT	Merge pull request #243 from Viktor-Jensen-Torp/scope-and-details
36772950505	CI	push	completed	success	2026-09-30T20:29:10Z	2026-09-30T20:29:10Z	2026-09-30T20:30:10Z	main	ViktorJT	ViktorJT	Merge pull request #243 from Viktor-Jensen-Torp/scope-and-details
36772462862	Pipeline tests	pull_request	completed	success	2026-09-30T20:24:59Z	2026-09-30T20:24:59Z	2026-09-30T20:25:33Z	scope-and-details	ViktorJT	ViktorJT	Out of scope names neighbours; review checks Details and what a change adds (#227, #235)
36772462716	Hold	pull_request	completed	success	2026-09-30T20:24:59Z	2026-09-30T20:24:59Z	2026-09-30T20:25:07Z	scope-and-details	ViktorJT	ViktorJT	Out of scope names neighbours; review checks Details and what a change adds (#227, #235)
36772462796	Release read	pull_request	completed	skipped	2026-09-30T20:24:59Z	2026-09-30T20:24:59Z	2026-09-30T20:25:01Z	scope-and-details	ViktorJT	ViktorJT	Release read
36772462794	CI	pull_request	completed	success	2026-09-30T20:24:59Z	2026-09-30T20:24:59Z	2026-09-30T20:26:20Z	scope-and-details	ViktorJT	ViktorJT	Out of scope names neighbours; review checks Details and what a change adds (#227, #235)
36769777519	Hold	pull_request	completed	success	2026-09-30T20:02:02Z	2026-09-30T20:02:02Z	2026-09-30T20:02:08Z	fix/authcard-storybook-imports-563894060ba352e7	gh-aw-spike-implementer[bot]	gh-aw-spike-implementer[bot]	[implementer] Fix AuthCard stories to render in Storybook
36769777759	Hold	pull_request	completed	success	2026-09-30T20:02:02Z	2026-09-30T20:02:02Z	2026-09-30T20:02:10Z	fix/authcard-storybook-imports-563894060ba352e7	gh-aw-spike-implementer[bot]	gh-aw-spike-implementer[bot]	[implementer] Fix AuthCard stories to render in Storybook
36769777831	Conventions	pull_request	completed	success	2026-09-30T20:02:02Z	2026-09-30T20:02:02Z	2026-09-30T20:02:12Z	fix/authcard-storybook-imports-563894060ba352e7	gh-aw-spike-implementer[bot]	gh-aw-spike-implementer[bot]	[implementer] Fix AuthCard stories to render in Storybook
36769777774	CI	pull_request	completed	success	2026-09-30T20:02:02Z	2026-09-30T20:02:02Z	2026-09-30T20:03:25Z	fix/authcard-storybook-imports-563894060ba352e7	gh-aw-spike-implementer[bot]	gh-aw-spike-implementer[bot]	[implementer] Fix AuthCard stories to render in Storybook
36769777819	Review #242	pull_request	completed	success	2026-09-30T20:02:02Z	2026-09-30T20:02:02Z	2026-09-30T20:03:53Z	fix/authcard-storybook-imports-563894060ba352e7	gh-aw-spike-implementer[bot]	gh-aw-spike-implementer[bot]	Review #242
36768653340	Implement #237	workflow_dispatch	completed	success	2026-09-30T19:52:13Z	2026-09-30T19:52:13Z	2026-09-30T20:04:02Z	main	github-actions[bot]	github-actions[bot]	Implement #237
36768571876	Dispatcher	workflow_dispatch	completed	success	2026-09-30T19:51:31Z	2026-09-30T19:51:31Z	2026-09-30T19:52:18Z	main	ViktorJT	ViktorJT	Dispatcher
36768440457	Config drift	push	completed	success	2026-09-30T19:50:23Z	2026-09-30T19:50:23Z	2026-09-30T19:50:31Z	develop	ViktorJT	ViktorJT	Merge branch 'main' into develop
36768440505	Unblock detect	push	completed	success	2026-09-30T19:50:23Z	2026-09-30T19:50:23Z	2026-09-30T19:50:32Z	develop	ViktorJT	ViktorJT	Merge branch 'main' into develop
36768440508	Back to refinement	push	completed	success	2026-09-30T19:50:23Z	2026-09-30T19:50:23Z	2026-09-30T19:50:34Z	develop	ViktorJT	ViktorJT	Merge branch 'main' into develop
36768440451	CI	push	completed	success	2026-09-30T19:50:23Z	2026-09-30T19:50:23Z	2026-09-30T19:51:50Z	develop	ViktorJT	ViktorJT	Merge branch 'main' into develop
36768217581	Back to refinement	issues	completed	success	2026-09-30T19:48:25Z	2026-09-30T19:48:25Z	2026-09-30T19:48:31Z	main	ViktorJT	ViktorJT	Upgrade gh-aw from v0.88.7 to v0.89.21
36768217454	Epic closer	issues	completed	success	2026-09-30T19:48:25Z	2026-09-30T19:48:25Z	2026-09-30T19:48:32Z	main	ViktorJT	ViktorJT	Upgrade gh-aw from v0.88.7 to v0.89.21
36768215653	Config drift	push	completed	failure	2026-09-30T19:48:24Z	2026-09-30T19:48:24Z	2026-09-30T19:48:32Z	main	ViktorJT	ViktorJT	Merge pull request #239 from Viktor-Jensen-Torp/gh-aw-0.89.21
36768215696	Back to refinement	push	completed	success	2026-09-30T19:48:24Z	2026-09-30T19:48:24Z	2026-09-30T19:48:37Z	main	ViktorJT	ViktorJT	Merge pull request #239 from Viktor-Jensen-Torp/gh-aw-0.89.21
36768215648	CI	push	completed	success	2026-09-30T19:48:24Z	2026-09-30T19:48:24Z	2026-09-30T19:50:22Z	main	ViktorJT	ViktorJT	Merge pull request #239 from Viktor-Jensen-Torp/gh-aw-0.89.21
36766619812	Sweeper	schedule	completed	success	2026-09-30T19:34:31Z	2026-09-30T19:34:31Z	2026-09-30T19:34:57Z	main	ViktorJT	ViktorJT	Sweeper
36766053960	Hold	pull_request	completed	success	2026-09-30T19:29:40Z	2026-09-30T19:29:40Z	2026-09-30T19:29:47Z	gh-aw-0.89.21	ViktorJT	ViktorJT	Upgrade gh-aw from v0.88.7 to v0.89.21 (#163)
36766053890	Release read	pull_request	completed	skipped	2026-09-30T19:29:40Z	2026-09-30T19:29:40Z	2026-09-30T19:29:42Z	gh-aw-0.89.21	ViktorJT	ViktorJT	Release read
36766053813	Pipeline tests	pull_request	completed	success	2026-09-30T19:29:40Z	2026-09-30T19:29:40Z	2026-09-30T19:30:15Z	gh-aw-0.89.21	ViktorJT	ViktorJT	Upgrade gh-aw from v0.88.7 to v0.89.21 (#163)
36766053936	CI	pull_request	completed	success	2026-09-30T19:29:40Z	2026-09-30T19:29:40Z	2026-09-30T19:31:09Z	gh-aw-0.89.21	ViktorJT	ViktorJT	Upgrade gh-aw from v0.88.7 to v0.89.21 (#163)
36762495467	Epic closer	issues	completed	success	2026-09-30T18:59:26Z	2026-09-30T18:59:26Z	2026-09-30T18:59:31Z	main	ViktorJT	ViktorJT	User menu and sign out
36762495179	Epic closer	issues	completed	success	2026-09-30T18:59:26Z	2026-09-30T18:59:26Z	2026-09-30T18:59:32Z	main	ViktorJT	ViktorJT	Sign in, and keep signed-out people out
36762495232	Back to refinement	issues	completed	success	2026-09-30T18:59:26Z	2026-09-30T18:59:26Z	2026-09-30T18:59:33Z	main	ViktorJT	ViktorJT	Sign in, and keep signed-out people out
36762495284	Back to refinement	issues	completed	success	2026-09-30T18:59:26Z	2026-09-30T18:59:26Z	2026-09-30T18:59:33Z	main	ViktorJT	ViktorJT	User menu and sign out
36762493380	Epic closer	issues	completed	success	2026-09-30T18:59:25Z	2026-09-30T18:59:25Z	2026-09-30T18:59:34Z	main	ViktorJT	ViktorJT	Auth card: the frame every sign-in and sign-up screen sits in
36762493438	Back to refinement	issues	completed	success	2026-09-30T18:59:25Z	2026-09-30T18:59:25Z	2026-09-30T18:59:34Z	main	ViktorJT	ViktorJT	Auth card: the frame every sign-in and sign-up screen sits in
36762491247	Back to refinement	issues	completed	success	2026-09-30T18:59:24Z	2026-09-30T18:59:24Z	2026-09-30T18:59:30Z	main	ViktorJT	ViktorJT	Avatar: a person's initials, for a user and for an assignee
36762492348	Back to refinement	issues	completed	success	2026-09-30T18:59:24Z	2026-09-30T18:59:24Z	2026-09-30T18:59:31Z	main	ViktorJT	ViktorJT	Menu: a pop-up menu with a header, items, dividers and a danger item
36762492488	Epic closer	issues	completed	success	2026-09-30T18:59:24Z	2026-09-30T18:59:24Z	2026-09-30T18:59:32Z	main	ViktorJT	ViktorJT	Menu: a pop-up menu with a header, items, dividers and a danger item
36762490236	Back to refinement	issues	completed	success	2026-09-30T18:59:23Z	2026-09-30T18:59:23Z	2026-09-30T18:59:31Z	main	ViktorJT	ViktorJT	Sign up
36762490372	Epic closer	issues	completed	success	2026-09-30T18:59:23Z	2026-09-30T18:59:23Z	2026-09-30T18:59:31Z	main	ViktorJT	ViktorJT	Brand: the Tempo mark and name
36762489470	Back to refinement	issues	completed	success	2026-09-30T18:59:23Z	2026-09-30T18:59:23Z	2026-09-30T18:59:32Z	main	ViktorJT	ViktorJT	User card: the signed-in person at the foot of the sidebar
36762491065	Epic closer	issues	completed	success	2026-09-30T18:59:23Z	2026-09-30T18:59:23Z	2026-09-30T18:59:32Z	main	ViktorJT	ViktorJT	Avatar: a person's initials, for a user and for an assignee
36762490381	Back to refinement	issues	completed	success	2026-09-30T18:59:23Z	2026-09-30T18:59:23Z	2026-09-30T18:59:33Z	main	ViktorJT	ViktorJT	Brand: the Tempo mark and name
36762489471	Epic closer	issues	completed	success	2026-09-30T18:59:23Z	2026-09-30T18:59:23Z	2026-09-30T18:59:33Z	main	ViktorJT	ViktorJT	User card: the signed-in person at the foot of the sidebar
36762489936	Epic closer	issues	completed	success	2026-09-30T18:59:23Z	2026-09-30T18:59:23Z	2026-09-30T18:59:33Z	main	ViktorJT	ViktorJT	Sign up
36762487963	Back to refinement	issues	completed	success	2026-09-30T18:59:22Z	2026-09-30T18:59:22Z	2026-09-30T18:59:30Z	main	ViktorJT	ViktorJT	Accounts and sessions in the API
36762488708	Back to refinement	issues	completed	success	2026-09-30T18:59:22Z	2026-09-30T18:59:22Z	2026-09-30T18:59:30Z	main	ViktorJT	ViktorJT	Button, in every variant the design has
36762488700	Epic closer	issues	completed	success	2026-09-30T18:59:22Z	2026-09-30T18:59:22Z	2026-09-30T18:59:33Z	main	ViktorJT	ViktorJT	Button, in every variant the design has
36762488088	Epic closer	issues	completed	success	2026-09-30T18:59:22Z	2026-09-30T18:59:22Z	2026-09-30T18:59:34Z	main	ViktorJT	ViktorJT	Accounts and sessions in the API
36762486345	Epic closer	issues	completed	failure	2026-09-30T18:59:21Z	2026-09-30T18:59:21Z	2026-09-30T18:59:32Z	main	ViktorJT	ViktorJT	Text field, with its label link, hint, password toggle and error
36762487333	Back to refinement	issues	completed	success	2026-09-30T18:59:21Z	2026-09-30T18:59:21Z	2026-09-30T18:59:30Z	main	ViktorJT	ViktorJT	Theme tokens for every design colour
36762487345	Epic closer	issues	completed	success	2026-09-30T18:59:21Z	2026-09-30T18:59:21Z	2026-09-30T18:59:33Z	main	ViktorJT	ViktorJT	Theme tokens for every design colour
36762486420	Back to refinement	issues	completed	success	2026-09-30T18:59:21Z	2026-09-30T18:59:21Z	2026-09-30T19:00:07Z	main	ViktorJT	ViktorJT	Text field, with its label link, hint, password toggle and error
36762484824	Back to refinement	push	completed	success	2026-09-30T18:59:20Z	2026-09-30T18:59:20Z	2026-09-30T19:00:43Z	main	ViktorJT	ViktorJT	Merge pull request #238 from Viktor-Jensen-Torp/develop
36762484934	CI	push	completed	success	2026-09-30T18:59:20Z	2026-09-30T18:59:20Z	2026-09-30T19:07:09Z	main	ViktorJT	ViktorJT	Merge pull request #238 from Viktor-Jensen-Torp/develop
36761748816	Hold	pull_request	completed	success	2026-09-30T18:53:04Z	2026-09-30T18:53:04Z	2026-09-30T18:53:10Z	develop	gh-aw-spike-reviewer[bot]	gh-aw-spike-reviewer[bot]	Release 2026-09-30
36761748887	CI	pull_request	completed	success	2026-09-30T18:53:04Z	2026-09-30T18:53:04Z	2026-09-30T18:54:26Z	develop	gh-aw-spike-reviewer[bot]	gh-aw-spike-reviewer[bot]	Release 2026-09-30
36761749118	Release read	pull_request	completed	success	2026-09-30T18:53:04Z	2026-09-30T18:53:04Z	2026-09-30T18:57:56Z	develop	gh-aw-spike-reviewer[bot]	gh-aw-spike-reviewer[bot]	Release read
36761711891	Release	workflow_dispatch	completed	success	2026-09-30T18:52:45Z	2026-09-30T18:52:45Z	2026-09-30T18:53:04Z	main	ViktorJT	ViktorJT	Release
36758855241	What needs you	schedule	completed	success	2026-09-30T18:28:43Z	2026-09-30T18:28:43Z	2026-09-30T18:29:05Z	main	ViktorJT	ViktorJT	What needs you
36740675709	Dispatcher	schedule	completed	success	2026-09-30T15:57:38Z	2026-09-30T15:57:38Z	2026-09-30T15:58:17Z	main	ViktorJT	ViktorJT	Dispatcher
36736834664	Dispatcher	workflow_run	completed	success	2026-09-30T15:27:10Z	2026-09-30T15:27:10Z	2026-09-30T15:27:43Z	main	gh-aw-spike-implementer[bot]	gh-aw-spike-implementer[bot]	Dispatcher
36736808933	Merged	pull_request	completed	success	2026-09-30T15:26:59Z	2026-09-30T15:26:59Z	2026-09-30T15:27:08Z	issue-178-user-menu-8f9d1ee31e64c8bf	gh-aw-spike-implementer[bot]	gh-aw-spike-implementer[bot]	[implementer] Issue 178: Add user menu with sign-out
36736805008	Back to refinement	push	completed	skipped	2026-09-30T15:26:57Z	2026-09-30T15:26:57Z	2026-09-30T15:26:58Z	develop	github-merge-queue[bot]	github-merge-queue[bot]	[implementer] Issue 178: Add user menu with sign-out (#234)
36736805056	Unblock detect	push	completed	success	2026-09-30T15:26:57Z	2026-09-30T15:26:57Z	2026-09-30T15:27:03Z	develop	github-merge-queue[bot]	github-merge-queue[bot]	[implementer] Issue 178: Add user menu with sign-out (#234)
36736805131	CI	push	completed	success	2026-09-30T15:26:57Z	2026-09-30T15:26:57Z	2026-09-30T15:28:04Z	develop	github-merge-queue[bot]	github-merge-queue[bot]	[implementer] Issue 178: Add user menu with sign-out (#234)
36736539488	CI	merge_group	completed	success	2026-09-30T15:24:51Z	2026-09-30T15:24:51Z	2026-09-30T15:26:23Z	gh-readonly-queue/develop/pr-234-715fb2b38a4292a9308a990ceaf3db401ef1b32e	gh-aw-spike-implementer[bot]	gh-aw-spike-implementer[bot]	CI
36736539559	Conventions	merge_group	completed	success	2026-09-30T15:24:51Z	2026-09-30T15:24:51Z	2026-09-30T15:25:02Z	gh-readonly-queue/develop/pr-234-715fb2b38a4292a9308a990ceaf3db401ef1b32e	gh-aw-spike-implementer[bot]	gh-aw-spike-implementer[bot]	Conventions
36736539567	Merge group gate	merge_group	completed	success	2026-09-30T15:24:51Z	2026-09-30T15:24:51Z	2026-09-30T15:25:04Z	gh-readonly-queue/develop/pr-234-715fb2b38a4292a9308a990ceaf3db401ef1b32e	gh-aw-spike-implementer[bot]	gh-aw-spike-implementer[bot]	Merge group gate
36735335575	Hold	pull_request	completed	success	2026-09-30T15:15:28Z	2026-09-30T15:15:28Z	2026-09-30T15:15:35Z	issue-178-user-menu-8f9d1ee31e64c8bf	gh-aw-spike-implementer[bot]	gh-aw-spike-implementer[bot]	[implementer] Issue 178: Add user menu with sign-out
36735334320	Review #234	pull_request	completed	success	2026-09-30T15:15:27Z	2026-09-30T15:15:27Z	2026-09-30T15:24:27Z	issue-178-user-menu-8f9d1ee31e64c8bf	gh-aw-spike-implementer[bot]	gh-aw-spike-implementer[bot]	Review #234
36735334634	Hold	pull_request	completed	success	2026-09-30T15:15:27Z	2026-09-30T15:15:27Z	2026-09-30T15:15:34Z	issue-178-user-menu-8f9d1ee31e64c8bf	gh-aw-spike-implementer[bot]	gh-aw-spike-implementer[bot]	[implementer] Issue 178: Add user menu with sign-out
36735334565	Conventions	pull_request	completed	success	2026-09-30T15:15:27Z	2026-09-30T15:15:27Z	2026-09-30T15:15:35Z	issue-178-user-menu-8f9d1ee31e64c8bf	gh-aw-spike-implementer[bot]	gh-aw-spike-implementer[bot]	[implementer] Issue 178: Add user menu with sign-out
36735334591	CI	pull_request	completed	success	2026-09-30T15:15:27Z	2026-09-30T15:15:27Z	2026-09-30T15:16:58Z	issue-178-user-menu-8f9d1ee31e64c8bf	gh-aw-spike-implementer[bot]	gh-aw-spike-implementer[bot]	[implementer] Issue 178: Add user menu with sign-out
36733671337	Implement #178	workflow_dispatch	completed	success	2026-09-30T15:02:20Z	2026-09-30T15:02:20Z	2026-09-30T15:16:46Z	main	github-actions[bot]	github-actions[bot]	Implement #178
36733582129	Dispatcher	workflow_run	completed	success	2026-09-30T15:01:38Z	2026-09-30T15:01:38Z	2026-09-30T15:02:25Z	main	ViktorJT	ViktorJT	Dispatcher
36732579456	Relate	schedule	completed	success	2026-09-30T14:53:52Z	2026-09-30T14:53:52Z	2026-09-30T15:01:36Z	main	ViktorJT	ViktorJT	Relate
36726681245	Sweeper	schedule	completed	success	2026-09-30T14:07:10Z	2026-09-30T14:07:10Z	2026-09-30T14:07:45Z	main	ViktorJT	ViktorJT	Sweeper
36716994360	What needs you	schedule	completed	success	2026-09-30T12:46:48Z	2026-09-30T12:46:48Z	2026-09-30T12:47:10Z	main	ViktorJT	ViktorJT	What needs you
36715442693	Config drift	schedule	completed	success	2026-09-30T12:32:52Z	2026-09-30T12:32:52Z	2026-09-30T12:33:00Z	main	ViktorJT	ViktorJT	Config drift
36711432218	Implement #178	workflow_dispatch	completed	failure	2026-09-30T11:54:38Z	2026-09-30T11:54:38Z	2026-09-30T12:10:55Z	main	github-actions[bot]	github-actions[bot]	Implement #178
36711377176	Dispatcher	workflow_run	completed	success	2026-09-30T11:54:06Z	2026-09-30T11:54:06Z	2026-09-30T11:54:42Z	main	gh-aw-spike-implementer[bot]	gh-aw-spike-implementer[bot]	Dispatcher
36711308609	Unblock detect	push	completed	success	2026-09-30T11:53:26Z	2026-09-30T11:53:26Z	2026-09-30T11:53:35Z	develop	github-merge-queue[bot]	github-merge-queue[bot]	[implementer] Implement sign-in screen and authentication (#232)
36711308675	Back to refinement	push	completed	skipped	2026-09-30T11:53:26Z	2026-09-30T11:53:26Z	2026-09-30T11:53:27Z	develop	github-merge-queue[bot]	github-merge-queue[bot]	[implementer] Implement sign-in screen and authentication (#232)
36711308676	CI	push	completed	success	2026-09-30T11:53:26Z	2026-09-30T11:53:26Z	2026-09-30T11:54:39Z	develop	github-merge-queue[bot]	github-merge-queue[bot]	[implementer] Implement sign-in screen and authentication (#232)
36711304318	Merged	pull_request	completed	success	2026-09-30T11:53:24Z	2026-09-30T11:53:24Z	2026-09-30T11:54:03Z	implement-sign-in-a711325d496d4d99	gh-aw-spike-implementer[bot]	gh-aw-spike-implementer[bot]	[implementer] Implement sign-in screen and authentication
36711117029	Merge group gate	merge_group	completed	success	2026-09-30T11:51:35Z	2026-09-30T11:51:35Z	2026-09-30T11:51:43Z	gh-readonly-queue/develop/pr-232-f5102960f885633c36c601b7555c560edde0b870	gh-aw-spike-implementer[bot]	gh-aw-spike-implementer[bot]	Merge group gate
36711117090	Conventions	merge_group	completed	success	2026-09-30T11:51:35Z	2026-09-30T11:51:35Z	2026-09-30T11:51:43Z	gh-readonly-queue/develop/pr-232-f5102960f885633c36c601b7555c560edde0b870	gh-aw-spike-implementer[bot]	gh-aw-spike-implementer[bot]	Conventions
36711117119	CI	merge_group	completed	success	2026-09-30T11:51:35Z	2026-09-30T11:51:35Z	2026-09-30T11:52:48Z	gh-readonly-queue/develop/pr-232-f5102960f885633c36c601b7555c560edde0b870	gh-aw-spike-implementer[bot]	gh-aw-spike-implementer[bot]	CI
36710355439	Hold	pull_request	completed	success	2026-09-30T11:44:07Z	2026-09-30T11:44:07Z	2026-09-30T11:44:14Z	implement-sign-in-a711325d496d4d99	gh-aw-spike-implementer[bot]	gh-aw-spike-implementer[bot]	[implementer] Implement sign-in screen and authentication
36710355171	Hold	pull_request	completed	success	2026-09-30T11:44:07Z	2026-09-30T11:44:07Z	2026-09-30T11:44:13Z	implement-sign-in-a711325d496d4d99	gh-aw-spike-implementer[bot]	gh-aw-spike-implementer[bot]	[implementer] Implement sign-in screen and authentication
36710354765	Review #232	pull_request	completed	success	2026-09-30T11:44:06Z	2026-09-30T11:44:06Z	2026-09-30T11:53:14Z	implement-sign-in-a711325d496d4d99	gh-aw-spike-implementer[bot]	gh-aw-spike-implementer[bot]	Review #232
36710354948	Conventions	pull_request	completed	success	2026-09-30T11:44:06Z	2026-09-30T11:44:06Z	2026-09-30T11:44:16Z	implement-sign-in-a711325d496d4d99	gh-aw-spike-implementer[bot]	gh-aw-spike-implementer[bot]	[implementer] Implement sign-in screen and authentication
36710354812	CI	pull_request	completed	success	2026-09-30T11:44:06Z	2026-09-30T11:44:06Z	2026-09-30T11:45:28Z	implement-sign-in-a711325d496d4d99	gh-aw-spike-implementer[bot]	gh-aw-spike-implementer[bot]	[implementer] Implement sign-in screen and authentication
36709142468	Implement #177	workflow_dispatch	completed	success	2026-09-30T11:32:11Z	2026-09-30T11:32:11Z	2026-09-30T11:45:16Z	main	github-actions[bot]	github-actions[bot]	Implement #177
36709086144	Dispatcher	workflow_dispatch	completed	success	2026-09-30T11:31:37Z	2026-09-30T11:31:37Z	2026-09-30T11:32:15Z	main	ViktorJT	ViktorJT	Dispatcher
36709059434	Unblock detect	push	completed	success	2026-09-30T11:31:21Z	2026-09-30T11:31:21Z	2026-09-30T11:31:27Z	develop	ViktorJT	ViktorJT	Merge branch 'main' into develop
36709059324	Config drift	push	completed	success	2026-09-30T11:31:21Z	2026-09-30T11:31:21Z	2026-09-30T11:31:38Z	develop	ViktorJT	ViktorJT	Merge branch 'main' into develop
36709059462	Back to refinement	push	completed	success	2026-09-30T11:31:21Z	2026-09-30T11:31:21Z	2026-09-30T11:31:31Z	develop	ViktorJT	ViktorJT	Merge branch 'main' into develop
36709059312	CI	push	completed	success	2026-09-30T11:31:21Z	2026-09-30T11:31:21Z	2026-09-30T11:32:26Z	develop	ViktorJT	ViktorJT	Merge branch 'main' into develop
36709049291	Config drift	push	completed	success	2026-09-30T11:31:16Z	2026-09-30T11:31:16Z	2026-09-30T11:31:23Z	main	ViktorJT	ViktorJT	Dispatcher: 30 implement runs a day, up from 10
36709049309	Back to refinement	push	completed	success	2026-09-30T11:31:16Z	2026-09-30T11:31:16Z	2026-09-30T11:31:28Z	main	ViktorJT	ViktorJT	Dispatcher: 30 implement runs a day, up from 10
36709049299	CI	push	completed	success	2026-09-30T11:31:16Z	2026-09-30T11:31:16Z	2026-09-30T11:32:23Z	main	ViktorJT	ViktorJT	Dispatcher: 30 implement runs a day, up from 10
36708044569	Dispatcher	workflow_run	completed	success	2026-09-30T11:21:32Z	2026-09-30T11:21:32Z	2026-09-30T11:22:18Z	main	ViktorJT	ViktorJT	Dispatcher
36708035335	Dispatcher	workflow_run	completed	success	2026-09-30T11:21:26Z	2026-09-30T11:21:26Z	2026-09-30T11:21:55Z	main	gh-aw-spike-implementer[bot]	gh-aw-spike-implementer[bot]	Dispatcher
36708013695	Merged	pull_request	completed	success	2026-09-30T11:21:13Z	2026-09-30T11:21:13Z	2026-09-30T11:21:24Z	feat/menu-component-1ae06349f00c37d5	gh-aw-spike-implementer[bot]	gh-aw-spike-implementer[bot]	[implementer] Menu: a pop-up menu with header, items, dividers and a danger item
36708011549	Back to refinement	push	completed	skipped	2026-09-30T11:21:12Z	2026-09-30T11:21:12Z	2026-09-30T11:21:23Z	develop	github-merge-queue[bot]	github-merge-queue[bot]	[implementer] Menu: a pop-up menu with header, items, dividers and a …
36708011524	Unblock detect	push	completed	success	2026-09-30T11:21:12Z	2026-09-30T11:21:12Z	2026-09-30T11:21:18Z	develop	github-merge-queue[bot]	github-merge-queue[bot]	[implementer] Menu: a pop-up menu with header, items, dividers and a …
36708011550	CI	push	completed	success	2026-09-30T11:21:12Z	2026-09-30T11:21:12Z	2026-09-30T11:23:04Z	develop	github-merge-queue[bot]	github-merge-queue[bot]	[implementer] Menu: a pop-up menu with header, items, dividers and a …
36707822382	Conventions	merge_group	completed	success	2026-09-30T11:19:25Z	2026-09-30T11:19:25Z	2026-09-30T11:19:31Z	gh-readonly-queue/develop/pr-213-cfdca9110f7e0c5b6c513c571e17de207e72ff9a	gh-aw-spike-implementer[bot]	gh-aw-spike-implementer[bot]	Conventions
36707822374	Merge group gate	merge_group	completed	success	2026-09-30T11:19:25Z	2026-09-30T11:19:25Z	2026-09-30T11:19:35Z	gh-readonly-queue/develop/pr-213-cfdca9110f7e0c5b6c513c571e17de207e72ff9a	gh-aw-spike-implementer[bot]	gh-aw-spike-implementer[bot]	Merge group gate
36707822489	CI	merge_group	completed	success	2026-09-30T11:19:25Z	2026-09-30T11:19:25Z	2026-09-30T11:20:38Z	gh-readonly-queue/develop/pr-213-cfdca9110f7e0c5b6c513c571e17de207e72ff9a	gh-aw-spike-implementer[bot]	gh-aw-spike-implementer[bot]	CI
36707491377	Dispatcher	workflow_run	completed	success	2026-09-30T11:16:09Z	2026-09-30T11:16:09Z	2026-09-30T11:16:36Z	main	gh-aw-spike-implementer[bot]	gh-aw-spike-implementer[bot]	Dispatcher
36707485700	Refine	schedule	completed	success	2026-09-30T11:16:06Z	2026-09-30T11:16:06Z	2026-09-30T11:21:30Z	main	ViktorJT	ViktorJT	Refine
36707468353	Merged	pull_request	completed	success	2026-09-30T11:15:57Z	2026-09-30T11:15:57Z	2026-09-30T11:16:07Z	sign-up-feature-3c4d43a853103f6d	gh-aw-spike-implementer[bot]	gh-aw-spike-implementer[bot]	[implementer] Sign-up screen: create account with validation
36707465402	Back to refinement	push	completed	skipped	2026-09-30T11:15:55Z	2026-09-30T11:15:55Z	2026-09-30T11:15:56Z	develop	github-merge-queue[bot]	github-merge-queue[bot]	[implementer] Sign-up screen: create account with validation (#230)
36707466063	Unblock detect	push	completed	success	2026-09-30T11:15:55Z	2026-09-30T11:15:55Z	2026-09-30T11:16:10Z	develop	github-merge-queue[bot]	github-merge-queue[bot]	[implementer] Sign-up screen: create account with validation (#230)
36707465554	CI	push	completed	success	2026-09-30T11:15:55Z	2026-09-30T11:15:55Z	2026-09-30T11:17:04Z	develop	github-merge-queue[bot]	github-merge-queue[bot]	[implementer] Sign-up screen: create account with validation (#230)
36707280994	Conventions	merge_group	completed	success	2026-09-30T11:14:09Z	2026-09-30T11:14:09Z	2026-09-30T11:14:17Z	gh-readonly-queue/develop/pr-230-a4b12a2d0eb23b3f9235cfd3b968f3407c2d1c72	gh-aw-spike-implementer[bot]	gh-aw-spike-implementer[bot]	Conventions
36707280969	Merge group gate	merge_group	completed	success	2026-09-30T11:14:09Z	2026-09-30T11:14:09Z	2026-09-30T11:14:20Z	gh-readonly-queue/develop/pr-230-a4b12a2d0eb23b3f9235cfd3b968f3407c2d1c72	gh-aw-spike-implementer[bot]	gh-aw-spike-implementer[bot]	Merge group gate
36707280998	CI	merge_group	completed	success	2026-09-30T11:14:09Z	2026-09-30T11:14:09Z	2026-09-30T11:15:20Z	gh-readonly-queue/develop/pr-230-a4b12a2d0eb23b3f9235cfd3b968f3407c2d1c72	gh-aw-spike-implementer[bot]	gh-aw-spike-implementer[bot]	CI
36707098688	Conventions	pull_request	completed	success	2026-09-30T11:12:26Z	2026-09-30T11:12:26Z	2026-09-30T11:12:34Z	feat/menu-component-1ae06349f00c37d5	gh-aw-spike-implementer[bot]	gh-aw-spike-implementer[bot]	[implementer] Menu: a pop-up menu with header, items, dividers and a danger item
36707098630	Hold	pull_request	completed	success	2026-09-30T11:12:26Z	2026-09-30T11:12:26Z	2026-09-30T11:12:32Z	feat/menu-component-1ae06349f00c37d5	gh-aw-spike-implementer[bot]	gh-aw-spike-implementer[bot]	[implementer] Menu: a pop-up menu with header, items, dividers and a danger item
36707098726	CI	pull_request	completed	success	2026-09-30T11:12:26Z	2026-09-30T11:12:26Z	2026-09-30T11:13:36Z	feat/menu-component-1ae06349f00c37d5	gh-aw-spike-implementer[bot]	gh-aw-spike-implementer[bot]	[implementer] Menu: a pop-up menu with header, items, dividers and a danger item
36707098843	Review #213	pull_request	completed	success	2026-09-30T11:12:26Z	2026-09-30T11:12:26Z	2026-09-30T11:20:15Z	feat/menu-component-1ae06349f00c37d5	gh-aw-spike-implementer[bot]	gh-aw-spike-implementer[bot]	Review #213
36706330095	Review #230	pull_request	completed	success	2026-09-30T11:04:59Z	2026-09-30T11:04:59Z	2026-09-30T11:14:24Z	sign-up-feature-3c4d43a853103f6d	gh-aw-spike-implementer[bot]	gh-aw-spike-implementer[bot]	Review #230
36706329599	Hold	pull_request	completed	success	2026-09-30T11:04:59Z	2026-09-30T11:04:59Z	2026-09-30T11:05:06Z	sign-up-feature-3c4d43a853103f6d	gh-aw-spike-implementer[bot]	gh-aw-spike-implementer[bot]	[implementer] Sign-up screen: create account with validation
36706330047	Conventions	pull_request	completed	success	2026-09-30T11:04:59Z	2026-09-30T11:04:59Z	2026-09-30T11:05:07Z	sign-up-feature-3c4d43a853103f6d	gh-aw-spike-implementer[bot]	gh-aw-spike-implementer[bot]	[implementer] Sign-up screen: create account with validation
36706330235	Hold	pull_request	completed	success	2026-09-30T11:04:59Z	2026-09-30T11:04:59Z	2026-09-30T11:05:07Z	sign-up-feature-3c4d43a853103f6d	gh-aw-spike-implementer[bot]	gh-aw-spike-implementer[bot]	[implementer] Sign-up screen: create account with validation
36706330164	CI	pull_request	completed	success	2026-09-30T11:04:59Z	2026-09-30T11:04:59Z	2026-09-30T11:06:19Z	sign-up-feature-3c4d43a853103f6d	gh-aw-spike-implementer[bot]	gh-aw-spike-implementer[bot]	[implementer] Sign-up screen: create account with validation
36705710069	Rework #213	workflow_dispatch	completed	success	2026-09-30T10:58:59Z	2026-09-30T10:58:59Z	2026-09-30T11:13:22Z	main	github-actions[bot]	github-actions[bot]	Rework #213
36705152593	Implement #176	workflow_dispatch	completed	success	2026-09-30T10:53:23Z	2026-09-30T10:53:23Z	2026-09-30T11:06:10Z	main	github-actions[bot]	github-actions[bot]	Implement #176
36705110354	Dispatcher	workflow_run	completed	success	2026-09-30T10:52:58Z	2026-09-30T10:52:58Z	2026-09-30T10:53:26Z	main	gh-aw-spike-implementer[bot]	gh-aw-spike-implementer[bot]	Dispatcher
36705094562	Merged	pull_request	completed	success	2026-09-30T10:52:48Z	2026-09-30T10:52:48Z	2026-09-30T10:52:56Z	feat/user-card-component-de56d3453c688ab5	gh-aw-spike-implementer[bot]	gh-aw-spike-implementer[bot]	[implementer] feat: add UserCard component
36705066461	Back to refinement	push	completed	skipped	2026-09-30T10:52:32Z	2026-09-30T10:52:32Z	2026-09-30T10:52:33Z	develop	github-merge-queue[bot]	github-merge-queue[bot]	[implementer] feat: add UserCard component (#229)
36705066478	Unblock detect	push	completed	success	2026-09-30T10:52:32Z	2026-09-30T10:52:32Z	2026-09-30T10:52:46Z	develop	github-merge-queue[bot]	github-merge-queue[bot]	[implementer] feat: add UserCard component (#229)
36705066570	CI	push	completed	success	2026-09-30T10:52:32Z	2026-09-30T10:52:32Z	2026-09-30T10:53:34Z	develop	github-merge-queue[bot]	github-merge-queue[bot]	[implementer] feat: add UserCard component (#229)
36704872815	Merge group gate	merge_group	completed	success	2026-09-30T10:50:37Z	2026-09-30T10:50:37Z	2026-09-30T10:50:46Z	gh-readonly-queue/develop/pr-229-b070f2edf13a4f7991c57198ef1180eb0126170b	gh-aw-spike-implementer[bot]	gh-aw-spike-implementer[bot]	Merge group gate
36704872998	Conventions	merge_group	completed	success	2026-09-30T10:50:37Z	2026-09-30T10:50:37Z	2026-09-30T10:50:46Z	gh-readonly-queue/develop/pr-229-b070f2edf13a4f7991c57198ef1180eb0126170b	gh-aw-spike-implementer[bot]	gh-aw-spike-implementer[bot]	Conventions
36704872779	CI	merge_group	completed	success	2026-09-30T10:50:37Z	2026-09-30T10:50:37Z	2026-09-30T10:51:51Z	gh-readonly-queue/develop/pr-229-b070f2edf13a4f7991c57198ef1180eb0126170b	gh-aw-spike-implementer[bot]	gh-aw-spike-implementer[bot]	CI
36704827547	Hold	pull_request	completed	success	2026-09-30T10:50:11Z	2026-09-30T10:50:11Z	2026-09-30T10:50:21Z	feat/menu-component-1ae06349f00c37d5	ViktorJT	ViktorJT	[implementer] Menu: a pop-up menu with header, items, dividers and a danger item
36704827624	Conventions	pull_request	completed	failure	2026-09-30T10:50:11Z	2026-09-30T10:50:11Z	2026-09-30T10:50:22Z	feat/menu-component-1ae06349f00c37d5	ViktorJT	ViktorJT	[implementer] Menu: a pop-up menu with header, items, dividers and a danger item
36704827695	CI	pull_request	completed	success	2026-09-30T10:50:11Z	2026-09-30T10:50:11Z	2026-09-30T10:51:21Z	feat/menu-component-1ae06349f00c37d5	ViktorJT	ViktorJT	[implementer] Menu: a pop-up menu with header, items, dividers and a danger item
36704827611	Review #213	pull_request	completed	success	2026-09-30T10:50:11Z	2026-09-30T10:50:11Z	2026-09-30T10:59:18Z	feat/menu-component-1ae06349f00c37d5	ViktorJT	ViktorJT	Review #213
36704811812	Hold	pull_request	completed	success	2026-09-30T10:50:02Z	2026-09-30T10:50:02Z	2026-09-30T10:50:10Z	feat/menu-component-1ae06349f00c37d5	ViktorJT	ViktorJT	[implementer] Menu: a pop-up menu with header, items, dividers and a danger item
36704810956	Hold	pull_request	completed	success	2026-09-30T10:50:02Z	2026-09-30T10:50:02Z	2026-09-30T10:50:10Z	feat/menu-component-1ae06349f00c37d5	ViktorJT	ViktorJT	[implementer] Menu: a pop-up menu with header, items, dividers and a danger item
36704807633	Hold	pull_request	completed	success	2026-09-30T10:50:00Z	2026-09-30T10:50:00Z	2026-09-30T10:50:06Z	feat/menu-component-1ae06349f00c37d5	ViktorJT	ViktorJT	[implementer] Menu: a pop-up menu with header, items, dividers and a danger item
36704730375	Dispatcher	workflow_run	completed	success	2026-09-30T10:49:13Z	2026-09-30T10:49:13Z	2026-09-30T10:49:35Z	main	ViktorJT	ViktorJT	Dispatcher
36704716460	Unblock detect	push	completed	success	2026-09-30T10:49:05Z	2026-09-30T10:49:05Z	2026-09-30T10:49:14Z	develop	ViktorJT	ViktorJT	Design: $faint darkened so text passes contrast (#217)
36704716677	Merged	pull_request	completed	success	2026-09-30T10:49:05Z	2026-09-30T10:49:05Z	2026-09-30T10:49:11Z	faint-contrast	ViktorJT	ViktorJT	Design: $faint darkened so text passes contrast
36704716454	Back to refinement	push	completed	success	2026-09-30T10:49:05Z	2026-09-30T10:49:05Z	2026-09-30T10:49:16Z	develop	ViktorJT	ViktorJT	Design: $faint darkened so text passes contrast (#217)
36704716509	CI	push	completed	success	2026-09-30T10:49:05Z	2026-09-30T10:49:05Z	2026-09-30T10:50:11Z	develop	ViktorJT	ViktorJT	Design: $faint darkened so text passes contrast (#217)
36704615386	Review #217	workflow_dispatch	completed	success	2026-09-30T10:48:05Z	2026-09-30T10:48:05Z	2026-09-30T10:56:04Z	main	ViktorJT	ViktorJT	Review #217
36703970721	Conventions	pull_request	completed	success	2026-09-30T10:41:45Z	2026-09-30T10:41:45Z	2026-09-30T10:42:24Z	feat/user-card-component-de56d3453c688ab5	gh-aw-spike-implementer[bot]	gh-aw-spike-implementer[bot]	[implementer] feat: add UserCard component
36703970776	Hold	pull_request	completed	success	2026-09-30T10:41:45Z	2026-09-30T10:41:45Z	2026-09-30T10:42:20Z	feat/user-card-component-de56d3453c688ab5	gh-aw-spike-implementer[bot]	gh-aw-spike-implementer[bot]	[implementer] feat: add UserCard component
36703970818	CI	pull_request	completed	success	2026-09-30T10:41:45Z	2026-09-30T10:41:45Z	2026-09-30T10:43:14Z	feat/user-card-component-de56d3453c688ab5	gh-aw-spike-implementer[bot]	gh-aw-spike-implementer[bot]	[implementer] feat: add UserCard component
36703970691	Review #229	pull_request	completed	success	2026-09-30T10:41:45Z	2026-09-30T10:41:45Z	2026-09-30T10:50:18Z	feat/user-card-component-de56d3453c688ab5	gh-aw-spike-implementer[bot]	gh-aw-spike-implementer[bot]	Review #229
36703111376	Rework #229	workflow_dispatch	completed	success	2026-09-30T10:33:05Z	2026-09-30T10:33:05Z	2026-09-30T10:42:54Z	main	github-actions[bot]	github-actions[bot]	Rework #229
36702309764	Hold	pull_request	completed	success	2026-09-30T10:25:16Z	2026-09-30T10:25:16Z	2026-09-30T10:25:24Z	feat/user-card-component-de56d3453c688ab5	gh-aw-spike-implementer[bot]	gh-aw-spike-implementer[bot]	[implementer] feat: add UserCard component
36702310456	Hold	pull_request	completed	success	2026-09-30T10:25:16Z	2026-09-30T10:25:16Z	2026-09-30T10:25:22Z	feat/user-card-component-de56d3453c688ab5	gh-aw-spike-implementer[bot]	gh-aw-spike-implementer[bot]	[implementer] feat: add UserCard component
36702310294	Conventions	pull_request	completed	success	2026-09-30T10:25:16Z	2026-09-30T10:25:16Z	2026-09-30T10:25:27Z	feat/user-card-component-de56d3453c688ab5	gh-aw-spike-implementer[bot]	gh-aw-spike-implementer[bot]	[implementer] feat: add UserCard component
36702310363	CI	pull_request	completed	success	2026-09-30T10:25:16Z	2026-09-30T10:25:16Z	2026-09-30T10:26:22Z	feat/user-card-component-de56d3453c688ab5	gh-aw-spike-implementer[bot]	gh-aw-spike-implementer[bot]	[implementer] feat: add UserCard component
36702310515	Review #229	pull_request	completed	success	2026-09-30T10:25:16Z	2026-09-30T10:25:16Z	2026-09-30T10:33:21Z	feat/user-card-component-de56d3453c688ab5	gh-aw-spike-implementer[bot]	gh-aw-spike-implementer[bot]	Review #229
36701439061	Review #217	workflow_dispatch	completed	failure	2026-09-30T10:16:48Z	2026-09-30T10:16:48Z	2026-09-30T10:25:30Z	main	ViktorJT	ViktorJT	Review #217
36701351106	Implement #175	workflow_dispatch	completed	success	2026-09-30T10:15:58Z	2026-09-30T10:15:58Z	2026-09-30T10:26:30Z	main	github-actions[bot]	github-actions[bot]	Implement #175
36701295630	Dispatcher	workflow_run	completed	success	2026-09-30T10:15:26Z	2026-09-30T10:15:26Z	2026-09-30T10:16:02Z	main	gh-aw-spike-implementer[bot]	gh-aw-spike-implementer[bot]	Dispatcher
36701267946	Merged	pull_request	completed	success	2026-09-30T10:15:10Z	2026-09-30T10:15:10Z	2026-09-30T10:15:22Z	feat/auth-card-8a2a530f1d64cae2	gh-aw-spike-implementer[bot]	gh-aw-spike-implementer[bot]	[implementer] feat: add AuthCard component for auth screens
36701262434	CI	push	completed	success	2026-09-30T10:15:08Z	2026-09-30T10:15:08Z	2026-09-30T10:16:17Z	develop	github-merge-queue[bot]	github-merge-queue[bot]	[implementer] feat: add AuthCard component for auth screens (#214)
36701262380	Back to refinement	push	completed	skipped	2026-09-30T10:15:08Z	2026-09-30T10:15:08Z	2026-09-30T10:15:09Z	develop	github-merge-queue[bot]	github-merge-queue[bot]	[implementer] feat: add AuthCard component for auth screens (#214)
36701262426	Unblock detect	push	completed	success	2026-09-30T10:15:08Z	2026-09-30T10:15:08Z	2026-09-30T10:15:18Z	develop	github-merge-queue[bot]	github-merge-queue[bot]	[implementer] feat: add AuthCard component for auth screens (#214)
36701070968	Conventions	merge_group	completed	success	2026-09-30T10:13:16Z	2026-09-30T10:13:16Z	2026-09-30T10:13:25Z	gh-readonly-queue/develop/pr-214-096f96c55ea80b75438e7592ff7e88f1d31cd96c	gh-aw-spike-implementer[bot]	gh-aw-spike-implementer[bot]	Conventions
36701070675	Merge group gate	merge_group	completed	success	2026-09-30T10:13:16Z	2026-09-30T10:13:16Z	2026-09-30T10:13:26Z	gh-readonly-queue/develop/pr-214-096f96c55ea80b75438e7592ff7e88f1d31cd96c	gh-aw-spike-implementer[bot]	gh-aw-spike-implementer[bot]	Merge group gate
36701070788	CI	merge_group	completed	success	2026-09-30T10:13:16Z	2026-09-30T10:13:16Z	2026-09-30T10:14:34Z	gh-readonly-queue/develop/pr-214-096f96c55ea80b75438e7592ff7e88f1d31cd96c	gh-aw-spike-implementer[bot]	gh-aw-spike-implementer[bot]	CI
36700555133	Config drift	push	completed	success	2026-09-30T10:08:20Z	2026-09-30T10:08:20Z	2026-09-30T10:08:29Z	develop	ViktorJT	ViktorJT	Merge branch 'main' into develop
36700555188	CI	push	completed	success	2026-09-30T10:08:20Z	2026-09-30T10:08:20Z	2026-09-30T10:09:23Z	develop	ViktorJT	ViktorJT	Merge branch 'main' into develop
36700555184	Back to refinement	push	completed	success	2026-09-30T10:08:20Z	2026-09-30T10:08:20Z	2026-09-30T10:08:28Z	develop	ViktorJT	ViktorJT	Merge branch 'main' into develop
36700555257	Unblock detect	push	completed	success	2026-09-30T10:08:20Z	2026-09-30T10:08:20Z	2026-09-30T10:08:32Z	develop	ViktorJT	ViktorJT	Merge branch 'main' into develop
36700548379	Back to refinement	push	completed	success	2026-09-30T10:08:16Z	2026-09-30T10:08:16Z	2026-09-30T10:08:27Z	main	ViktorJT	ViktorJT	Review: daily cap 2000 AIC (#216)
36700548369	CI	push	completed	success	2026-09-30T10:08:16Z	2026-09-30T10:08:16Z	2026-09-30T10:09:34Z	main	ViktorJT	ViktorJT	Review: daily cap 2000 AIC (#216)
36700548256	Config drift	push	completed	success	2026-09-30T10:08:16Z	2026-09-30T10:08:16Z	2026-09-30T10:08:23Z	main	ViktorJT	ViktorJT	Review: daily cap 2000 AIC (#216)
36700187612	Review #214	workflow_dispatch	completed	success	2026-09-30T10:04:48Z	2026-09-30T10:04:48Z	2026-09-30T10:11:49Z	main	github-actions[bot]	github-actions[bot]	Review #214
36700162847	Sweeper	workflow_dispatch	completed	success	2026-09-30T10:04:35Z	2026-09-30T10:04:35Z	2026-09-30T10:05:07Z	main	ViktorJT	ViktorJT	Sweeper
36693480810	Dispatcher	schedule	completed	success	2026-09-30T09:02:04Z	2026-09-30T09:02:04Z	2026-09-30T09:02:33Z	main	ViktorJT	ViktorJT	Dispatcher
36686464832	Rework #213	workflow_dispatch	completed	success	2026-09-30T07:54:44Z	2026-09-30T07:54:44Z	2026-09-30T07:54:59Z	main	github-actions[bot]	github-actions[bot]	Rework #213
36686421942	Hold	pull_request	completed	success	2026-09-30T07:54:18Z	2026-09-30T07:54:18Z	2026-09-30T07:54:25Z	feat/menu-component-1ae06349f00c37d5	ViktorJT	ViktorJT	[implementer] Menu: a pop-up menu with header, items, dividers and a danger item
36686306300	Review #213	pull_request	completed	success	2026-09-30T07:53:09Z	2026-09-30T07:53:09Z	2026-09-30T07:55:10Z	feat/menu-component-1ae06349f00c37d5	ViktorJT	ViktorJT	Review #213
36686306020	Hold	pull_request	completed	failure	2026-09-30T07:53:08Z	2026-09-30T07:53:08Z	2026-09-30T07:53:15Z	feat/menu-component-1ae06349f00c37d5	ViktorJT	ViktorJT	[implementer] Menu: a pop-up menu with header, items, dividers and a danger item
36686305992	Conventions	pull_request	completed	failure	2026-09-30T07:53:08Z	2026-09-30T07:53:08Z	2026-09-30T07:53:16Z	feat/menu-component-1ae06349f00c37d5	ViktorJT	ViktorJT	[implementer] Menu: a pop-up menu with header, items, dividers and a danger item
36686306011	CI	pull_request	completed	success	2026-09-30T07:53:08Z	2026-09-30T07:53:08Z	2026-09-30T07:54:19Z	feat/menu-component-1ae06349f00c37d5	ViktorJT	ViktorJT	[implementer] Menu: a pop-up menu with header, items, dividers and a danger item
36685098073	Conventions	pull_request	completed	success	2026-09-30T07:40:53Z	2026-09-30T07:40:53Z	2026-09-30T07:41:02Z	faint-contrast	ViktorJT	ViktorJT	Design: $faint darkened so text passes contrast
36685098046	Hold	pull_request	completed	success	2026-09-30T07:40:53Z	2026-09-30T07:40:53Z	2026-09-30T07:41:01Z	faint-contrast	ViktorJT	ViktorJT	Design: $faint darkened so text passes contrast
36685098040	CI	pull_request	completed	success	2026-09-30T07:40:53Z	2026-09-30T07:40:53Z	2026-09-30T07:41:59Z	faint-contrast	ViktorJT	ViktorJT	Design: $faint darkened so text passes contrast
36685098023	Review #217	pull_request	completed	success	2026-09-30T07:40:53Z	2026-09-30T07:40:53Z	2026-09-30T07:43:02Z	faint-contrast	ViktorJT	ViktorJT	Review #217
36684134496	Rework #213	workflow_dispatch	completed	success	2026-09-30T07:30:58Z	2026-09-30T07:30:58Z	2026-09-30T07:31:13Z	main	github-actions[bot]	github-actions[bot]	Rework #213
36683998699	Review #213	pull_request	completed	success	2026-09-30T07:29:37Z	2026-09-30T07:29:37Z	2026-09-30T07:31:13Z	feat/menu-component-1ae06349f00c37d5	gh-aw-spike-implementer[bot]	gh-aw-spike-implementer[bot]	Review #213
36683998357	Hold	pull_request	completed	failure	2026-09-30T07:29:37Z	2026-09-30T07:29:37Z	2026-09-30T07:29:43Z	feat/menu-component-1ae06349f00c37d5	gh-aw-spike-implementer[bot]	gh-aw-spike-implementer[bot]	[implementer] Menu: a pop-up menu with header, items, dividers and a danger item
36683998322	Conventions	pull_request	completed	failure	2026-09-30T07:29:37Z	2026-09-30T07:29:37Z	2026-09-30T07:29:49Z	feat/menu-component-1ae06349f00c37d5	gh-aw-spike-implementer[bot]	gh-aw-spike-implementer[bot]	[implementer] Menu: a pop-up menu with header, items, dividers and a danger item
36683998408	CI	pull_request	completed	success	2026-09-30T07:29:37Z	2026-09-30T07:29:37Z	2026-09-30T07:30:36Z	feat/menu-component-1ae06349f00c37d5	gh-aw-spike-implementer[bot]	gh-aw-spike-implementer[bot]	[implementer] Menu: a pop-up menu with header, items, dividers and a danger item
36683935504	Hold	pull_request	completed	success	2026-09-30T07:28:58Z	2026-09-30T07:28:58Z	2026-09-30T07:29:06Z	feat/auth-card-8a2a530f1d64cae2	gh-aw-spike-implementer[bot]	gh-aw-spike-implementer[bot]	[implementer] feat: add AuthCard component for auth screens
36683935380	Conventions	pull_request	completed	success	2026-09-30T07:28:58Z	2026-09-30T07:28:58Z	2026-09-30T07:29:07Z	feat/auth-card-8a2a530f1d64cae2	gh-aw-spike-implementer[bot]	gh-aw-spike-implementer[bot]	[implementer] feat: add AuthCard component for auth screens
36683935374	CI	pull_request	completed	success	2026-09-30T07:28:58Z	2026-09-30T07:28:58Z	2026-09-30T07:30:09Z	feat/auth-card-8a2a530f1d64cae2	gh-aw-spike-implementer[bot]	gh-aw-spike-implementer[bot]	[implementer] feat: add AuthCard component for auth screens
36683935409	Review #214	pull_request	completed	success	2026-09-30T07:28:58Z	2026-09-30T07:28:58Z	2026-09-30T07:30:39Z	feat/auth-card-8a2a530f1d64cae2	gh-aw-spike-implementer[bot]	gh-aw-spike-implementer[bot]	Review #214
36683838019	Back to refinement	push	completed	success	2026-09-30T07:27:58Z	2026-09-30T07:27:58Z	2026-09-30T07:28:07Z	develop	ViktorJT	ViktorJT	Merge remote-tracking branch 'origin/main' into develop
36683837969	Config drift	push	completed	success	2026-09-30T07:27:58Z	2026-09-30T07:27:58Z	2026-09-30T07:28:08Z	develop	ViktorJT	ViktorJT	Merge remote-tracking branch 'origin/main' into develop
36683837997	CI	push	completed	success	2026-09-30T07:27:58Z	2026-09-30T07:27:58Z	2026-09-30T07:29:11Z	develop	ViktorJT	ViktorJT	Merge remote-tracking branch 'origin/main' into develop
36683837976	Unblock detect	push	completed	success	2026-09-30T07:27:58Z	2026-09-30T07:27:58Z	2026-09-30T07:28:12Z	develop	ViktorJT	ViktorJT	Merge remote-tracking branch 'origin/main' into develop
36683807444	Back to refinement	push	completed	success	2026-09-30T07:27:38Z	2026-09-30T07:27:38Z	2026-09-30T07:27:49Z	main	ViktorJT	ViktorJT	Merge pull request #215 from Viktor-Jensen-Torp/a11y-guard
36683807433	Config drift	push	completed	failure	2026-09-30T07:27:38Z	2026-09-30T07:27:38Z	2026-09-30T07:27:47Z	main	ViktorJT	ViktorJT	Merge pull request #215 from Viktor-Jensen-Torp/a11y-guard
36683807420	CI	push	completed	success	2026-09-30T07:27:38Z	2026-09-30T07:27:38Z	2026-09-30T07:28:32Z	main	ViktorJT	ViktorJT	Merge pull request #215 from Viktor-Jensen-Torp/a11y-guard
36683678099	Release read	pull_request	completed	skipped	2026-09-30T07:26:16Z	2026-09-30T07:26:16Z	2026-09-30T07:26:18Z	a11y-guard	ViktorJT	ViktorJT	Release read
36683677990	Hold	pull_request	completed	success	2026-09-30T07:26:16Z	2026-09-30T07:26:16Z	2026-09-30T07:26:23Z	a11y-guard	ViktorJT	ViktorJT	Conventions check: the accessibility check stays on
36683677932	Pipeline tests	pull_request	completed	success	2026-09-30T07:26:16Z	2026-09-30T07:26:16Z	2026-09-30T07:26:50Z	a11y-guard	ViktorJT	ViktorJT	Conventions check: the accessibility check stays on
36683678149	CI	pull_request	completed	success	2026-09-30T07:26:16Z	2026-09-30T07:26:16Z	2026-09-30T07:27:29Z	a11y-guard	ViktorJT	ViktorJT	Conventions check: the accessibility check stays on
36683585199	Hold	pull_request	completed	failure	2026-09-30T07:25:17Z	2026-09-30T07:25:17Z	2026-09-30T07:25:23Z	feat/menu-component-1ae06349f00c37d5	ViktorJT	ViktorJT	[implementer] Menu: a pop-up menu with header, items, dividers and a danger item
36683282097	Rework #213	workflow_dispatch	completed	success	2026-09-30T07:22:07Z	2026-09-30T07:22:07Z	2026-09-30T07:30:34Z	main	github-actions[bot]	github-actions[bot]	Rework #213
36683134978	Rework #214	workflow_dispatch	completed	success	2026-09-30T07:20:31Z	2026-09-30T07:20:31Z	2026-09-30T07:29:47Z	main	github-actions[bot]	github-actions[bot]	Rework #214
36682793372	Sweeper	schedule	completed	success	2026-09-30T07:16:49Z	2026-09-30T07:16:49Z	2026-09-30T07:17:19Z	main	ViktorJT	ViktorJT	Sweeper
36682498217	Review #213	pull_request	completed	success	2026-09-30T07:13:41Z	2026-09-30T07:13:41Z	2026-09-30T07:22:25Z	feat/menu-component-1ae06349f00c37d5	gh-aw-spike-implementer[bot]	gh-aw-spike-implementer[bot]	Review #213
36682498196	Conventions	pull_request	completed	success	2026-09-30T07:13:41Z	2026-09-30T07:13:41Z	2026-09-30T07:13:49Z	feat/menu-component-1ae06349f00c37d5	gh-aw-spike-implementer[bot]	gh-aw-spike-implementer[bot]	[implementer] Menu: a pop-up menu with header, items, dividers and a danger item
36682498193	Hold	pull_request	completed	success	2026-09-30T07:13:41Z	2026-09-30T07:13:41Z	2026-09-30T07:13:48Z	feat/menu-component-1ae06349f00c37d5	gh-aw-spike-implementer[bot]	gh-aw-spike-implementer[bot]	[implementer] Menu: a pop-up menu with header, items, dividers and a danger item
36682498410	CI	pull_request	completed	success	2026-09-30T07:13:41Z	2026-09-30T07:13:41Z	2026-09-30T07:14:54Z	feat/menu-component-1ae06349f00c37d5	gh-aw-spike-implementer[bot]	gh-aw-spike-implementer[bot]	[implementer] Menu: a pop-up menu with header, items, dividers and a danger item
36682319699	CI	pull_request	completed	success	2026-09-30T07:11:48Z	2026-09-30T07:11:48Z	2026-09-30T07:12:58Z	feat/auth-card-8a2a530f1d64cae2	gh-aw-spike-implementer[bot]	gh-aw-spike-implementer[bot]	[implementer] feat: add AuthCard component for auth screens
36682319596	Review #214	pull_request	completed	success	2026-09-30T07:11:47Z	2026-09-30T07:11:47Z	2026-09-30T07:20:49Z	feat/auth-card-8a2a530f1d64cae2	gh-aw-spike-implementer[bot]	gh-aw-spike-implementer[bot]	Review #214
36682319628	Conventions	pull_request	completed	success	2026-09-30T07:11:47Z	2026-09-30T07:11:47Z	2026-09-30T07:11:55Z	feat/auth-card-8a2a530f1d64cae2	gh-aw-spike-implementer[bot]	gh-aw-spike-implementer[bot]	[implementer] feat: add AuthCard component for auth screens
36682319674	Hold	pull_request	completed	success	2026-09-30T07:11:47Z	2026-09-30T07:11:47Z	2026-09-30T07:11:54Z	feat/auth-card-8a2a530f1d64cae2	gh-aw-spike-implementer[bot]	gh-aw-spike-implementer[bot]	[implementer] feat: add AuthCard component for auth screens
36682319599	Hold	pull_request	completed	success	2026-09-30T07:11:47Z	2026-09-30T07:11:47Z	2026-09-30T07:11:53Z	feat/auth-card-8a2a530f1d64cae2	gh-aw-spike-implementer[bot]	gh-aw-spike-implementer[bot]	[implementer] feat: add AuthCard component for auth screens
36681766039	Rework #213	workflow_dispatch	completed	success	2026-09-30T07:05:46Z	2026-09-30T07:05:46Z	2026-09-30T07:15:05Z	main	github-actions[bot]	github-actions[bot]	Rework #213
36681387630	Implement #174	workflow_dispatch	completed	success	2026-09-30T07:01:40Z	2026-09-30T07:01:40Z	2026-09-30T07:13:32Z	main	github-actions[bot]	github-actions[bot]	Implement #174
36681354859	Dispatcher	workflow_run	completed	success	2026-09-30T07:01:19Z	2026-09-30T07:01:19Z	2026-09-30T07:01:43Z	main	gh-aw-spike-implementer[bot]	gh-aw-spike-implementer[bot]	Dispatcher
36681336698	Merged	pull_request	completed	success	2026-09-30T07:01:08Z	2026-09-30T07:01:08Z	2026-09-30T07:01:17Z	feat/avatar-component-d61b5a322815e954	gh-aw-spike-implementer[bot]	gh-aw-spike-implementer[bot]	[implementer] feat: add Avatar component for user and assignee initials
36681305859	Back to refinement	push	completed	skipped	2026-09-30T07:00:49Z	2026-09-30T07:00:49Z	2026-09-30T07:00:50Z	develop	github-merge-queue[bot]	github-merge-queue[bot]	[implementer] feat: add Avatar component for user and assignee initia…
36681305691	Unblock detect	push	completed	success	2026-09-30T07:00:49Z	2026-09-30T07:00:49Z	2026-09-30T07:01:03Z	develop	github-merge-queue[bot]	github-merge-queue[bot]	[implementer] feat: add Avatar component for user and assignee initia…
36681305779	CI	push	completed	success	2026-09-30T07:00:49Z	2026-09-30T07:00:49Z	2026-09-30T07:01:57Z	develop	github-merge-queue[bot]	github-merge-queue[bot]	[implementer] feat: add Avatar component for user and assignee initia…
36681114130	Conventions	merge_group	completed	success	2026-09-30T06:58:49Z	2026-09-30T06:58:49Z	2026-09-30T06:58:55Z	gh-readonly-queue/develop/pr-212-a7fe0d300af06522b1d53c730b569f8ad0151f52	gh-aw-spike-implementer[bot]	gh-aw-spike-implementer[bot]	Conventions
36681114277	CI	merge_group	completed	success	2026-09-30T06:58:49Z	2026-09-30T06:58:49Z	2026-09-30T06:59:51Z	gh-readonly-queue/develop/pr-212-a7fe0d300af06522b1d53c730b569f8ad0151f52	gh-aw-spike-implementer[bot]	gh-aw-spike-implementer[bot]	CI
36681114201	Merge group gate	merge_group	completed	success	2026-09-30T06:58:49Z	2026-09-30T06:58:49Z	2026-09-30T06:59:00Z	gh-readonly-queue/develop/pr-212-a7fe0d300af06522b1d53c730b569f8ad0151f52	gh-aw-spike-implementer[bot]	gh-aw-spike-implementer[bot]	Merge group gate
36681004014	Hold	pull_request	completed	success	2026-09-30T06:57:35Z	2026-09-30T06:57:35Z	2026-09-30T06:57:40Z	feat/menu-component-1ae06349f00c37d5	gh-aw-spike-implementer[bot]	gh-aw-spike-implementer[bot]	[implementer] Menu: a pop-up menu with header, items, dividers and a danger item
36681004001	Conventions	pull_request	completed	success	2026-09-30T06:57:35Z	2026-09-30T06:57:35Z	2026-09-30T06:57:45Z	feat/menu-component-1ae06349f00c37d5	gh-aw-spike-implementer[bot]	gh-aw-spike-implementer[bot]	[implementer] Menu: a pop-up menu with header, items, dividers and a danger item
36681003904	CI	pull_request	completed	success	2026-09-30T06:57:35Z	2026-09-30T06:57:35Z	2026-09-30T06:58:54Z	feat/menu-component-1ae06349f00c37d5	gh-aw-spike-implementer[bot]	gh-aw-spike-implementer[bot]	[implementer] Menu: a pop-up menu with header, items, dividers and a danger item
36681004074	Review #213	pull_request	completed	success	2026-09-30T06:57:35Z	2026-09-30T06:57:35Z	2026-09-30T07:05:58Z	feat/menu-component-1ae06349f00c37d5	gh-aw-spike-implementer[bot]	gh-aw-spike-implementer[bot]	Review #213
36681001427	Hold	pull_request	completed	success	2026-09-30T06:57:33Z	2026-09-30T06:57:33Z	2026-09-30T06:57:40Z	feat/menu-component-1ae06349f00c37d5	gh-aw-spike-implementer[bot]	gh-aw-spike-implementer[bot]	[implementer] Menu: a pop-up menu with header, items, dividers and a danger item
36680295260	Hold	pull_request	completed	success	2026-09-30T06:49:47Z	2026-09-30T06:49:47Z	2026-09-30T06:49:54Z	feat/avatar-component-d61b5a322815e954	gh-aw-spike-implementer[bot]	gh-aw-spike-implementer[bot]	[implementer] feat: add Avatar component for user and assignee initials
36680295137	CI	pull_request	completed	success	2026-09-30T06:49:47Z	2026-09-30T06:49:47Z	2026-09-30T06:50:59Z	feat/avatar-component-d61b5a322815e954	gh-aw-spike-implementer[bot]	gh-aw-spike-implementer[bot]	[implementer] feat: add Avatar component for user and assignee initials
36680295096	Conventions	pull_request	completed	success	2026-09-30T06:49:47Z	2026-09-30T06:49:47Z	2026-09-30T06:49:55Z	feat/avatar-component-d61b5a322815e954	gh-aw-spike-implementer[bot]	gh-aw-spike-implementer[bot]	[implementer] feat: add Avatar component for user and assignee initials
36680295000	Review #212	pull_request	completed	success	2026-09-30T06:49:47Z	2026-09-30T06:49:47Z	2026-09-30T06:57:52Z	feat/avatar-component-d61b5a322815e954	gh-aw-spike-implementer[bot]	gh-aw-spike-implementer[bot]	Review #212
36680279590	Hold	pull_request	completed	success	2026-09-30T06:49:36Z	2026-09-30T06:49:36Z	2026-09-30T06:49:44Z	feat/avatar-component-d61b5a322815e954	gh-aw-spike-implementer[bot]	gh-aw-spike-implementer[bot]	[implementer] feat: add Avatar component for user and assignee initials
36679853765	Implement #173	workflow_dispatch	completed	success	2026-09-30T06:44:54Z	2026-09-30T06:44:54Z	2026-09-30T06:59:03Z	main	github-actions[bot]	github-actions[bot]	Implement #173
36679823664	Dispatcher	workflow_run	completed	success	2026-09-30T06:44:33Z	2026-09-30T06:44:33Z	2026-09-30T06:44:57Z	main	gh-aw-spike-implementer[bot]	gh-aw-spike-implementer[bot]	Dispatcher
36679793048	CI	push	completed	success	2026-09-30T06:44:13Z	2026-09-30T06:44:13Z	2026-09-30T06:45:18Z	develop	github-merge-queue[bot]	github-merge-queue[bot]	[implementer] Implement Button component with all design variants (#205)
36679793209	Back to refinement	push	completed	skipped	2026-09-30T06:44:13Z	2026-09-30T06:44:13Z	2026-09-30T06:44:14Z	develop	github-merge-queue[bot]	github-merge-queue[bot]	[implementer] Implement Button component with all design variants (#205)
36679793233	Unblock detect	push	completed	success	2026-09-30T06:44:13Z	2026-09-30T06:44:13Z	2026-09-30T06:44:21Z	develop	github-merge-queue[bot]	github-merge-queue[bot]	[implementer] Implement Button component with all design variants (#205)
36679789632	Merged	pull_request	completed	success	2026-09-30T06:44:11Z	2026-09-30T06:44:11Z	2026-09-30T06:44:32Z	implement/button-component-rework-f957ebd3b14bdbc9	gh-aw-spike-implementer[bot]	gh-aw-spike-implementer[bot]	[implementer] Implement Button component with all design variants
36679584400	Conventions	merge_group	completed	success	2026-09-30T06:41:55Z	2026-09-30T06:41:55Z	2026-09-30T06:42:02Z	gh-readonly-queue/develop/pr-205-ced9d317a18d8501a0207cd8dfec934e85056f5e	gh-aw-spike-implementer[bot]	gh-aw-spike-implementer[bot]	Conventions
36679584459	Merge group gate	merge_group	completed	success	2026-09-30T06:41:55Z	2026-09-30T06:41:55Z	2026-09-30T06:42:05Z	gh-readonly-queue/develop/pr-205-ced9d317a18d8501a0207cd8dfec934e85056f5e	gh-aw-spike-implementer[bot]	gh-aw-spike-implementer[bot]	Merge group gate
36679584421	CI	merge_group	completed	success	2026-09-30T06:41:55Z	2026-09-30T06:41:55Z	2026-09-30T06:43:33Z	gh-readonly-queue/develop/pr-205-ced9d317a18d8501a0207cd8dfec934e85056f5e	gh-aw-spike-implementer[bot]	gh-aw-spike-implementer[bot]	CI
36679396514	Config drift	push	completed	success	2026-09-30T06:39:49Z	2026-09-30T06:39:49Z	2026-09-30T06:39:58Z	develop	ViktorJT	ViktorJT	Merge remote-tracking branch 'origin/main' into develop
36679396597	Back to refinement	push	completed	success	2026-09-30T06:39:49Z	2026-09-30T06:39:49Z	2026-09-30T06:40:04Z	develop	ViktorJT	ViktorJT	Merge remote-tracking branch 'origin/main' into develop
36679396537	Unblock detect	push	completed	success	2026-09-30T06:39:49Z	2026-09-30T06:39:49Z	2026-09-30T06:39:59Z	develop	ViktorJT	ViktorJT	Merge remote-tracking branch 'origin/main' into develop
36679396549	CI	push	completed	success	2026-09-30T06:39:49Z	2026-09-30T06:39:49Z	2026-09-30T06:40:50Z	develop	ViktorJT	ViktorJT	Merge remote-tracking branch 'origin/main' into develop
36679369002	Back to refinement	push	completed	success	2026-09-30T06:39:30Z	2026-09-30T06:39:30Z	2026-09-30T06:39:40Z	main	ViktorJT	ViktorJT	Merge pull request #210 from Viktor-Jensen-Torp/chain-fixes-0930
36679369022	Config drift	push	completed	success	2026-09-30T06:39:30Z	2026-09-30T06:39:30Z	2026-09-30T06:39:58Z	main	ViktorJT	ViktorJT	Merge pull request #210 from Viktor-Jensen-Torp/chain-fixes-0930
36679369047	CI	push	completed	success	2026-09-30T06:39:30Z	2026-09-30T06:39:30Z	2026-09-30T06:40:31Z	main	ViktorJT	ViktorJT	Merge pull request #210 from Viktor-Jensen-Torp/chain-fixes-0930
36679251353	Release read	pull_request	completed	skipped	2026-09-30T06:38:09Z	2026-09-30T06:38:09Z	2026-09-30T06:38:11Z	chain-fixes-0930	ViktorJT	ViktorJT	Release read
36679251330	Hold	pull_request	completed	success	2026-09-30T06:38:09Z	2026-09-30T06:38:09Z	2026-09-30T06:38:15Z	chain-fixes-0930	ViktorJT	ViktorJT	Chain fixes from the first Accounts runs
36679251356	Pipeline tests	pull_request	completed	success	2026-09-30T06:38:09Z	2026-09-30T06:38:09Z	2026-09-30T06:38:49Z	chain-fixes-0930	ViktorJT	ViktorJT	Chain fixes from the first Accounts runs
36679251348	CI	pull_request	completed	success	2026-09-30T06:38:09Z	2026-09-30T06:38:09Z	2026-09-30T06:39:04Z	chain-fixes-0930	ViktorJT	ViktorJT	Chain fixes from the first Accounts runs
36679204090	Implement #172	workflow_dispatch	completed	success	2026-09-30T06:37:35Z	2026-09-30T06:37:35Z	2026-09-30T06:49:20Z	main	github-actions[bot]	github-actions[bot]	Implement #172
36679175311	Dispatcher	workflow_run	completed	success	2026-09-30T06:37:16Z	2026-09-30T06:37:16Z	2026-09-30T06:37:38Z	main	gh-aw-spike-implementer[bot]	gh-aw-spike-implementer[bot]	Dispatcher
36679162681	Back to refinement	push	completed	skipped	2026-09-30T06:37:07Z	2026-09-30T06:37:07Z	2026-09-30T06:37:08Z	develop	github-merge-queue[bot]	github-merge-queue[bot]	[implementer] Add Brand component for auth and sidebar (#209)
36679162680	Unblock detect	push	completed	success	2026-09-30T06:37:07Z	2026-09-30T06:37:07Z	2026-09-30T06:37:15Z	develop	github-merge-queue[bot]	github-merge-queue[bot]	[implementer] Add Brand component for auth and sidebar (#209)
36679162613	CI	push	completed	success	2026-09-30T06:37:07Z	2026-09-30T06:37:07Z	2026-09-30T06:38:10Z	develop	github-merge-queue[bot]	github-merge-queue[bot]	[implementer] Add Brand component for auth and sidebar (#209)
36679160774	Merged	pull_request	completed	success	2026-09-30T06:37:06Z	2026-09-30T06:37:06Z	2026-09-30T06:37:13Z	add-brand-component-c21313d335ecf089	gh-aw-spike-implementer[bot]	gh-aw-spike-implementer[bot]	[implementer] Add Brand component for auth and sidebar
36678971522	Merge group gate	merge_group	completed	success	2026-09-30T06:34:57Z	2026-09-30T06:34:57Z	2026-09-30T06:35:07Z	gh-readonly-queue/develop/pr-209-7f11c508e5c2f337d28fb5beab1b1a1dd034de1c	gh-aw-spike-implementer[bot]	gh-aw-spike-implementer[bot]	Merge group gate
36678971353	Conventions	merge_group	completed	success	2026-09-30T06:34:57Z	2026-09-30T06:34:57Z	2026-09-30T06:35:39Z	gh-readonly-queue/develop/pr-209-7f11c508e5c2f337d28fb5beab1b1a1dd034de1c	gh-aw-spike-implementer[bot]	gh-aw-spike-implementer[bot]	Conventions
36678971390	CI	merge_group	completed	success	2026-09-30T06:34:57Z	2026-09-30T06:34:57Z	2026-09-30T06:36:03Z	gh-readonly-queue/develop/pr-209-7f11c508e5c2f337d28fb5beab1b1a1dd034de1c	gh-aw-spike-implementer[bot]	gh-aw-spike-implementer[bot]	CI
36678915986	Review #205	pull_request	completed	success	2026-09-30T06:34:19Z	2026-09-30T06:34:19Z	2026-09-30T06:42:49Z	implement/button-component-rework-f957ebd3b14bdbc9	gh-aw-spike-implementer[bot]	gh-aw-spike-implementer[bot]	Review #205
36678915922	CI	pull_request	completed	success	2026-09-30T06:34:19Z	2026-09-30T06:34:19Z	2026-09-30T06:35:23Z	implement/button-component-rework-f957ebd3b14bdbc9	gh-aw-spike-implementer[bot]	gh-aw-spike-implementer[bot]	[implementer] Implement Button component with all design variants
36678915920	Conventions	pull_request	completed	success	2026-09-30T06:34:19Z	2026-09-30T06:34:19Z	2026-09-30T06:34:28Z	implement/button-component-rework-f957ebd3b14bdbc9	gh-aw-spike-implementer[bot]	gh-aw-spike-implementer[bot]	[implementer] Implement Button component with all design variants
36678915980	Hold	pull_request	completed	success	2026-09-30T06:34:19Z	2026-09-30T06:34:19Z	2026-09-30T06:34:37Z	implement/button-component-rework-f957ebd3b14bdbc9	gh-aw-spike-implementer[bot]	gh-aw-spike-implementer[bot]	[implementer] Implement Button component with all design variants
36678364033	Review #209	pull_request	completed	success	2026-09-30T06:28:02Z	2026-09-30T06:28:02Z	2026-09-30T06:35:50Z	add-brand-component-c21313d335ecf089	gh-aw-spike-implementer[bot]	gh-aw-spike-implementer[bot]	Review #209
36678364169	Conventions	pull_request	completed	success	2026-09-30T06:28:02Z	2026-09-30T06:28:02Z	2026-09-30T06:28:10Z	add-brand-component-c21313d335ecf089	gh-aw-spike-implementer[bot]	gh-aw-spike-implementer[bot]	[implementer] Add Brand component for auth and sidebar
36678363882	Hold	pull_request	completed	success	2026-09-30T06:28:02Z	2026-09-30T06:28:02Z	2026-09-30T06:28:08Z	add-brand-component-c21313d335ecf089	gh-aw-spike-implementer[bot]	gh-aw-spike-implementer[bot]	[implementer] Add Brand component for auth and sidebar
36678363904	CI	pull_request	completed	success	2026-09-30T06:28:02Z	2026-09-30T06:28:02Z	2026-09-30T06:29:04Z	add-brand-component-c21313d335ecf089	gh-aw-spike-implementer[bot]	gh-aw-spike-implementer[bot]	[implementer] Add Brand component for auth and sidebar
36678363273	Hold	pull_request	completed	success	2026-09-30T06:28:01Z	2026-09-30T06:28:01Z	2026-09-30T06:28:08Z	add-brand-component-c21313d335ecf089	gh-aw-spike-implementer[bot]	gh-aw-spike-implementer[bot]	[implementer] Add Brand component for auth and sidebar
36677678653	Implement #171	workflow_dispatch	completed	success	2026-09-30T06:19:59Z	2026-09-30T06:19:59Z	2026-09-30T06:28:54Z	main	github-actions[bot]	github-actions[bot]	Implement #171
36677651475	Dispatcher	workflow_run	completed	success	2026-09-30T06:19:38Z	2026-09-30T06:19:38Z	2026-09-30T06:20:04Z	main	gh-aw-spike-implementer[bot]	gh-aw-spike-implementer[bot]	Dispatcher
36677637247	Merged	pull_request	completed	success	2026-09-30T06:19:27Z	2026-09-30T06:19:27Z	2026-09-30T06:19:36Z	textfield-component-9c7c7443a5d7924a	gh-aw-spike-implementer[bot]	gh-aw-spike-implementer[bot]	[implementer] feat: implement TextField component (Issue #170)
36677635550	Back to refinement	push	completed	skipped	2026-09-30T06:19:26Z	2026-09-30T06:19:26Z	2026-09-30T06:19:35Z	develop	github-merge-queue[bot]	github-merge-queue[bot]	[implementer] feat: implement TextField component (Issue #170) (#208)
36677635523	Unblock detect	push	completed	success	2026-09-30T06:19:26Z	2026-09-30T06:19:26Z	2026-09-30T06:19:38Z	develop	github-merge-queue[bot]	github-merge-queue[bot]	[implementer] feat: implement TextField component (Issue #170) (#208)
36677635533	CI	push	completed	success	2026-09-30T06:19:26Z	2026-09-30T06:19:26Z	2026-09-30T06:20:35Z	develop	github-merge-queue[bot]	github-merge-queue[bot]	[implementer] feat: implement TextField component (Issue #170) (#208)
36677507273	Conventions	merge_group	completed	success	2026-09-30T06:17:51Z	2026-09-30T06:17:51Z	2026-09-30T06:17:59Z	gh-readonly-queue/develop/pr-208-3c648676828b91f80a0321467ed7bd97a0073ab8	gh-aw-spike-implementer[bot]	gh-aw-spike-implementer[bot]	Conventions
36677507335	CI	merge_group	completed	success	2026-09-30T06:17:51Z	2026-09-30T06:17:51Z	2026-09-30T06:18:48Z	gh-readonly-queue/develop/pr-208-3c648676828b91f80a0321467ed7bd97a0073ab8	gh-aw-spike-implementer[bot]	gh-aw-spike-implementer[bot]	CI
36677507230	Merge group gate	merge_group	completed	success	2026-09-30T06:17:51Z	2026-09-30T06:17:51Z	2026-09-30T06:18:01Z	gh-readonly-queue/develop/pr-208-3c648676828b91f80a0321467ed7bd97a0073ab8	gh-aw-spike-implementer[bot]	gh-aw-spike-implementer[bot]	Merge group gate
36676665007	Hold	pull_request	completed	success	2026-09-30T06:07:39Z	2026-09-30T06:07:39Z	2026-09-30T06:07:44Z	textfield-component-9c7c7443a5d7924a	gh-aw-spike-implementer[bot]	gh-aw-spike-implementer[bot]	[implementer] feat: implement TextField component (Issue #170)
36676663814	Review #208	pull_request	completed	success	2026-09-30T06:07:38Z	2026-09-30T06:07:38Z	2026-09-30T06:17:03Z	textfield-component-9c7c7443a5d7924a	gh-aw-spike-implementer[bot]	gh-aw-spike-implementer[bot]	Review #208
36676663939	Hold	pull_request	completed	success	2026-09-30T06:07:38Z	2026-09-30T06:07:38Z	2026-09-30T06:07:44Z	textfield-component-9c7c7443a5d7924a	gh-aw-spike-implementer[bot]	gh-aw-spike-implementer[bot]	[implementer] feat: implement TextField component (Issue #170)
36676663979	Hold	pull_request	completed	success	2026-09-30T06:07:38Z	2026-09-30T06:07:38Z	2026-09-30T06:07:44Z	textfield-component-9c7c7443a5d7924a	gh-aw-spike-implementer[bot]	gh-aw-spike-implementer[bot]	[implementer] feat: implement TextField component (Issue #170)
36676664050	CI	pull_request	completed	success	2026-09-30T06:07:38Z	2026-09-30T06:07:38Z	2026-09-30T06:08:53Z	textfield-component-9c7c7443a5d7924a	gh-aw-spike-implementer[bot]	gh-aw-spike-implementer[bot]	[implementer] feat: implement TextField component (Issue #170)
36676663833	Conventions	pull_request	completed	success	2026-09-30T06:07:38Z	2026-09-30T06:07:38Z	2026-09-30T06:07:48Z	textfield-component-9c7c7443a5d7924a	gh-aw-spike-implementer[bot]	gh-aw-spike-implementer[bot]	[implementer] feat: implement TextField component (Issue #170)
36675721641	Rework #205	workflow_dispatch	completed	success	2026-09-30T05:56:13Z	2026-09-30T06:31:55Z	2026-09-30T06:35:35Z	main	github-actions[bot]	ViktorJT	Rework #205
36675710694	Implement #170	workflow_dispatch	completed	success	2026-09-30T05:56:04Z	2026-09-30T05:56:04Z	2026-09-30T06:08:59Z	main	github-actions[bot]	github-actions[bot]	Implement #170
36675685128	Dispatcher	workflow_run	completed	success	2026-09-30T05:55:45Z	2026-09-30T05:55:45Z	2026-09-30T05:56:08Z	main	gh-aw-spike-implementer[bot]	gh-aw-spike-implementer[bot]	Dispatcher
36675670126	Merged	pull_request	completed	success	2026-09-30T05:55:34Z	2026-09-30T05:55:34Z	2026-09-30T05:55:43Z	feat/auth-168-84d25c155578d7db	gh-aw-spike-implementer[bot]	gh-aw-spike-implementer[bot]	[implementer] Implement authentication: user accounts, sessions, sign-up, sign-in, and GET /api/me
36675530306	Back to refinement	push	completed	skipped	2026-09-30T05:53:49Z	2026-09-30T05:53:49Z	2026-09-30T05:53:50Z	develop	github-merge-queue[bot]	github-merge-queue[bot]	[implementer] Implement authentication: user accounts, sessions, sign…
36675530320	Unblock detect	push	completed	success	2026-09-30T05:53:49Z	2026-09-30T05:53:49Z	2026-09-30T05:53:58Z	develop	github-merge-queue[bot]	github-merge-queue[bot]	[implementer] Implement authentication: user accounts, sessions, sign…
36675530342	CI	push	completed	success	2026-09-30T05:53:49Z	2026-09-30T05:53:49Z	2026-09-30T05:55:04Z	develop	github-merge-queue[bot]	github-merge-queue[bot]	[implementer] Implement authentication: user accounts, sessions, sign…
36675519819	Agentic Maintenance	schedule	completed	success	2026-09-30T05:53:40Z	2026-09-30T05:53:40Z	2026-09-30T05:53:58Z	main	ViktorJT	ViktorJT	Agentic Maintenance
36675310791	Merge group gate	merge_group	completed	success	2026-09-30T05:51:03Z	2026-09-30T05:51:03Z	2026-09-30T05:51:24Z	gh-readonly-queue/develop/pr-194-d37bb3889666b3a13e76ff04d35526809f361900	gh-aw-spike-implementer[bot]	gh-aw-spike-implementer[bot]	Merge group gate
36675310946	Conventions	merge_group	completed	success	2026-09-30T05:51:03Z	2026-09-30T05:51:03Z	2026-09-30T05:51:09Z	gh-readonly-queue/develop/pr-194-d37bb3889666b3a13e76ff04d35526809f361900	gh-aw-spike-implementer[bot]	gh-aw-spike-implementer[bot]	Conventions
36675310758	CI	merge_group	completed	success	2026-09-30T05:51:03Z	2026-09-30T05:51:03Z	2026-09-30T05:52:03Z	gh-readonly-queue/develop/pr-194-d37bb3889666b3a13e76ff04d35526809f361900	gh-aw-spike-implementer[bot]	gh-aw-spike-implementer[bot]	CI
36675018713	Review #205	pull_request	completed	success	2026-09-30T05:47:15Z	2026-09-30T05:47:15Z	2026-09-30T05:56:27Z	implement/button-component-rework-f957ebd3b14bdbc9	gh-aw-spike-implementer[bot]	gh-aw-spike-implementer[bot]	Review #205
36675018731	Hold	pull_request	completed	success	2026-09-30T05:47:15Z	2026-09-30T05:47:15Z	2026-09-30T05:47:21Z	implement/button-component-rework-f957ebd3b14bdbc9	gh-aw-spike-implementer[bot]	gh-aw-spike-implementer[bot]	[implementer] Implement Button component with all design variants
36675018743	Conventions	pull_request	completed	success	2026-09-30T05:47:15Z	2026-09-30T05:47:15Z	2026-09-30T05:47:59Z	implement/button-component-rework-f957ebd3b14bdbc9	gh-aw-spike-implementer[bot]	gh-aw-spike-implementer[bot]	[implementer] Implement Button component with all design variants
36675018724	CI	pull_request	completed	success	2026-09-30T05:47:15Z	2026-09-30T05:47:15Z	2026-09-30T05:48:13Z	implement/button-component-rework-f957ebd3b14bdbc9	gh-aw-spike-implementer[bot]	gh-aw-spike-implementer[bot]	[implementer] Implement Button component with all design variants
36675016639	Hold	pull_request	completed	success	2026-09-30T05:47:14Z	2026-09-30T05:47:14Z	2026-09-30T05:47:20Z	implement/button-component-rework-f957ebd3b14bdbc9	gh-aw-spike-implementer[bot]	gh-aw-spike-implementer[bot]	[implementer] Implement Button component with all design variants
36674684818	Review #194	pull_request	completed	success	2026-09-30T05:43:02Z	2026-09-30T05:43:02Z	2026-09-30T05:51:21Z	feat/auth-168-84d25c155578d7db	gh-aw-spike-implementer[bot]	gh-aw-spike-implementer[bot]	Review #194
36674684831	Hold	pull_request	completed	success	2026-09-30T05:43:02Z	2026-09-30T05:43:02Z	2026-09-30T05:43:09Z	feat/auth-168-84d25c155578d7db	gh-aw-spike-implementer[bot]	gh-aw-spike-implementer[bot]	[implementer] Implement authentication: user accounts, sessions, sign-up, sign-in, and GET /api/me
36674684897	CI	pull_request	completed	success	2026-09-30T05:43:02Z	2026-09-30T05:43:02Z	2026-09-30T05:44:04Z	feat/auth-168-84d25c155578d7db	gh-aw-spike-implementer[bot]	gh-aw-spike-implementer[bot]	[implementer] Implement authentication: user accounts, sessions, sign-up, sign-in, and GET /api/me
36674684910	Conventions	pull_request	completed	success	2026-09-30T05:43:02Z	2026-09-30T05:43:02Z	2026-09-30T05:43:13Z	feat/auth-168-84d25c155578d7db	gh-aw-spike-implementer[bot]	gh-aw-spike-implementer[bot]	[implementer] Implement authentication: user accounts, sessions, sign-up, sign-in, and GET /api/me
36674677488	What needs you	schedule	completed	success	2026-09-30T05:42:56Z	2026-09-30T05:42:56Z	2026-09-30T05:43:21Z	main	ViktorJT	ViktorJT	What needs you
36674016191	Implement #169	workflow_dispatch	completed	success	2026-09-30T05:34:16Z	2026-09-30T05:34:16Z	2026-09-30T05:48:30Z	main	github-actions[bot]	github-actions[bot]	Implement #169
36673994711	Dispatcher	workflow_run	completed	success	2026-09-30T05:33:59Z	2026-09-30T05:33:59Z	2026-09-30T05:34:19Z	main	gh-aw-spike-implementer[bot]	gh-aw-spike-implementer[bot]	Dispatcher
36673984300	Back to refinement	push	completed	skipped	2026-09-30T05:33:51Z	2026-09-30T05:33:51Z	2026-09-30T05:34:01Z	develop	github-merge-queue[bot]	github-merge-queue[bot]	[implementer] Add theme tokens for all colour variables in design (#180)
36673984328	Unblock detect	push	completed	success	2026-09-30T05:33:51Z	2026-09-30T05:33:51Z	2026-09-30T05:34:04Z	develop	github-merge-queue[bot]	github-merge-queue[bot]	[implementer] Add theme tokens for all colour variables in design (#180)
36673984315	CI	push	completed	success	2026-09-30T05:33:51Z	2026-09-30T05:33:51Z	2026-09-30T05:35:28Z	develop	github-merge-queue[bot]	github-merge-queue[bot]	[implementer] Add theme tokens for all colour variables in design (#180)
36673982210	Merged	pull_request	completed	success	2026-09-30T05:33:49Z	2026-09-30T05:33:49Z	2026-09-30T05:33:57Z	color-theme-tokens-f711765c70988907	gh-aw-spike-implementer[bot]	gh-aw-spike-implementer[bot]	[implementer] Add theme tokens for all colour variables in design
36673916245	Rework #194	workflow_dispatch	completed	success	2026-09-30T05:32:59Z	2026-09-30T05:32:59Z	2026-09-30T05:43:41Z	main	github-actions[bot]	github-actions[bot]	Rework #194
36673895809	Conventions	merge_group	completed	success	2026-09-30T05:32:42Z	2026-09-30T05:32:42Z	2026-09-30T05:32:50Z	gh-readonly-queue/develop/pr-180-949256311818530abadb7c6c80b3bb23ca06700c	gh-aw-spike-implementer[bot]	gh-aw-spike-implementer[bot]	Conventions
36673895872	Merge group gate	merge_group	completed	success	2026-09-30T05:32:42Z	2026-09-30T05:32:42Z	2026-09-30T05:32:51Z	gh-readonly-queue/develop/pr-180-949256311818530abadb7c6c80b3bb23ca06700c	gh-aw-spike-implementer[bot]	gh-aw-spike-implementer[bot]	Merge group gate
36673895806	CI	merge_group	completed	success	2026-09-30T05:32:42Z	2026-09-30T05:32:42Z	2026-09-30T05:33:42Z	gh-readonly-queue/develop/pr-180-949256311818530abadb7c6c80b3bb23ca06700c	gh-aw-spike-implementer[bot]	gh-aw-spike-implementer[bot]	CI
36673442544	Hold	pull_request	completed	success	2026-09-30T05:26:53Z	2026-09-30T05:26:53Z	2026-09-30T05:27:12Z	feat/auth-168-84d25c155578d7db	gh-aw-spike-implementer[bot]	gh-aw-spike-implementer[bot]	[implementer] Implement authentication: user accounts, sessions, sign-up, sign-in, and GET /api/me
36673428021	Hold	pull_request	completed	success	2026-09-30T05:26:42Z	2026-09-30T05:26:42Z	2026-09-30T05:26:48Z	feat/auth-168-84d25c155578d7db	gh-aw-spike-implementer[bot]	gh-aw-spike-implementer[bot]	[implementer] Implement authentication: user accounts, sessions, sign-up, sign-in, and GET /api/me
36673428040	Conventions	pull_request	completed	success	2026-09-30T05:26:42Z	2026-09-30T05:26:42Z	2026-09-30T05:26:51Z	feat/auth-168-84d25c155578d7db	gh-aw-spike-implementer[bot]	gh-aw-spike-implementer[bot]	[implementer] Implement authentication: user accounts, sessions, sign-up, sign-in, and GET /api/me
36673428109	CI	pull_request	completed	success	2026-09-30T05:26:42Z	2026-09-30T05:26:42Z	2026-09-30T05:27:44Z	feat/auth-168-84d25c155578d7db	gh-aw-spike-implementer[bot]	gh-aw-spike-implementer[bot]	[implementer] Implement authentication: user accounts, sessions, sign-up, sign-in, and GET /api/me
36673428078	Review #194	pull_request	completed	success	2026-09-30T05:26:42Z	2026-09-30T05:26:42Z	2026-09-30T05:33:11Z	feat/auth-168-84d25c155578d7db	gh-aw-spike-implementer[bot]	gh-aw-spike-implementer[bot]	Review #194
36673108625	Conventions	pull_request	completed	success	2026-09-30T05:22:31Z	2026-09-30T05:22:31Z	2026-09-30T05:22:40Z	color-theme-tokens-f711765c70988907	gh-aw-spike-implementer[bot]	gh-aw-spike-implementer[bot]	[implementer] Add theme tokens for all colour variables in design
36673108539	Hold	pull_request	completed	success	2026-09-30T05:22:31Z	2026-09-30T05:22:31Z	2026-09-30T05:22:36Z	color-theme-tokens-f711765c70988907	gh-aw-spike-implementer[bot]	gh-aw-spike-implementer[bot]	[implementer] Add theme tokens for all colour variables in design
36673108818	CI	pull_request	completed	success	2026-09-30T05:22:31Z	2026-09-30T05:22:31Z	2026-09-30T05:23:26Z	color-theme-tokens-f711765c70988907	gh-aw-spike-implementer[bot]	gh-aw-spike-implementer[bot]	[implementer] Add theme tokens for all colour variables in design
36673108597	Review #180	pull_request	completed	success	2026-09-30T05:22:31Z	2026-09-30T05:22:31Z	2026-09-30T05:33:09Z	color-theme-tokens-f711765c70988907	gh-aw-spike-implementer[bot]	gh-aw-spike-implementer[bot]	Review #180
36673106286	Hold	pull_request	completed	success	2026-09-30T05:22:29Z	2026-09-30T05:22:29Z	2026-09-30T05:22:36Z	color-theme-tokens-f711765c70988907	gh-aw-spike-implementer[bot]	gh-aw-spike-implementer[bot]	[implementer] Add theme tokens for all colour variables in design
36672582478	Implement #168	workflow_dispatch	completed	success	2026-09-30T05:15:33Z	2026-09-30T05:15:33Z	2026-09-30T05:27:28Z	main	github-actions[bot]	github-actions[bot]	Implement #168
36672579492	Implement #167	workflow_dispatch	completed	success	2026-09-30T05:15:31Z	2026-09-30T05:15:31Z	2026-09-30T05:23:46Z	main	github-actions[bot]	github-actions[bot]	Implement #167
36672509528	Dispatcher	workflow_dispatch	completed	success	2026-09-30T05:14:37Z	2026-09-30T05:14:37Z	2026-09-30T05:15:37Z	main	ViktorJT	ViktorJT	Dispatcher
36671551311	CI	push	completed	success	2026-09-30T05:02:05Z	2026-09-30T05:02:05Z	2026-09-30T05:02:59Z	develop	ViktorJT	ViktorJT	Merge remote-tracking branch 'origin/main' into develop
36671551330	Back to refinement	push	completed	success	2026-09-30T05:02:05Z	2026-09-30T05:02:05Z	2026-09-30T05:02:12Z	develop	ViktorJT	ViktorJT	Merge remote-tracking branch 'origin/main' into develop
36671551318	Unblock detect	push	completed	success	2026-09-30T05:02:05Z	2026-09-30T05:02:05Z	2026-09-30T05:02:12Z	develop	ViktorJT	ViktorJT	Merge remote-tracking branch 'origin/main' into develop
36671551477	Config drift	push	completed	success	2026-09-30T05:02:05Z	2026-09-30T05:02:05Z	2026-09-30T05:02:13Z	develop	ViktorJT	ViktorJT	Merge remote-tracking branch 'origin/main' into develop
36671530824	Config drift	push	completed	failure	2026-09-30T05:01:50Z	2026-09-30T05:01:50Z	2026-09-30T05:01:59Z	main	ViktorJT	ViktorJT	Merge pull request #179 from Viktor-Jensen-Torp/people-keep-ready
36671531130	Back to refinement	push	completed	success	2026-09-30T05:01:50Z	2026-09-30T05:01:50Z	2026-09-30T05:01:59Z	main	ViktorJT	ViktorJT	Merge pull request #179 from Viktor-Jensen-Torp/people-keep-ready
36671530740	CI	push	completed	success	2026-09-30T05:01:50Z	2026-09-30T05:01:50Z	2026-09-30T05:02:46Z	main	ViktorJT	ViktorJT	Merge pull request #179 from Viktor-Jensen-Torp/people-keep-ready
36671493716	Hold	pull_request	completed	success	2026-09-30T05:01:21Z	2026-09-30T05:01:21Z	2026-09-30T05:01:26Z	people-keep-ready	ViktorJT	ViktorJT	A person's edit or comment keeps an issue ready
36671493707	Release read	pull_request	completed	skipped	2026-09-30T05:01:21Z	2026-09-30T05:01:21Z	2026-09-30T05:01:23Z	people-keep-ready	ViktorJT	ViktorJT	Release read
36671493732	Pipeline tests	pull_request	completed	success	2026-09-30T05:01:21Z	2026-09-30T05:01:21Z	2026-09-30T05:02:11Z	people-keep-ready	ViktorJT	ViktorJT	A person's edit or comment keeps an issue ready
36671493684	CI	pull_request	completed	success	2026-09-30T05:01:21Z	2026-09-30T05:01:21Z	2026-09-30T05:02:20Z	people-keep-ready	ViktorJT	ViktorJT	A person's edit or comment keeps an issue ready
36671421139	Hold	pull_request	completed	success	2026-09-30T05:00:29Z	2026-09-30T05:00:29Z	2026-09-30T05:00:37Z	people-keep-ready	ViktorJT	ViktorJT	A person's edit or comment keeps an issue ready
36671421138	Release read	pull_request	completed	skipped	2026-09-30T05:00:29Z	2026-09-30T05:00:29Z	2026-09-30T05:00:31Z	people-keep-ready	ViktorJT	ViktorJT	Release read
36671421171	Pipeline tests	pull_request	completed	success	2026-09-30T05:00:29Z	2026-09-30T05:00:29Z	2026-09-30T05:01:02Z	people-keep-ready	ViktorJT	ViktorJT	A person's edit or comment keeps an issue ready
36671421148	CI	pull_request	completed	success	2026-09-30T05:00:29Z	2026-09-30T05:00:29Z	2026-09-30T05:01:27Z	people-keep-ready	ViktorJT	ViktorJT	A person's edit or comment keeps an issue ready
36660003965	Dispatcher	schedule	completed	success	2026-09-30T02:28:28Z	2026-09-30T02:28:28Z	2026-09-30T02:28:45Z	main	ViktorJT	ViktorJT	Dispatcher
36655131072	Sweeper	schedule	completed	success	2026-09-30T01:26:36Z	2026-09-30T01:26:36Z	2026-09-30T01:27:28Z	main	ViktorJT	ViktorJT	Sweeper
36647011935	What needs you	schedule	completed	success	2026-09-29T23:47:06Z	2026-09-29T23:47:06Z	2026-09-29T23:47:24Z	main	ViktorJT	ViktorJT	What needs you
36646917196	Dispatcher	schedule	completed	success	2026-09-29T23:45:58Z	2026-09-29T23:45:58Z	2026-09-29T23:46:14Z	main	ViktorJT	ViktorJT	Dispatcher
36637155210	Sweeper	schedule	completed	success	2026-09-29T22:02:38Z	2026-09-29T22:02:38Z	2026-09-29T22:02:58Z	main	ViktorJT	ViktorJT	Sweeper
36633011941	Dispatcher	workflow_run	completed	success	2026-09-29T21:24:05Z	2026-09-29T21:24:05Z	2026-09-29T21:24:21Z	main	ViktorJT	ViktorJT	Dispatcher
36632993824	Merged	pull_request	completed	success	2026-09-29T21:23:56Z	2026-09-29T21:23:56Z	2026-09-29T21:24:03Z	design-components	ViktorJT	ViktorJT	Design: reusable components and colour variables
36632990713	Unblock detect	push	completed	success	2026-09-29T21:23:54Z	2026-09-29T21:23:54Z	2026-09-29T21:24:03Z	develop	github-merge-queue[bot]	github-merge-queue[bot]	Design: reusable components and colour variables (#165)
36632990750	Back to refinement	push	completed	skipped	2026-09-29T21:23:54Z	2026-09-29T21:23:54Z	2026-09-29T21:23:55Z	develop	github-merge-queue[bot]	github-merge-queue[bot]	Design: reusable components and colour variables (#165)
36632990744	CI	push	completed	success	2026-09-29T21:23:54Z	2026-09-29T21:23:54Z	2026-09-29T21:24:53Z	develop	github-merge-queue[bot]	github-merge-queue[bot]	Design: reusable components and colour variables (#165)
36632816898	Merge group gate	merge_group	completed	success	2026-09-29T21:22:21Z	2026-09-29T21:22:21Z	2026-09-29T21:22:31Z	gh-readonly-queue/develop/pr-165-00c6efcb3a2cdf029e968f95cdb38e3d18f2fc34	ViktorJT	ViktorJT	Merge group gate
36632817012	Conventions	merge_group	completed	success	2026-09-29T21:22:21Z	2026-09-29T21:22:21Z	2026-09-29T21:22:29Z	gh-readonly-queue/develop/pr-165-00c6efcb3a2cdf029e968f95cdb38e3d18f2fc34	ViktorJT	ViktorJT	Conventions
36632816871	CI	merge_group	completed	success	2026-09-29T21:22:21Z	2026-09-29T21:22:21Z	2026-09-29T21:23:20Z	gh-readonly-queue/develop/pr-165-00c6efcb3a2cdf029e968f95cdb38e3d18f2fc34	ViktorJT	ViktorJT	CI
36632758461	Back to refinement	issue_comment	completed	skipped	2026-09-29T21:21:51Z	2026-09-29T21:21:51Z	2026-09-29T21:21:51Z	main	gh-aw-spike-reviewer[bot]	gh-aw-spike-reviewer[bot]	Design: reusable components and colour variables
36632694502	CI	push	completed	success	2026-09-29T21:21:16Z	2026-09-29T21:21:16Z	2026-09-29T21:22:50Z	develop	ViktorJT	ViktorJT	Merge pull request #164 from Viktor-Jensen-Torp/design-refs
36632694529	Back to refinement	push	completed	success	2026-09-29T21:21:16Z	2026-09-29T21:21:16Z	2026-09-29T21:21:28Z	develop	ViktorJT	ViktorJT	Merge pull request #164 from Viktor-Jensen-Torp/design-refs
36632694512	Config drift	push	completed	success	2026-09-29T21:21:16Z	2026-09-29T21:21:16Z	2026-09-29T21:21:26Z	develop	ViktorJT	ViktorJT	Merge pull request #164 from Viktor-Jensen-Torp/design-refs
36632694522	Unblock detect	push	completed	success	2026-09-29T21:21:16Z	2026-09-29T21:21:16Z	2026-09-29T21:21:25Z	develop	ViktorJT	ViktorJT	Merge pull request #164 from Viktor-Jensen-Torp/design-refs
36632143141	Back to refinement	push	completed	success	2026-09-29T21:16:18Z	2026-09-29T21:16:18Z	2026-09-29T21:16:27Z	main	ViktorJT	ViktorJT	Merge pull request #164 from Viktor-Jensen-Torp/design-refs
36632143031	Config drift	push	completed	failure	2026-09-29T21:16:18Z	2026-09-29T21:16:18Z	2026-09-29T21:16:27Z	main	ViktorJT	ViktorJT	Merge pull request #164 from Viktor-Jensen-Torp/design-refs
36632143127	CI	push	completed	success	2026-09-29T21:16:18Z	2026-09-29T21:16:18Z	2026-09-29T21:17:24Z	main	ViktorJT	ViktorJT	Merge pull request #164 from Viktor-Jensen-Torp/design-refs
36631968711	Hold	pull_request	completed	success	2026-09-29T21:14:48Z	2026-09-29T21:14:48Z	2026-09-29T21:14:54Z	design-components	ViktorJT	ViktorJT	Design: reusable components and colour variables
36631968677	Conventions	pull_request	completed	success	2026-09-29T21:14:48Z	2026-09-29T21:14:48Z	2026-09-29T21:14:56Z	design-components	ViktorJT	ViktorJT	Design: reusable components and colour variables
36631968631	Review #165	pull_request	completed	success	2026-09-29T21:14:48Z	2026-09-29T21:14:48Z	2026-09-29T21:24:00Z	design-components	ViktorJT	ViktorJT	Review #165
36631968654	CI	pull_request	completed	success	2026-09-29T21:14:48Z	2026-09-29T21:14:48Z	2026-09-29T21:15:44Z	design-components	ViktorJT	ViktorJT	Design: reusable components and colour variables
36631932167	Hold	pull_request	completed	success	2026-09-29T21:14:29Z	2026-09-29T21:14:29Z	2026-09-29T21:14:37Z	design-refs	ViktorJT	ViktorJT	Design parts come with their components in place
36631932159	Release read	pull_request	completed	skipped	2026-09-29T21:14:29Z	2026-09-29T21:14:29Z	2026-09-29T21:14:31Z	design-refs	ViktorJT	ViktorJT	Release read
36631932349	CI	pull_request	completed	success	2026-09-29T21:14:29Z	2026-09-29T21:14:29Z	2026-09-29T21:15:26Z	design-refs	ViktorJT	ViktorJT	Design parts come with their components in place
36631932171	Pipeline tests	pull_request	completed	success	2026-09-29T21:14:29Z	2026-09-29T21:14:29Z	2026-09-29T21:15:11Z	design-refs	ViktorJT	ViktorJT	Design parts come with their components in place
36630684771	Unblock detect	push	completed	success	2026-09-29T21:03:28Z	2026-09-29T21:03:28Z	2026-09-29T21:04:13Z	develop	ViktorJT	ViktorJT	Merge pull request #160 from Viktor-Jensen-Torp/validate-in-ci
36630684667	Config drift	push	completed	success	2026-09-29T21:03:28Z	2026-09-29T21:03:28Z	2026-09-29T21:03:36Z	develop	ViktorJT	ViktorJT	Merge pull request #160 from Viktor-Jensen-Torp/validate-in-ci
36630684829	Back to refinement	push	completed	success	2026-09-29T21:03:28Z	2026-09-29T21:03:28Z	2026-09-29T21:03:36Z	develop	ViktorJT	ViktorJT	Merge pull request #160 from Viktor-Jensen-Torp/validate-in-ci
36630684885	CI	push	completed	success	2026-09-29T21:03:28Z	2026-09-29T21:03:28Z	2026-09-29T21:04:49Z	develop	ViktorJT	ViktorJT	Merge pull request #160 from Viktor-Jensen-Torp/validate-in-ci
36630506791	Config drift	push	completed	failure	2026-09-29T21:01:58Z	2026-09-29T21:01:58Z	2026-09-29T21:02:08Z	main	ViktorJT	ViktorJT	Merge pull request #160 from Viktor-Jensen-Torp/validate-in-ci
36630506784	Back to refinement	push	completed	success	2026-09-29T21:01:58Z	2026-09-29T21:01:58Z	2026-09-29T21:02:06Z	main	ViktorJT	ViktorJT	Merge pull request #160 from Viktor-Jensen-Torp/validate-in-ci
36630506769	CI	push	completed	success	2026-09-29T21:01:58Z	2026-09-29T21:01:58Z	2026-09-29T21:03:04Z	main	ViktorJT	ViktorJT	Merge pull request #160 from Viktor-Jensen-Torp/validate-in-ci
36630319576	Sweeper	workflow_dispatch	completed	success	2026-09-29T21:00:22Z	2026-09-29T21:00:22Z	2026-09-29T21:00:46Z	validate-in-ci	ViktorJT	ViktorJT	Sweeper
36630319777	Dispatcher	workflow_dispatch	completed	success	2026-09-29T21:00:22Z	2026-09-29T21:00:22Z	2026-09-29T21:00:46Z	validate-in-ci	ViktorJT	ViktorJT	Dispatcher
36630319909	Release	workflow_dispatch	completed	success	2026-09-29T21:00:22Z	2026-09-29T21:00:22Z	2026-09-29T21:00:33Z	validate-in-ci	ViktorJT	ViktorJT	Release
36629816406	Release read	pull_request	completed	skipped	2026-09-29T20:55:53Z	2026-09-29T20:55:53Z	2026-09-29T20:55:55Z	validate-in-ci	ViktorJT	ViktorJT	Release read
36629816274	Hold	pull_request	completed	success	2026-09-29T20:55:53Z	2026-09-29T20:55:53Z	2026-09-29T20:55:59Z	validate-in-ci	ViktorJT	ViktorJT	Pipeline tests run gh aw validate
36629816253	Pipeline tests	pull_request	completed	success	2026-09-29T20:55:53Z	2026-09-29T20:55:53Z	2026-09-29T20:56:33Z	validate-in-ci	ViktorJT	ViktorJT	Pipeline tests run gh aw validate
36629816427	CI	pull_request	completed	success	2026-09-29T20:55:53Z	2026-09-29T20:55:53Z	2026-09-29T20:56:59Z	validate-in-ci	ViktorJT	ViktorJT	Pipeline tests run gh aw validate
36629102681	Release read	pull_request	completed	skipped	2026-09-29T20:49:48Z	2026-09-29T20:49:48Z	2026-09-29T20:49:50Z	validate-in-ci	ViktorJT	ViktorJT	Release read
36629102725	Hold	pull_request	completed	success	2026-09-29T20:49:48Z	2026-09-29T20:49:48Z	2026-09-29T20:49:55Z	validate-in-ci	ViktorJT	ViktorJT	Pipeline tests run gh aw validate
36629102973	Pipeline tests	pull_request	completed	failure	2026-09-29T20:49:48Z	2026-09-29T20:49:48Z	2026-09-29T20:50:24Z	validate-in-ci	ViktorJT	ViktorJT	Pipeline tests run gh aw validate
36629102688	CI	pull_request	completed	success	2026-09-29T20:49:48Z	2026-09-29T20:49:48Z	2026-09-29T20:50:49Z	validate-in-ci	ViktorJT	ViktorJT	Pipeline tests run gh aw validate
36628881457	Back to refinement	issue_comment	completed	success	2026-09-29T20:47:53Z	2026-09-29T20:47:53Z	2026-09-29T20:48:05Z	main	ViktorJT	ViktorJT	Weekly docs gardener: one small pull request that cuts or fixes a document
36628843994	Hold	pull_request	completed	success	2026-09-29T20:47:33Z	2026-09-29T20:47:33Z	2026-09-29T20:47:39Z	validate-in-ci	ViktorJT	ViktorJT	Pipeline tests run gh aw validate
36628843699	Release read	pull_request	completed	skipped	2026-09-29T20:47:33Z	2026-09-29T20:47:33Z	2026-09-29T20:47:34Z	validate-in-ci	ViktorJT	ViktorJT	Release read
36628843894	Pipeline tests	pull_request	completed	success	2026-09-29T20:47:33Z	2026-09-29T20:47:33Z	2026-09-29T20:48:00Z	validate-in-ci	ViktorJT	ViktorJT	Pipeline tests run gh aw validate
36628843919	CI	pull_request	completed	success	2026-09-29T20:47:33Z	2026-09-29T20:47:33Z	2026-09-29T20:48:29Z	validate-in-ci	ViktorJT	ViktorJT	Pipeline tests run gh aw validate
36628120519	Unblock detect	push	completed	success	2026-09-29T20:41:25Z	2026-09-29T20:41:25Z	2026-09-29T20:41:31Z	develop	ViktorJT	ViktorJT	Merge pull request #159 from Viktor-Jensen-Torp/review-no-npm
36628120451	Config drift	push	completed	success	2026-09-29T20:41:25Z	2026-09-29T20:41:25Z	2026-09-29T20:41:33Z	develop	ViktorJT	ViktorJT	Merge pull request #159 from Viktor-Jensen-Torp/review-no-npm
36628120527	Back to refinement	push	completed	success	2026-09-29T20:41:25Z	2026-09-29T20:41:25Z	2026-09-29T20:41:34Z	develop	ViktorJT	ViktorJT	Merge pull request #159 from Viktor-Jensen-Torp/review-no-npm
36628120452	CI	push	completed	success	2026-09-29T20:41:25Z	2026-09-29T20:41:25Z	2026-09-29T20:42:26Z	develop	ViktorJT	ViktorJT	Merge pull request #159 from Viktor-Jensen-Torp/review-no-npm
36628037905	Back to refinement	push	completed	success	2026-09-29T20:40:44Z	2026-09-29T20:40:44Z	2026-09-29T20:40:57Z	main	ViktorJT	ViktorJT	Merge pull request #159 from Viktor-Jensen-Torp/review-no-npm
36628037975	Config drift	push	completed	failure	2026-09-29T20:40:44Z	2026-09-29T20:40:44Z	2026-09-29T20:40:51Z	main	ViktorJT	ViktorJT	Merge pull request #159 from Viktor-Jensen-Torp/review-no-npm
36628037917	CI	push	completed	success	2026-09-29T20:40:44Z	2026-09-29T20:40:44Z	2026-09-29T20:42:20Z	main	ViktorJT	ViktorJT	Merge pull request #159 from Viktor-Jensen-Torp/review-no-npm
36627909966	Hold	pull_request	completed	success	2026-09-29T20:39:41Z	2026-09-29T20:39:41Z	2026-09-29T20:44:48Z	review-no-npm	ViktorJT	ViktorJT	Review's agent cannot reach the npm registry
36627909826	Release read	pull_request	completed	skipped	2026-09-29T20:39:40Z	2026-09-29T20:39:40Z	2026-09-29T20:39:43Z	review-no-npm	ViktorJT	ViktorJT	Release read
36627909761	Pipeline tests	pull_request	completed	success	2026-09-29T20:39:40Z	2026-09-29T20:39:40Z	2026-09-29T20:40:06Z	review-no-npm	ViktorJT	ViktorJT	Review's agent cannot reach the npm registry
36627909801	CI	pull_request	completed	success	2026-09-29T20:39:40Z	2026-09-29T20:39:40Z	2026-09-29T20:40:38Z	review-no-npm	ViktorJT	ViktorJT	Review's agent cannot reach the npm registry
36626662367	CI	push	completed	success	2026-09-29T20:29:10Z	2026-09-29T20:29:10Z	2026-09-29T20:30:49Z	develop	ViktorJT	ViktorJT	Merge pull request #158 from Viktor-Jensen-Torp/develop
36626662267	Unblock detect	push	completed	success	2026-09-29T20:29:10Z	2026-09-29T20:29:10Z	2026-09-29T20:29:18Z	develop	ViktorJT	ViktorJT	Merge pull request #158 from Viktor-Jensen-Torp/develop
36626662480	Back to refinement	push	completed	success	2026-09-29T20:29:10Z	2026-09-29T20:29:10Z	2026-09-29T20:29:18Z	develop	ViktorJT	ViktorJT	Merge pull request #158 from Viktor-Jensen-Torp/develop
36626662614	Config drift	push	completed	success	2026-09-29T20:29:10Z	2026-09-29T20:29:10Z	2026-09-29T20:29:18Z	develop	ViktorJT	ViktorJT	Merge pull request #158 from Viktor-Jensen-Torp/develop
36626610114	Back to refinement	issues	completed	success	2026-09-29T20:28:42Z	2026-09-29T20:28:42Z	2026-09-29T20:28:50Z	main	ViktorJT	ViktorJT	Storybook for the web app's shared components
36626610333	Epic closer	issues	completed	success	2026-09-29T20:28:42Z	2026-09-29T20:28:42Z	2026-09-29T20:28:51Z	main	ViktorJT	ViktorJT	Storybook for the web app's shared components
36626608719	Epic closer	issues	completed	success	2026-09-29T20:28:41Z	2026-09-29T20:28:41Z	2026-09-29T20:28:48Z	main	ViktorJT	ViktorJT	Button component
36626609803	Back to refinement	issues	completed	success	2026-09-29T20:28:41Z	2026-09-29T20:28:41Z	2026-09-29T20:28:49Z	main	ViktorJT	ViktorJT	Show the API's health on the web app's start page
36626608773	Back to refinement	issues	completed	success	2026-09-29T20:28:41Z	2026-09-29T20:28:41Z	2026-09-29T20:28:49Z	main	ViktorJT	ViktorJT	Button component
36626609700	Epic closer	issues	completed	success	2026-09-29T20:28:41Z	2026-09-29T20:28:41Z	2026-09-29T20:28:50Z	main	ViktorJT	ViktorJT	Show the API's health on the web app's start page
36626607555	Back to refinement	push	completed	success	2026-09-29T20:28:40Z	2026-09-29T20:28:40Z	2026-09-29T20:28:50Z	main	ViktorJT	ViktorJT	Merge pull request #158 from Viktor-Jensen-Torp/develop
36626607497	CI	push	completed	success	2026-09-29T20:28:40Z	2026-09-29T20:28:40Z	2026-09-29T20:29:42Z	main	ViktorJT	ViktorJT	Merge pull request #158 from Viktor-Jensen-Torp/develop
36626549654	Back to refinement	push	completed	success	2026-09-29T20:28:11Z	2026-09-29T20:28:11Z	2026-09-29T20:28:22Z	main	ViktorJT	ViktorJT	Merge pull request #157 from Viktor-Jensen-Torp/release-read-scope
36626549704	Config drift	push	completed	failure	2026-09-29T20:28:11Z	2026-09-29T20:28:11Z	2026-09-29T20:28:55Z	main	ViktorJT	ViktorJT	Merge pull request #157 from Viktor-Jensen-Torp/release-read-scope
36626549683	CI	push	completed	success	2026-09-29T20:28:11Z	2026-09-29T20:28:11Z	2026-09-29T20:28:58Z	main	ViktorJT	ViktorJT	Merge pull request #157 from Viktor-Jensen-Torp/release-read-scope
36626394831	Back to refinement	issue_comment	completed	skipped	2026-09-29T20:26:49Z	2026-09-29T20:26:49Z	2026-09-29T20:26:50Z	main	gh-aw-spike-reviewer[bot]	gh-aw-spike-reviewer[bot]	Release 2026-09-29
36625770617	Release read	pull_request	completed	success	2026-09-29T20:21:27Z	2026-09-29T20:21:27Z	2026-09-29T20:27:24Z	develop	gh-aw-spike-reviewer[bot]	gh-aw-spike-reviewer[bot]	Release read
36625770535	Hold	pull_request	completed	success	2026-09-29T20:21:27Z	2026-09-29T20:21:27Z	2026-09-29T20:21:32Z	develop	gh-aw-spike-reviewer[bot]	gh-aw-spike-reviewer[bot]	Release 2026-09-29
36625770739	CI	pull_request	completed	success	2026-09-29T20:21:27Z	2026-09-29T20:21:27Z	2026-09-29T20:22:24Z	develop	gh-aw-spike-reviewer[bot]	gh-aw-spike-reviewer[bot]	Release 2026-09-29
36625744585	Release	workflow_dispatch	completed	success	2026-09-29T20:21:14Z	2026-09-29T20:21:14Z	2026-09-29T20:21:27Z	main	ViktorJT	ViktorJT	Release
36625685957	Pipeline tests	pull_request	completed	success	2026-09-29T20:20:44Z	2026-09-29T20:20:44Z	2026-09-29T20:21:11Z	release-read-scope	ViktorJT	ViktorJT	Release read runs only on the release pull request
36625685498	Release read	pull_request	completed	skipped	2026-09-29T20:20:43Z	2026-09-29T20:20:43Z	2026-09-29T20:20:45Z	release-read-scope	ViktorJT	ViktorJT	Release read
36625685499	Hold	pull_request	completed	success	2026-09-29T20:20:43Z	2026-09-29T20:20:43Z	2026-09-29T20:20:50Z	release-read-scope	ViktorJT	ViktorJT	Release read runs only on the release pull request
36625685570	CI	pull_request	completed	success	2026-09-29T20:20:43Z	2026-09-29T20:20:43Z	2026-09-29T20:21:39Z	release-read-scope	ViktorJT	ViktorJT	Release read runs only on the release pull request
36624597032	Back to refinement	push	completed	success	2026-09-29T20:11:37Z	2026-09-29T20:11:37Z	2026-09-29T20:11:48Z	develop	ViktorJT	ViktorJT	Sync main into develop: What needs you (#155)
36624595886	What needs you	workflow_dispatch	completed	success	2026-09-29T20:11:37Z	2026-09-29T20:11:37Z	2026-09-29T20:12:02Z	main	ViktorJT	ViktorJT	What needs you
36624597259	CI	push	completed	success	2026-09-29T20:11:37Z	2026-09-29T20:11:37Z	2026-09-29T20:12:39Z	develop	ViktorJT	ViktorJT	Sync main into develop: What needs you (#155)
36624597554	Unblock detect	push	completed	success	2026-09-29T20:11:37Z	2026-09-29T20:11:37Z	2026-09-29T20:11:46Z	develop	ViktorJT	ViktorJT	Sync main into develop: What needs you (#155)
36624597255	Config drift	push	completed	success	2026-09-29T20:11:37Z	2026-09-29T20:11:37Z	2026-09-29T20:11:45Z	develop	ViktorJT	ViktorJT	Sync main into develop: What needs you (#155)
36624448299	Back to refinement	issue_comment	completed	skipped	2026-09-29T20:10:22Z	2026-09-29T20:10:22Z	2026-09-29T20:10:23Z	main	gh-aw-spike-reviewer[bot]	gh-aw-spike-reviewer[bot]	[aw] Release read failed
36624443851	Back to refinement	issue_comment	completed	skipped	2026-09-29T20:10:20Z	2026-09-29T20:10:20Z	2026-09-29T20:10:21Z	main	gh-aw-spike-reviewer[bot]	gh-aw-spike-reviewer[bot]	[aw] Detection Runs
36624273510	Back to refinement	push	completed	success	2026-09-29T20:08:53Z	2026-09-29T20:08:53Z	2026-09-29T20:09:39Z	main	ViktorJT	ViktorJT	Merge pull request #155 from Viktor-Jensen-Torp/needs-you
36624273781	CI	push	completed	success	2026-09-29T20:08:53Z	2026-09-29T20:08:53Z	2026-09-29T20:10:00Z	main	ViktorJT	ViktorJT	Merge pull request #155 from Viktor-Jensen-Torp/needs-you
36624273570	Config drift	push	completed	failure	2026-09-29T20:08:53Z	2026-09-29T20:08:53Z	2026-09-29T20:09:04Z	main	ViktorJT	ViktorJT	Merge pull request #155 from Viktor-Jensen-Torp/needs-you
36624185323	Release read	pull_request	completed	failure	2026-09-29T20:08:09Z	2026-09-29T20:08:09Z	2026-09-29T20:10:26Z	needs-you	ViktorJT	ViktorJT	Release read
36624185482	Pipeline tests	pull_request	completed	success	2026-09-29T20:08:09Z	2026-09-29T20:08:09Z	2026-09-29T20:08:29Z	needs-you	ViktorJT	ViktorJT	What needs you: one issue listing everything that waits on a person
36624185392	Hold	pull_request	completed	success	2026-09-29T20:08:09Z	2026-09-29T20:08:09Z	2026-09-29T20:08:14Z	needs-you	ViktorJT	ViktorJT	What needs you: one issue listing everything that waits on a person
36624185228	CI	pull_request	completed	success	2026-09-29T20:08:09Z	2026-09-29T20:08:09Z	2026-09-29T20:08:58Z	needs-you	ViktorJT	ViktorJT	What needs you: one issue listing everything that waits on a person
36624118823	Back to refinement	issue_comment	completed	skipped	2026-09-29T20:07:35Z	2026-09-29T20:07:35Z	2026-09-29T20:07:37Z	main	gh-aw-spike-reviewer[bot]	gh-aw-spike-reviewer[bot]	[aw] No-Op Runs
36623847506	Dispatcher	workflow_dispatch	completed	success	2026-09-29T20:05:21Z	2026-09-29T20:05:21Z	2026-09-29T20:05:40Z	main	ViktorJT	ViktorJT	Dispatcher
36623833084	Back to refinement	push	completed	success	2026-09-29T20:05:14Z	2026-09-29T20:05:14Z	2026-09-29T20:05:24Z	develop	ViktorJT	ViktorJT	Sync main into develop: board as a view (#153), Sprint iteration (#154)
36623833155	Unblock detect	push	completed	success	2026-09-29T20:05:14Z	2026-09-29T20:05:14Z	2026-09-29T20:05:20Z	develop	ViktorJT	ViktorJT	Sync main into develop: board as a view (#153), Sprint iteration (#154)
36623833148	Config drift	push	completed	success	2026-09-29T20:05:14Z	2026-09-29T20:05:14Z	2026-09-29T20:05:21Z	develop	ViktorJT	ViktorJT	Sync main into develop: board as a view (#153), Sprint iteration (#154)
36623832947	CI	push	completed	success	2026-09-29T20:05:14Z	2026-09-29T20:05:14Z	2026-09-29T20:06:14Z	develop	ViktorJT	ViktorJT	Sync main into develop: board as a view (#153), Sprint iteration (#154)
36623745063	Back to refinement	push	completed	success	2026-09-29T20:04:32Z	2026-09-29T20:04:32Z	2026-09-29T20:04:40Z	main	ViktorJT	ViktorJT	Merge pull request #154 from Viktor-Jensen-Torp/sprint-iteration
36623744678	Config drift	push	completed	failure	2026-09-29T20:04:31Z	2026-09-29T20:04:31Z	2026-09-29T20:04:43Z	main	ViktorJT	ViktorJT	Merge pull request #154 from Viktor-Jensen-Torp/sprint-iteration
36623744676	CI	push	completed	success	2026-09-29T20:04:31Z	2026-09-29T20:04:31Z	2026-09-29T20:05:26Z	main	ViktorJT	ViktorJT	Merge pull request #154 from Viktor-Jensen-Torp/sprint-iteration
36623601765	Pipeline tests	pull_request	completed	success	2026-09-29T20:03:20Z	2026-09-29T20:03:20Z	2026-09-29T20:03:46Z	sprint-iteration	ViktorJT	ViktorJT	Sprints are the Project's Sprint iteration field, not milestones
36623601687	CI	pull_request	completed	success	2026-09-29T20:03:20Z	2026-09-29T20:03:20Z	2026-09-29T20:04:11Z	sprint-iteration	ViktorJT	ViktorJT	Sprints are the Project's Sprint iteration field, not milestones
36623601747	Hold	pull_request	completed	success	2026-09-29T20:03:20Z	2026-09-29T20:03:20Z	2026-09-29T20:03:27Z	sprint-iteration	ViktorJT	ViktorJT	Sprints are the Project's Sprint iteration field, not milestones
36623601755	Release read	pull_request	completed	success	2026-09-29T20:03:20Z	2026-09-29T20:03:20Z	2026-09-29T20:07:39Z	sprint-iteration	ViktorJT	ViktorJT	Release read
36623382731	Dispatcher	schedule	completed	success	2026-09-29T20:01:31Z	2026-09-29T20:01:31Z	2026-09-29T20:01:45Z	main	ViktorJT	ViktorJT	Dispatcher
36620934095	Back to refinement	issue_comment	completed	skipped	2026-09-29T19:40:40Z	2026-09-29T19:40:40Z	2026-09-29T19:40:41Z	main	gh-aw-spike-reviewer[bot]	gh-aw-spike-reviewer[bot]	[aw] Release read failed
36620931535	Back to refinement	issue_comment	completed	skipped	2026-09-29T19:40:38Z	2026-09-29T19:40:38Z	2026-09-29T19:40:46Z	main	gh-aw-spike-reviewer[bot]	gh-aw-spike-reviewer[bot]	[aw] Detection Runs
36620791377	Config drift	push	completed	failure	2026-09-29T19:39:27Z	2026-09-29T19:39:27Z	2026-09-29T19:39:34Z	main	ViktorJT	ViktorJT	Merge pull request #153 from Viktor-Jensen-Torp/remove-board-copy
36620791184	Back to refinement	push	completed	success	2026-09-29T19:39:27Z	2026-09-29T19:39:27Z	2026-09-29T19:39:36Z	main	ViktorJT	ViktorJT	Merge pull request #153 from Viktor-Jensen-Torp/remove-board-copy
36620791411	CI	push	completed	success	2026-09-29T19:39:27Z	2026-09-29T19:39:27Z	2026-09-29T19:40:15Z	main	ViktorJT	ViktorJT	Merge pull request #153 from Viktor-Jensen-Torp/remove-board-copy
36620616721	Hold	pull_request	completed	success	2026-09-29T19:37:59Z	2026-09-29T19:37:59Z	2026-09-29T19:38:10Z	remove-board-copy	ViktorJT	ViktorJT	Remove board-status.yml: the board is a view of the labels
36620616315	Pipeline tests	pull_request	completed	success	2026-09-29T19:37:59Z	2026-09-29T19:37:59Z	2026-09-29T19:38:28Z	remove-board-copy	ViktorJT	ViktorJT	Remove board-status.yml: the board is a view of the labels
36620616772	CI	pull_request	completed	success	2026-09-29T19:37:59Z	2026-09-29T19:37:59Z	2026-09-29T19:38:43Z	remove-board-copy	ViktorJT	ViktorJT	Remove board-status.yml: the board is a view of the labels
36620616612	Release read	pull_request	completed	failure	2026-09-29T19:37:59Z	2026-09-29T19:37:59Z	2026-09-29T19:40:42Z	remove-board-copy	ViktorJT	ViktorJT	Release read
36619579107	Board status	issues	completed	success	2026-09-29T19:29:15Z	2026-09-29T19:29:15Z	2026-09-29T19:29:30Z	main	ViktorJT	ViktorJT	A merged issue keeps only the merged stage label
36619578466	Board status	issues	completed	cancelled	2026-09-29T19:29:14Z	2026-09-29T19:29:14Z	2026-09-29T19:29:16Z	main	ViktorJT	ViktorJT	A merged issue keeps only the merged stage label
36619577429	Board status	issues	completed	cancelled	2026-09-29T19:29:14Z	2026-09-29T19:29:14Z	2026-09-29T19:29:16Z	main	ViktorJT	ViktorJT	A merged issue keeps only the merged stage label
36619573821	Board status	issues	completed	cancelled	2026-09-29T19:29:12Z	2026-09-29T19:29:12Z	2026-09-29T19:29:13Z	main	ViktorJT	ViktorJT	Bring agent pull requests up to date after a .github/ sync without the unblocker
36619572973	Board status	issues	completed	cancelled	2026-09-29T19:29:11Z	2026-09-29T19:29:11Z	2026-09-29T19:29:15Z	main	ViktorJT	ViktorJT	Compose what agents are given from one module per concern
36619572569	Board status	issues	completed	cancelled	2026-09-29T19:29:11Z	2026-09-29T19:29:11Z	2026-09-29T19:29:13Z	main	ViktorJT	ViktorJT	Bring agent pull requests up to date after a .github/ sync without the unblocker
36619572602	Board status	issues	completed	cancelled	2026-09-29T19:29:11Z	2026-09-29T19:29:11Z	2026-09-29T19:29:12Z	main	ViktorJT	ViktorJT	Bring agent pull requests up to date after a .github/ sync without the unblocker
36619569635	Board status	issues	completed	cancelled	2026-09-29T19:29:09Z	2026-09-29T19:29:09Z	2026-09-29T19:29:12Z	main	ViktorJT	ViktorJT	Compose what agents are given from one module per concern
36619566204	Board status	issues	completed	success	2026-09-29T19:29:08Z	2026-09-29T19:29:08Z	2026-09-29T19:29:18Z	main	ViktorJT	ViktorJT	Compose what agents are given from one module per concern
36619525662	Board status	workflow_run	completed	skipped	2026-09-29T19:28:47Z	2026-09-29T19:28:47Z	2026-09-29T19:28:48Z	main	gh-aw-spike-reviewer[bot]	gh-aw-spike-reviewer[bot]	Board status
36619504125	Back to refinement	issue_comment	completed	skipped	2026-09-29T19:28:36Z	2026-09-29T19:28:36Z	2026-09-29T19:28:45Z	main	gh-aw-spike-reviewer[bot]	gh-aw-spike-reviewer[bot]	[aw] No-Op Runs
36619502214	Board status	workflow_run	completed	success	2026-09-29T19:28:35Z	2026-09-29T19:28:35Z	2026-09-29T19:28:46Z	main	ViktorJT	ViktorJT	Board status
36619480248	Unblock detect	push	completed	success	2026-09-29T19:28:23Z	2026-09-29T19:28:23Z	2026-09-29T19:28:30Z	develop	ViktorJT	ViktorJT	Sync main into develop: agent rules, advice, trimmed prompts (#149)
36619480178	Back to refinement	push	completed	success	2026-09-29T19:28:23Z	2026-09-29T19:28:23Z	2026-09-29T19:28:32Z	develop	ViktorJT	ViktorJT	Sync main into develop: agent rules, advice, trimmed prompts (#149)
36619480158	Config drift	push	completed	success	2026-09-29T19:28:23Z	2026-09-29T19:28:23Z	2026-09-29T19:28:34Z	develop	ViktorJT	ViktorJT	Sync main into develop: agent rules, advice, trimmed prompts (#149)
36619480321	CI	push	completed	success	2026-09-29T19:28:23Z	2026-09-29T19:28:23Z	2026-09-29T19:29:20Z	develop	ViktorJT	ViktorJT	Sync main into develop: agent rules, advice, trimmed prompts (#149)
36619367461	Board status	workflow_run	completed	success	2026-09-29T19:27:26Z	2026-09-29T19:27:26Z	2026-09-29T19:27:35Z	main	ViktorJT	ViktorJT	Board status
36619344333	Back to refinement	push	completed	success	2026-09-29T19:27:14Z	2026-09-29T19:27:14Z	2026-09-29T19:27:23Z	main	ViktorJT	ViktorJT	Merge pull request #149 from Viktor-Jensen-Torp/agent-rules-timing
36619344347	Config drift	push	completed	failure	2026-09-29T19:27:14Z	2026-09-29T19:27:14Z	2026-09-29T19:27:24Z	main	ViktorJT	ViktorJT	Merge pull request #149 from Viktor-Jensen-Torp/agent-rules-timing
36619344379	CI	push	completed	success	2026-09-29T19:27:14Z	2026-09-29T19:27:14Z	2026-09-29T19:28:11Z	main	ViktorJT	ViktorJT	Merge pull request #149 from Viktor-Jensen-Torp/agent-rules-timing
36618921052	Hold	pull_request	completed	success	2026-09-29T19:23:40Z	2026-09-29T19:23:40Z	2026-09-29T19:23:47Z	agent-rules-timing	ViktorJT	ViktorJT	Agents: fixed rules in the system prompt, advice when it applies, trimmed prompts
36618921053	Pipeline tests	pull_request	completed	success	2026-09-29T19:23:40Z	2026-09-29T19:23:40Z	2026-09-29T19:24:06Z	agent-rules-timing	ViktorJT	ViktorJT	Agents: fixed rules in the system prompt, advice when it applies, trimmed prompts
36618921025	CI	pull_request	completed	success	2026-09-29T19:23:40Z	2026-09-29T19:23:40Z	2026-09-29T19:24:38Z	agent-rules-timing	ViktorJT	ViktorJT	Agents: fixed rules in the system prompt, advice when it applies, trimmed prompts
36618921146	Release read	pull_request	completed	success	2026-09-29T19:23:40Z	2026-09-29T19:23:40Z	2026-09-29T19:28:38Z	agent-rules-timing	ViktorJT	ViktorJT	Release read
36609323459	Board status	workflow_run	completed	skipped	2026-09-29T18:03:30Z	2026-09-29T18:03:30Z	2026-09-29T18:03:31Z	main	gh-aw-spike-reviewer[bot]	gh-aw-spike-reviewer[bot]	Board status
36609292872	Back to refinement	issue_comment	completed	skipped	2026-09-29T18:03:15Z	2026-09-29T18:03:15Z	2026-09-29T18:03:25Z	main	gh-aw-spike-reviewer[bot]	gh-aw-spike-reviewer[bot]	Commits stay inside the role's paths; gh-aw's stray folders are ignored
36609242531	Board status	workflow_run	completed	success	2026-09-29T18:02:50Z	2026-09-29T18:02:50Z	2026-09-29T18:03:00Z	main	ViktorJT	ViktorJT	Board status
36609225954	Board status	workflow_run	completed	cancelled	2026-09-29T18:02:41Z	2026-09-29T18:02:41Z	2026-09-29T18:02:51Z	main	gh-aw-spike-reviewer[bot]	gh-aw-spike-reviewer[bot]	Board status
36609224068	Board status	issues	completed	cancelled	2026-09-29T18:02:40Z	2026-09-29T18:02:40Z	2026-09-29T18:02:42Z	main	gh-aw-spike-reviewer[bot]	gh-aw-spike-reviewer[bot]	[aw] Release read failed
36609222780	Board status	issues	completed	success	2026-09-29T18:02:40Z	2026-09-29T18:02:40Z	2026-09-29T18:02:51Z	main	gh-aw-spike-reviewer[bot]	gh-aw-spike-reviewer[bot]	[aw] Release read failed
36609219033	Back to refinement	issue_comment	completed	skipped	2026-09-29T18:02:38Z	2026-09-29T18:02:38Z	2026-09-29T18:02:39Z	main	gh-aw-spike-reviewer[bot]	gh-aw-spike-reviewer[bot]	[aw] Detection Runs
36609217755	Back to refinement	push	completed	success	2026-09-29T18:02:37Z	2026-09-29T18:02:37Z	2026-09-29T18:02:47Z	develop	ViktorJT	ViktorJT	Sync main into develop: agent inputs map, context, commit scope (#145…
36609217981	Unblock detect	push	completed	success	2026-09-29T18:02:37Z	2026-09-29T18:02:37Z	2026-09-29T18:02:46Z	develop	ViktorJT	ViktorJT	Sync main into develop: agent inputs map, context, commit scope (#145…
36609217821	Config drift	push	completed	success	2026-09-29T18:02:37Z	2026-09-29T18:02:37Z	2026-09-29T18:02:46Z	develop	ViktorJT	ViktorJT	Sync main into develop: agent inputs map, context, commit scope (#145…
36609218124	CI	push	completed	success	2026-09-29T18:02:37Z	2026-09-29T18:02:37Z	2026-09-29T18:03:43Z	develop	ViktorJT	ViktorJT	Sync main into develop: agent inputs map, context, commit scope (#145…
36609104397	Board status	workflow_run	completed	success	2026-09-29T18:01:39Z	2026-09-29T18:01:39Z	2026-09-29T18:01:57Z	main	ViktorJT	ViktorJT	Board status
36609071135	CI	push	completed	success	2026-09-29T18:01:23Z	2026-09-29T18:01:23Z	2026-09-29T18:02:15Z	main	ViktorJT	ViktorJT	Merge pull request #147 from Viktor-Jensen-Torp/commit-scope
36609071117	Config drift	push	completed	failure	2026-09-29T18:01:22Z	2026-09-29T18:01:22Z	2026-09-29T18:01:29Z	main	ViktorJT	ViktorJT	Merge pull request #147 from Viktor-Jensen-Torp/commit-scope
36609070334	Board status	workflow_run	completed	success	2026-09-29T18:01:22Z	2026-09-29T18:01:22Z	2026-09-29T18:01:32Z	main	ViktorJT	ViktorJT	Board status
36609071073	Back to refinement	push	completed	success	2026-09-29T18:01:22Z	2026-09-29T18:01:22Z	2026-09-29T18:01:36Z	main	ViktorJT	ViktorJT	Merge pull request #147 from Viktor-Jensen-Torp/commit-scope
36609041819	Config drift	push	completed	failure	2026-09-29T18:01:08Z	2026-09-29T18:01:08Z	2026-09-29T18:01:17Z	main	ViktorJT	ViktorJT	Merge pull request #146 from Viktor-Jensen-Torp/agent-context
36609041720	Back to refinement	push	completed	success	2026-09-29T18:01:08Z	2026-09-29T18:01:08Z	2026-09-29T18:01:20Z	main	ViktorJT	ViktorJT	Merge pull request #146 from Viktor-Jensen-Torp/agent-context
36609041918	CI	push	completed	success	2026-09-29T18:01:08Z	2026-09-29T18:01:08Z	2026-09-29T18:01:59Z	main	ViktorJT	ViktorJT	Merge pull request #146 from Viktor-Jensen-Torp/agent-context
36608927570	Pipeline tests	pull_request	completed	success	2026-09-29T18:00:14Z	2026-09-29T18:00:14Z	2026-09-29T18:00:35Z	agent-context	ViktorJT	ViktorJT	Agents get the conventions that apply, picked for them; rework gets the bar too
36608927494	CI	pull_request	completed	success	2026-09-29T18:00:14Z	2026-09-29T18:00:14Z	2026-09-29T18:01:09Z	agent-context	ViktorJT	ViktorJT	Agents get the conventions that apply, picked for them; rework gets the bar too
36608927532	Release read	pull_request	completed	failure	2026-09-29T18:00:14Z	2026-09-29T18:00:14Z	2026-09-29T18:02:43Z	agent-context	ViktorJT	ViktorJT	Release read
36608927191	Hold	pull_request	completed	success	2026-09-29T18:00:13Z	2026-09-29T18:00:13Z	2026-09-29T18:00:21Z	agent-context	ViktorJT	ViktorJT	Agents get the conventions that apply, picked for them; rework gets the bar too
36608774829	Board status	workflow_run	completed	success	2026-09-29T17:58:55Z	2026-09-29T17:58:55Z	2026-09-29T17:59:02Z	main	ViktorJT	ViktorJT	Board status
36608754259	Config drift	push	completed	failure	2026-09-29T17:58:44Z	2026-09-29T17:58:44Z	2026-09-29T17:58:53Z	main	ViktorJT	ViktorJT	Merge pull request #145 from Viktor-Jensen-Torp/agent-inputs-map
36608754168	Back to refinement	push	completed	success	2026-09-29T17:58:44Z	2026-09-29T17:58:44Z	2026-09-29T17:58:53Z	main	ViktorJT	ViktorJT	Merge pull request #145 from Viktor-Jensen-Torp/agent-inputs-map
36608754177	CI	push	completed	success	2026-09-29T17:58:44Z	2026-09-29T17:58:44Z	2026-09-29T17:59:48Z	main	ViktorJT	ViktorJT	Merge pull request #145 from Viktor-Jensen-Torp/agent-inputs-map
36608677470	Hold	pull_request	completed	success	2026-09-29T17:58:04Z	2026-09-29T17:58:04Z	2026-09-29T17:58:10Z	commit-scope	ViktorJT	ViktorJT	Commits stay inside the role's paths; gh-aw's stray folders are ignored
36608677412	CI	pull_request	completed	success	2026-09-29T17:58:04Z	2026-09-29T17:58:04Z	2026-09-29T17:58:57Z	commit-scope	ViktorJT	ViktorJT	Commits stay inside the role's paths; gh-aw's stray folders are ignored
36608677346	Pipeline tests	pull_request	completed	success	2026-09-29T17:58:04Z	2026-09-29T17:58:04Z	2026-09-29T17:58:25Z	commit-scope	ViktorJT	ViktorJT	Commits stay inside the role's paths; gh-aw's stray folders are ignored
36608677357	Release read	pull_request	completed	success	2026-09-29T17:58:04Z	2026-09-29T17:58:04Z	2026-09-29T18:03:40Z	commit-scope	ViktorJT	ViktorJT	Release read
36608219712	Board status	workflow_run	completed	skipped	2026-09-29T17:54:10Z	2026-09-29T17:54:10Z	2026-09-29T17:54:20Z	main	gh-aw-spike-reviewer[bot]	gh-aw-spike-reviewer[bot]	Board status
36608213432	Back to refinement	issue_comment	completed	skipped	2026-09-29T17:54:07Z	2026-09-29T17:54:07Z	2026-09-29T17:54:08Z	main	gh-aw-spike-reviewer[bot]	gh-aw-spike-reviewer[bot]	[aw] No-Op Runs
36608183585	Board status	workflow_run	completed	success	2026-09-29T17:53:51Z	2026-09-29T17:53:51Z	2026-09-29T17:54:00Z	main	ViktorJT	ViktorJT	Board status
36608136691	Sweeper	schedule	completed	success	2026-09-29T17:53:27Z	2026-09-29T17:53:27Z	2026-09-29T17:53:49Z	main	ViktorJT	ViktorJT	Sweeper
36607929491	Board status	workflow_run	completed	skipped	2026-09-29T17:51:42Z	2026-09-29T17:51:42Z	2026-09-29T17:51:44Z	main	gh-aw-spike-reviewer[bot]	gh-aw-spike-reviewer[bot]	Board status
36607923160	Back to refinement	issue_comment	completed	skipped	2026-09-29T17:51:39Z	2026-09-29T17:51:39Z	2026-09-29T17:51:40Z	main	gh-aw-spike-reviewer[bot]	gh-aw-spike-reviewer[bot]	[aw] No-Op Runs
36607744668	Pipeline tests	pull_request	completed	success	2026-09-29T17:50:09Z	2026-09-29T17:50:09Z	2026-09-29T17:50:29Z	agent-context	ViktorJT	ViktorJT	Agents get the conventions that apply, picked for them; rework gets the bar too
36607744725	CI	pull_request	completed	success	2026-09-29T17:50:09Z	2026-09-29T17:50:09Z	2026-09-29T17:51:03Z	agent-context	ViktorJT	ViktorJT	Agents get the conventions that apply, picked for them; rework gets the bar too
36607744789	Hold	pull_request	completed	success	2026-09-29T17:50:09Z	2026-09-29T17:50:09Z	2026-09-29T17:50:15Z	agent-context	ViktorJT	ViktorJT	Agents get the conventions that apply, picked for them; rework gets the bar too
36607744633	Release read	pull_request	completed	success	2026-09-29T17:50:09Z	2026-09-29T17:50:09Z	2026-09-29T17:54:09Z	agent-context	ViktorJT	ViktorJT	Release read
36607390598	Pipeline tests	pull_request	completed	success	2026-09-29T17:47:07Z	2026-09-29T17:47:07Z	2026-09-29T17:47:26Z	agent-inputs-map	ViktorJT	ViktorJT	agent-inputs.sh: map what each agent is given, and when
36607390623	Hold	pull_request	completed	success	2026-09-29T17:47:07Z	2026-09-29T17:47:07Z	2026-09-29T17:47:15Z	agent-inputs-map	ViktorJT	ViktorJT	agent-inputs.sh: map what each agent is given, and when
36607390763	CI	pull_request	completed	success	2026-09-29T17:47:07Z	2026-09-29T17:47:07Z	2026-09-29T17:47:54Z	agent-inputs-map	ViktorJT	ViktorJT	agent-inputs.sh: map what each agent is given, and when
36607390816	Release read	pull_request	completed	success	2026-09-29T17:47:07Z	2026-09-29T17:47:07Z	2026-09-29T17:51:43Z	agent-inputs-map	ViktorJT	ViktorJT	Release read
36603710265	Board status	workflow_run	completed	success	2026-09-29T17:15:57Z	2026-09-29T17:15:57Z	2026-09-29T17:16:07Z	main	ViktorJT	ViktorJT	Board status
36603687033	Back to refinement	push	completed	success	2026-09-29T17:15:45Z	2026-09-29T17:15:45Z	2026-09-29T17:15:54Z	develop	ViktorJT	ViktorJT	Sync main into develop: review row guard (#144)
36603687083	Unblock detect	push	completed	success	2026-09-29T17:15:45Z	2026-09-29T17:15:45Z	2026-09-29T17:15:52Z	develop	ViktorJT	ViktorJT	Sync main into develop: review row guard (#144)
36603687071	Config drift	push	completed	success	2026-09-29T17:15:45Z	2026-09-29T17:15:45Z	2026-09-29T17:15:54Z	develop	ViktorJT	ViktorJT	Sync main into develop: review row guard (#144)
36603686966	CI	push	completed	success	2026-09-29T17:15:45Z	2026-09-29T17:15:45Z	2026-09-29T17:16:47Z	develop	ViktorJT	ViktorJT	Sync main into develop: review row guard (#144)
36603662067	Board status	workflow_run	completed	success	2026-09-29T17:15:32Z	2026-09-29T17:15:32Z	2026-09-29T17:15:43Z	main	gh-aw-spike-implementer[bot]	gh-aw-spike-implementer[bot]	Board status
36603662350	Dispatcher	workflow_run	completed	success	2026-09-29T17:15:32Z	2026-09-29T17:15:32Z	2026-09-29T17:15:48Z	main	gh-aw-spike-implementer[bot]	gh-aw-spike-implementer[bot]	Dispatcher
36603633829	Board status	workflow_run	completed	skipped	2026-09-29T17:15:18Z	2026-09-29T17:15:18Z	2026-09-29T17:15:27Z	main	github-merge-queue[bot]	github-merge-queue[bot]	Board status
36603630282	Merged	pull_request	completed	success	2026-09-29T17:15:16Z	2026-09-29T17:15:16Z	2026-09-29T17:15:29Z	implement/button-component-b5b67ed2c6cdc93b	gh-aw-spike-implementer[bot]	gh-aw-spike-implementer[bot]	[implementer] Button component (#125)
36603625778	Unblock detect	push	completed	success	2026-09-29T17:15:14Z	2026-09-29T17:15:14Z	2026-09-29T17:15:20Z	develop	github-merge-queue[bot]	github-merge-queue[bot]	[implementer] Button component (#125) (#136)
36603625798	Back to refinement	push	completed	skipped	2026-09-29T17:15:14Z	2026-09-29T17:15:14Z	2026-09-29T17:15:15Z	develop	github-merge-queue[bot]	github-merge-queue[bot]	[implementer] Button component (#125) (#136)
36603625805	CI	push	completed	success	2026-09-29T17:15:14Z	2026-09-29T17:15:14Z	2026-09-29T17:16:11Z	develop	github-merge-queue[bot]	github-merge-queue[bot]	[implementer] Button component (#125) (#136)
36603428954	Conventions	merge_group	completed	success	2026-09-29T17:13:34Z	2026-09-29T17:13:34Z	2026-09-29T17:13:43Z	gh-readonly-queue/develop/pr-136-3a821548fa2754f2623e91522bec0780253b6f06	gh-aw-spike-implementer[bot]	gh-aw-spike-implementer[bot]	Conventions
36603428805	Merge group gate	merge_group	completed	success	2026-09-29T17:13:34Z	2026-09-29T17:13:34Z	2026-09-29T17:13:44Z	gh-readonly-queue/develop/pr-136-3a821548fa2754f2623e91522bec0780253b6f06	gh-aw-spike-implementer[bot]	gh-aw-spike-implementer[bot]	Merge group gate
36603428799	CI	merge_group	completed	success	2026-09-29T17:13:34Z	2026-09-29T17:13:34Z	2026-09-29T17:14:39Z	gh-readonly-queue/develop/pr-136-3a821548fa2754f2623e91522bec0780253b6f06	gh-aw-spike-implementer[bot]	gh-aw-spike-implementer[bot]	CI
36603415947	Board status	workflow_run	completed	success	2026-09-29T17:13:27Z	2026-09-29T17:13:27Z	2026-09-29T17:13:39Z	main	ViktorJT	ViktorJT	Board status
36603292715	Sweeper	workflow_dispatch	completed	success	2026-09-29T17:12:25Z	2026-09-29T17:12:25Z	2026-09-29T17:13:24Z	main	ViktorJT	ViktorJT	Sweeper
36603206684	Board status	workflow_run	completed	success	2026-09-29T17:11:42Z	2026-09-29T17:11:42Z	2026-09-29T17:11:52Z	main	gh-aw-spike-implementer[bot]	gh-aw-spike-implementer[bot]	Board status
36603177400	Hold	pull_request	completed	success	2026-09-29T17:11:27Z	2026-09-29T17:11:27Z	2026-09-29T17:11:34Z	implement/button-component-b5b67ed2c6cdc93b	gh-aw-spike-reviewer[bot]	gh-aw-spike-reviewer[bot]	[implementer] Button component (#125)
36603175327	Hold	pull_request	completed	success	2026-09-29T17:11:25Z	2026-09-29T17:11:25Z	2026-09-29T17:11:33Z	implement/button-component-b5b67ed2c6cdc93b	gh-aw-spike-reviewer[bot]	gh-aw-spike-reviewer[bot]	[implementer] Button component (#125)
36602143375	Board status	workflow_run	completed	skipped	2026-09-29T17:02:52Z	2026-09-29T17:02:52Z	2026-09-29T17:02:53Z	main	gh-aw-spike-implementer[bot]	gh-aw-spike-implementer[bot]	Board status
36602131935	Board status	workflow_run	completed	skipped	2026-09-29T17:02:46Z	2026-09-29T17:02:46Z	2026-09-29T17:02:47Z	main	gh-aw-spike-implementer[bot]	gh-aw-spike-implementer[bot]	Board status
36602126320	Hold	pull_request	completed	success	2026-09-29T17:02:44Z	2026-09-29T17:02:44Z	2026-09-29T17:02:49Z	implement/button-component-b5b67ed2c6cdc93b	gh-aw-spike-implementer[bot]	gh-aw-spike-implementer[bot]	[implementer] Button component (#125)
36602126227	Conventions	pull_request	completed	success	2026-09-29T17:02:43Z	2026-09-29T17:02:43Z	2026-09-29T17:02:52Z	implement/button-component-b5b67ed2c6cdc93b	gh-aw-spike-implementer[bot]	gh-aw-spike-implementer[bot]	[implementer] Button component (#125)
36602124617	Back to refinement	issue_comment	completed	skipped	2026-09-29T17:02:43Z	2026-09-29T17:02:43Z	2026-09-29T17:02:49Z	main	gh-aw-spike-implementer[bot]	gh-aw-spike-implementer[bot]	[implementer] Button component (#125)
36602126185	CI	pull_request	completed	success	2026-09-29T17:02:43Z	2026-09-29T17:02:43Z	2026-09-29T17:03:43Z	implement/button-component-b5b67ed2c6cdc93b	gh-aw-spike-implementer[bot]	gh-aw-spike-implementer[bot]	[implementer] Button component (#125)
36602126236	Review #136	pull_request	completed	success	2026-09-29T17:02:43Z	2026-09-29T17:02:43Z	2026-09-29T17:11:39Z	implement/button-component-b5b67ed2c6cdc93b	gh-aw-spike-implementer[bot]	gh-aw-spike-implementer[bot]	Review #136
36602123724	Back to refinement	issue_comment	completed	skipped	2026-09-29T17:02:42Z	2026-09-29T17:02:42Z	2026-09-29T17:02:43Z	main	gh-aw-spike-implementer[bot]	gh-aw-spike-implementer[bot]	[implementer] Button component (#125)
36601275334	Board status	workflow_run	completed	success	2026-09-29T16:55:43Z	2026-09-29T16:55:43Z	2026-09-29T16:55:53Z	main	gh-aw-spike-implementer[bot]	gh-aw-spike-implementer[bot]	Board status
36601234520	Rework #136	workflow_dispatch	completed	success	2026-09-29T16:55:23Z	2026-09-29T16:55:23Z	2026-09-29T17:03:52Z	main	github-actions[bot]	github-actions[bot]	Rework #136
36600822433	Board status	workflow_run	completed	skipped	2026-09-29T16:51:58Z	2026-09-29T16:51:58Z	2026-09-29T16:51:59Z	main	gh-aw-spike-reviewer[bot]	gh-aw-spike-reviewer[bot]	Board status
36600812773	Back to refinement	issue_comment	completed	skipped	2026-09-29T16:51:54Z	2026-09-29T16:51:54Z	2026-09-29T16:51:55Z	main	gh-aw-spike-reviewer[bot]	gh-aw-spike-reviewer[bot]	[aw] No-Op Runs
36600787187	Board status	workflow_run	completed	success	2026-09-29T16:51:40Z	2026-09-29T16:51:40Z	2026-09-29T16:51:52Z	main	ViktorJT	ViktorJT	Board status
36600764736	Config drift	push	completed	failure	2026-09-29T16:51:29Z	2026-09-29T16:51:29Z	2026-09-29T16:51:41Z	main	ViktorJT	ViktorJT	Merge pull request #144 from Viktor-Jensen-Torp/review-path-guard
36600764764	CI	push	completed	success	2026-09-29T16:51:29Z	2026-09-29T16:51:29Z	2026-09-29T16:52:21Z	main	ViktorJT	ViktorJT	Merge pull request #144 from Viktor-Jensen-Torp/review-path-guard
36600764723	Back to refinement	push	completed	success	2026-09-29T16:51:29Z	2026-09-29T16:51:29Z	2026-09-29T16:51:38Z	main	ViktorJT	ViktorJT	Merge pull request #144 from Viktor-Jensen-Torp/review-path-guard
36600315481	Board status	workflow_run	completed	skipped	2026-09-29T16:47:44Z	2026-09-29T16:47:44Z	2026-09-29T16:47:45Z	main	gh-aw-spike-implementer[bot]	gh-aw-spike-implementer[bot]	Board status
36600310399	Board status	workflow_run	completed	skipped	2026-09-29T16:47:41Z	2026-09-29T16:47:41Z	2026-09-29T16:47:42Z	main	gh-aw-spike-implementer[bot]	gh-aw-spike-implementer[bot]	Board status
36600309319	Review #136	pull_request	completed	success	2026-09-29T16:47:40Z	2026-09-29T16:47:40Z	2026-09-29T16:55:41Z	implement/button-component-b5b67ed2c6cdc93b	gh-aw-spike-implementer[bot]	gh-aw-spike-implementer[bot]	Review #136
36600308918	Back to refinement	issue_comment	completed	skipped	2026-09-29T16:47:40Z	2026-09-29T16:47:40Z	2026-09-29T16:47:41Z	main	gh-aw-spike-implementer[bot]	gh-aw-spike-implementer[bot]	[implementer] Button component (#125)
36600309419	CI	pull_request	completed	success	2026-09-29T16:47:40Z	2026-09-29T16:47:40Z	2026-09-29T16:48:44Z	implement/button-component-b5b67ed2c6cdc93b	gh-aw-spike-implementer[bot]	gh-aw-spike-implementer[bot]	[implementer] Button component (#125)
36600309430	Hold	pull_request	completed	success	2026-09-29T16:47:40Z	2026-09-29T16:47:40Z	2026-09-29T16:47:46Z	implement/button-component-b5b67ed2c6cdc93b	gh-aw-spike-implementer[bot]	gh-aw-spike-implementer[bot]	[implementer] Button component (#125)
36600309253	Conventions	pull_request	completed	success	2026-09-29T16:47:40Z	2026-09-29T16:47:40Z	2026-09-29T16:47:51Z	implement/button-component-b5b67ed2c6cdc93b	gh-aw-spike-implementer[bot]	gh-aw-spike-implementer[bot]	[implementer] Button component (#125)
36600303719	Back to refinement	issue_comment	completed	skipped	2026-09-29T16:47:38Z	2026-09-29T16:47:38Z	2026-09-29T16:47:39Z	main	gh-aw-spike-implementer[bot]	gh-aw-spike-implementer[bot]	[implementer] Button component (#125)
36600264208	Board status	workflow_run	completed	success	2026-09-29T16:47:17Z	2026-09-29T16:47:17Z	2026-09-29T16:47:30Z	main	ViktorJT	ViktorJT	Board status
36600256018	Board status	workflow_run	completed	success	2026-09-29T16:47:13Z	2026-09-29T16:47:13Z	2026-09-29T16:47:22Z	main	ViktorJT	ViktorJT	Board status
36600235226	Epic closer	issues	completed	success	2026-09-29T16:47:03Z	2026-09-29T16:47:03Z	2026-09-29T16:47:10Z	main	ViktorJT	ViktorJT	[gh-aw] Protected Files: [implementer] Button component (#125)
36600235241	Board status	issues	completed	success	2026-09-29T16:47:03Z	2026-09-29T16:47:03Z	2026-09-29T16:47:14Z	main	ViktorJT	ViktorJT	[gh-aw] Protected Files: [implementer] Button component (#125)
36600235308	Back to refinement	issues	completed	success	2026-09-29T16:47:03Z	2026-09-29T16:47:03Z	2026-09-29T16:47:15Z	main	ViktorJT	ViktorJT	[gh-aw] Protected Files: [implementer] Button component (#125)
36600235060	Back to refinement	issue_comment	completed	success	2026-09-29T16:47:02Z	2026-09-29T16:47:02Z	2026-09-29T16:47:11Z	main	ViktorJT	ViktorJT	[gh-aw] Protected Files: [implementer] Button component (#125)
36600148907	CI	pull_request	completed	success	2026-09-29T16:46:19Z	2026-09-29T16:46:19Z	2026-09-29T16:47:16Z	review-path-guard	ViktorJT	ViktorJT	Review guard: refuse rows the routing would refuse
36600148630	Release read	pull_request	completed	success	2026-09-29T16:46:18Z	2026-09-29T16:46:18Z	2026-09-29T16:51:58Z	review-path-guard	ViktorJT	ViktorJT	Release read
36600148737	Hold	pull_request	completed	success	2026-09-29T16:46:18Z	2026-09-29T16:46:18Z	2026-09-29T16:46:27Z	review-path-guard	ViktorJT	ViktorJT	Review guard: refuse rows the routing would refuse
36600148709	Pipeline tests	pull_request	completed	success	2026-09-29T16:46:18Z	2026-09-29T16:46:18Z	2026-09-29T16:46:37Z	review-path-guard	ViktorJT	ViktorJT	Review guard: refuse rows the routing would refuse
36599339620	Board status	workflow_run	completed	success	2026-09-29T16:39:41Z	2026-09-29T16:39:41Z	2026-09-29T16:39:52Z	main	ViktorJT	ViktorJT	Board status
36599313191	Rework #136	workflow_dispatch	completed	success	2026-09-29T16:39:28Z	2026-09-29T16:39:28Z	2026-09-29T16:48:40Z	main	github-actions[bot]	github-actions[bot]	Rework #136
36598410629	Board status	workflow_run	completed	skipped	2026-09-29T16:32:03Z	2026-09-29T16:32:03Z	2026-09-29T16:32:05Z	main	gh-aw-spike-implementer[bot]	gh-aw-spike-implementer[bot]	Board status
36598404492	Back to refinement	issue_comment	completed	skipped	2026-09-29T16:32:00Z	2026-09-29T16:32:00Z	2026-09-29T16:32:01Z	main	gh-aw-spike-implementer[bot]	gh-aw-spike-implementer[bot]	[aw] Detection Runs
36598205358	Conventions	pull_request	completed	success	2026-09-29T16:30:24Z	2026-09-29T16:30:24Z	2026-09-29T16:30:31Z	implement/button-component-b5b67ed2c6cdc93b	ViktorJT	ViktorJT	[implementer] Button component (#125)
36598205607	Hold	pull_request	completed	success	2026-09-29T16:30:24Z	2026-09-29T16:30:24Z	2026-09-29T16:30:31Z	implement/button-component-b5b67ed2c6cdc93b	ViktorJT	ViktorJT	[implementer] Button component (#125)
36598205472	CI	pull_request	completed	success	2026-09-29T16:30:24Z	2026-09-29T16:30:24Z	2026-09-29T16:31:36Z	implement/button-component-b5b67ed2c6cdc93b	ViktorJT	ViktorJT	[implementer] Button component (#125)
36598205345	Review #136	pull_request	completed	success	2026-09-29T16:30:24Z	2026-09-29T16:30:24Z	2026-09-29T16:39:39Z	implement/button-component-b5b67ed2c6cdc93b	ViktorJT	ViktorJT	Review #136
36598059136	Board status	workflow_run	completed	success	2026-09-29T16:29:12Z	2026-09-29T16:29:12Z	2026-09-29T16:29:22Z	main	ViktorJT	ViktorJT	Board status
36598033149	Unblock	workflow_dispatch	completed	cancelled	2026-09-29T16:29:00Z	2026-09-29T16:29:00Z	2026-09-29T16:32:03Z	main	github-actions[bot]	github-actions[bot]	Unblock
36598007273	Sweeper	workflow_dispatch	completed	success	2026-09-29T16:28:47Z	2026-09-29T16:28:47Z	2026-09-29T16:29:09Z	main	ViktorJT	ViktorJT	Sweeper
36597938167	Board status	workflow_run	completed	success	2026-09-29T16:28:12Z	2026-09-29T16:28:12Z	2026-09-29T16:28:21Z	main	ViktorJT	ViktorJT	Board status
36597041781	Review #136	workflow_dispatch	completed	success	2026-09-29T16:20:52Z	2026-09-29T16:20:52Z	2026-09-29T16:28:09Z	main	ViktorJT	ViktorJT	Review #136
36593180605	Board status	issues	completed	success	2026-09-29T15:49:54Z	2026-09-29T15:49:54Z	2026-09-29T15:50:19Z	main	gh-aw-spike-implementer[bot]	gh-aw-spike-implementer[bot]	[gh-aw] Protected Files: [implementer] Button component (#125)
36593179782	Board status	issues	completed	success	2026-09-29T15:49:54Z	2026-09-29T15:49:54Z	2026-09-29T15:50:08Z	main	gh-aw-spike-implementer[bot]	gh-aw-spike-implementer[bot]	[gh-aw] Protected Files: [implementer] Button component (#125)
36593065692	Board status	workflow_run	completed	success	2026-09-29T15:48:59Z	2026-09-29T15:48:59Z	2026-09-29T15:49:10Z	main	ViktorJT	ViktorJT	Board status
36593058488	Board status	workflow_run	completed	skipped	2026-09-29T15:48:55Z	2026-09-29T15:48:55Z	2026-09-29T15:48:56Z	main	gh-aw-spike-reviewer[bot]	gh-aw-spike-reviewer[bot]	Board status
36593049840	Back to refinement	issue_comment	completed	skipped	2026-09-29T15:48:51Z	2026-09-29T15:48:51Z	2026-09-29T15:48:53Z	main	gh-aw-spike-reviewer[bot]	gh-aw-spike-reviewer[bot]	[aw] Detection Runs
36592333767	Board status	workflow_run	completed	skipped	2026-09-29T15:43:10Z	2026-09-29T15:43:10Z	2026-09-29T15:43:20Z	main	gh-aw-spike-reviewer[bot]	gh-aw-spike-reviewer[bot]	Board status
36592325525	Back to refinement	issue_comment	completed	skipped	2026-09-29T15:43:06Z	2026-09-29T15:43:06Z	2026-09-29T15:43:07Z	main	gh-aw-spike-reviewer[bot]	gh-aw-spike-reviewer[bot]	[aw] No-Op Runs
36592132823	Unblock	workflow_dispatch	completed	success	2026-09-29T15:41:35Z	2026-09-29T15:41:35Z	2026-09-29T15:50:33Z	develop	github-actions[bot]	github-actions[bot]	Unblock
36592127736	Board status	workflow_run	completed	success	2026-09-29T15:41:33Z	2026-09-29T15:41:33Z	2026-09-29T15:41:44Z	main	ViktorJT	ViktorJT	Board status
36592120432	Review #136	workflow_dispatch	completed	failure	2026-09-29T15:41:29Z	2026-09-29T15:41:29Z	2026-09-29T15:48:56Z	main	ViktorJT	ViktorJT	Review #136
36592103947	Unblock detect	push	completed	success	2026-09-29T15:41:22Z	2026-09-29T15:41:22Z	2026-09-29T15:41:39Z	develop	ViktorJT	ViktorJT	Sync main into develop: dispatch hand-offs (#141), review gate and la…
36592103969	CI	push	completed	success	2026-09-29T15:41:22Z	2026-09-29T15:41:22Z	2026-09-29T15:42:19Z	develop	ViktorJT	ViktorJT	Sync main into develop: dispatch hand-offs (#141), review gate and la…
36592104060	Config drift	push	completed	success	2026-09-29T15:41:22Z	2026-09-29T15:41:22Z	2026-09-29T15:41:30Z	develop	ViktorJT	ViktorJT	Sync main into develop: dispatch hand-offs (#141), review gate and la…
36592104158	Back to refinement	push	completed	success	2026-09-29T15:41:22Z	2026-09-29T15:41:22Z	2026-09-29T15:41:30Z	develop	ViktorJT	ViktorJT	Sync main into develop: dispatch hand-offs (#141), review gate and la…
36592097613	Board status	workflow_run	completed	success	2026-09-29T15:41:19Z	2026-09-29T15:41:19Z	2026-09-29T15:41:30Z	main	ViktorJT	ViktorJT	Board status
36592071529	CI	push	completed	success	2026-09-29T15:41:06Z	2026-09-29T15:41:06Z	2026-09-29T15:42:02Z	main	ViktorJT	ViktorJT	Merge pull request #142 from Viktor-Jensen-Torp/label-cleanup
36592071445	Back to refinement	push	completed	success	2026-09-29T15:41:06Z	2026-09-29T15:41:06Z	2026-09-29T15:41:16Z	main	ViktorJT	ViktorJT	Merge pull request #142 from Viktor-Jensen-Torp/label-cleanup
36592071420	Config drift	push	completed	failure	2026-09-29T15:41:06Z	2026-09-29T15:41:06Z	2026-09-29T15:41:15Z	main	ViktorJT	ViktorJT	Merge pull request #142 from Viktor-Jensen-Torp/label-cleanup
36591749271	Board status	workflow_run	completed	skipped	2026-09-29T15:38:32Z	2026-09-29T15:38:32Z	2026-09-29T15:38:33Z	main	gh-aw-spike-reviewer[bot]	gh-aw-spike-reviewer[bot]	Board status
36591737435	Back to refinement	issue_comment	completed	skipped	2026-09-29T15:38:26Z	2026-09-29T15:38:26Z	2026-09-29T15:38:29Z	main	gh-aw-spike-reviewer[bot]	gh-aw-spike-reviewer[bot]	[aw] No-Op Runs
36591633233	Release read	pull_request	completed	success	2026-09-29T15:37:37Z	2026-09-29T15:37:37Z	2026-09-29T15:43:08Z	label-cleanup	ViktorJT	ViktorJT	Release read
36591632905	Hold	pull_request	completed	success	2026-09-29T15:37:37Z	2026-09-29T15:37:37Z	2026-09-29T15:37:43Z	label-cleanup	ViktorJT	ViktorJT	Review starts again; stop adding the deleted labels
36591632973	CI	pull_request	completed	success	2026-09-29T15:37:37Z	2026-09-29T15:37:37Z	2026-09-29T15:39:00Z	label-cleanup	ViktorJT	ViktorJT	Review starts again; stop adding the deleted labels
36591632998	Pipeline tests	pull_request	completed	success	2026-09-29T15:37:37Z	2026-09-29T15:37:37Z	2026-09-29T15:37:57Z	label-cleanup	ViktorJT	ViktorJT	Review starts again; stop adding the deleted labels
36591324426	Hold	pull_request	completed	success	2026-09-29T15:35:11Z	2026-09-29T15:35:11Z	2026-09-29T15:35:19Z	implement/button-component-b5b67ed2c6cdc93b	ViktorJT	ViktorJT	[implementer] Button component (#125)
36591309818	Board status	issues	completed	success	2026-09-29T15:35:05Z	2026-09-29T15:35:05Z	2026-09-29T15:35:22Z	main	ViktorJT	ViktorJT	Show the API's health on the web app's start page
36591306436	Board status	issues	completed	success	2026-09-29T15:35:03Z	2026-09-29T15:35:03Z	2026-09-29T15:35:14Z	main	ViktorJT	ViktorJT	Button component
36591283919	CI	pull_request	completed	success	2026-09-29T15:34:52Z	2026-09-29T15:34:52Z	2026-09-29T15:35:39Z	label-cleanup	ViktorJT	ViktorJT	Review starts again; stop adding the deleted labels
36591283968	Release read	pull_request	completed	cancelled	2026-09-29T15:34:52Z	2026-09-29T15:34:52Z	2026-09-29T15:38:31Z	label-cleanup	ViktorJT	ViktorJT	Release read
36591283866	Pipeline tests	pull_request	completed	success	2026-09-29T15:34:52Z	2026-09-29T15:34:52Z	2026-09-29T15:35:12Z	label-cleanup	ViktorJT	ViktorJT	Review starts again; stop adding the deleted labels
36591283987	Hold	pull_request	completed	success	2026-09-29T15:34:52Z	2026-09-29T15:34:52Z	2026-09-29T15:34:58Z	label-cleanup	ViktorJT	ViktorJT	Review starts again; stop adding the deleted labels
36591179212	Board status	workflow_run	completed	success	2026-09-29T15:34:03Z	2026-09-29T15:34:03Z	2026-09-29T15:34:14Z	main	ViktorJT	ViktorJT	Board status
36591128696	Review #136	workflow_dispatch	completed	success	2026-09-29T15:33:39Z	2026-09-29T15:33:39Z	2026-09-29T15:34:00Z	main	ViktorJT	ViktorJT	Review #136
36590618393	Board status	workflow_run	completed	skipped	2026-09-29T15:29:43Z	2026-09-29T15:29:43Z	2026-09-29T15:29:44Z	main	gh-aw-spike-reviewer[bot]	gh-aw-spike-reviewer[bot]	Board status
36590609995	Back to refinement	issue_comment	completed	skipped	2026-09-29T15:29:39Z	2026-09-29T15:29:39Z	2026-09-29T15:29:41Z	main	gh-aw-spike-reviewer[bot]	gh-aw-spike-reviewer[bot]	[aw] No-Op Runs
36590381684	Board status	workflow_run	completed	success	2026-09-29T15:27:52Z	2026-09-29T15:27:52Z	2026-09-29T15:28:04Z	main	ViktorJT	ViktorJT	Board status
36590356875	Back to refinement	push	completed	success	2026-09-29T15:27:41Z	2026-09-29T15:27:41Z	2026-09-29T15:27:49Z	main	ViktorJT	ViktorJT	Merge pull request #141 from Viktor-Jensen-Torp/dispatch-handoffs
36590356964	Config drift	push	completed	failure	2026-09-29T15:27:41Z	2026-09-29T15:27:41Z	2026-09-29T15:27:51Z	main	ViktorJT	ViktorJT	Merge pull request #141 from Viktor-Jensen-Torp/dispatch-handoffs
36590356945	CI	push	completed	success	2026-09-29T15:27:41Z	2026-09-29T15:27:41Z	2026-09-29T15:28:29Z	main	ViktorJT	ViktorJT	Merge pull request #141 from Viktor-Jensen-Torp/dispatch-handoffs
36590042208	Release read	pull_request	completed	success	2026-09-29T15:25:12Z	2026-09-29T15:25:12Z	2026-09-29T15:29:42Z	dispatch-handoffs	ViktorJT	ViktorJT	Release read
36590042210	Hold	pull_request	completed	success	2026-09-29T15:25:12Z	2026-09-29T15:25:12Z	2026-09-29T15:25:20Z	dispatch-handoffs	ViktorJT	ViktorJT	Hand-offs by dispatch: no label starts a workflow
36590042385	CI	pull_request	completed	success	2026-09-29T15:25:12Z	2026-09-29T15:25:12Z	2026-09-29T15:25:58Z	dispatch-handoffs	ViktorJT	ViktorJT	Hand-offs by dispatch: no label starts a workflow
36590042229	Pipeline tests	pull_request	completed	success	2026-09-29T15:25:12Z	2026-09-29T15:25:12Z	2026-09-29T15:26:12Z	dispatch-handoffs	ViktorJT	ViktorJT	Hand-offs by dispatch: no label starts a workflow
36587796929	Dispatcher	schedule	completed	success	2026-09-29T15:07:37Z	2026-09-29T15:07:37Z	2026-09-29T15:07:51Z	main	ViktorJT	ViktorJT	Dispatcher
36587202326	Board status	schedule	completed	success	2026-09-29T15:03:01Z	2026-09-29T15:03:01Z	2026-09-29T15:03:11Z	main	ViktorJT	ViktorJT	Board status
36586432992	Dispatcher	workflow_run	completed	success	2026-09-29T14:57:04Z	2026-09-29T14:57:04Z	2026-09-29T14:57:18Z	main	ViktorJT	ViktorJT	Dispatcher
36585624135	Relate	schedule	completed	success	2026-09-29T14:50:02Z	2026-09-29T14:50:02Z	2026-09-29T14:57:01Z	main	ViktorJT	ViktorJT	Relate
36570868030	Config drift	schedule	completed	success	2026-09-29T12:50:47Z	2026-09-29T12:50:47Z	2026-09-29T12:50:57Z	main	ViktorJT	ViktorJT	Config drift
36562388995	Board status	workflow_run	completed	success	2026-09-29T11:32:34Z	2026-09-29T11:32:34Z	2026-09-29T11:32:45Z	main	ViktorJT	ViktorJT	Board status
36562389188	Dispatcher	workflow_run	completed	success	2026-09-29T11:32:34Z	2026-09-29T11:32:34Z	2026-09-29T11:32:49Z	main	ViktorJT	ViktorJT	Dispatcher
36562180875	Board status	workflow_run	completed	success	2026-09-29T11:30:35Z	2026-09-29T11:30:35Z	2026-09-29T11:30:44Z	main	ViktorJT	ViktorJT	Board status
36562127262	Sweeper	schedule	completed	success	2026-09-29T11:30:06Z	2026-09-29T11:30:06Z	2026-09-29T11:30:32Z	main	ViktorJT	ViktorJT	Sweeper
36561914371	Refine	schedule	completed	success	2026-09-29T11:28:01Z	2026-09-29T11:28:01Z	2026-09-29T11:32:32Z	main	ViktorJT	ViktorJT	Refine
36544096718	Dispatcher	schedule	completed	success	2026-09-29T08:39:22Z	2026-09-29T08:39:22Z	2026-09-29T08:39:38Z	main	ViktorJT	ViktorJT	Dispatcher
36542225493	Board status	schedule	completed	success	2026-09-29T08:21:41Z	2026-09-29T08:21:41Z	2026-09-29T08:21:54Z	main	ViktorJT	ViktorJT	Board status
36531283032	Board status	workflow_run	completed	success	2026-09-29T06:28:58Z	2026-09-29T06:28:58Z	2026-09-29T06:29:12Z	main	gh-aw-spike-implementer[bot]	gh-aw-spike-implementer[bot]	Board status
36531263227	Hold	pull_request	completed	success	2026-09-29T06:28:44Z	2026-09-29T06:28:44Z	2026-09-29T06:28:49Z	implement/button-component-b5b67ed2c6cdc93b	gh-aw-spike-reviewer[bot]	gh-aw-spike-reviewer[bot]	[implementer] Button component (#125)
36530624878	Board status	workflow_run	completed	success	2026-09-29T06:21:10Z	2026-09-29T06:21:10Z	2026-09-29T06:21:22Z	main	gh-aw-spike-reviewer[bot]	gh-aw-spike-reviewer[bot]	Board status
36530544194	Board status	workflow_run	completed	skipped	2026-09-29T06:20:13Z	2026-09-29T06:20:13Z	2026-09-29T06:20:21Z	main	gh-aw-spike-implementer[bot]	gh-aw-spike-implementer[bot]	Board status
36530541444	Conventions	pull_request	completed	success	2026-09-29T06:20:12Z	2026-09-29T06:20:12Z	2026-09-29T06:20:20Z	implement/button-component-b5b67ed2c6cdc93b	gh-aw-spike-implementer[bot]	gh-aw-spike-implementer[bot]	[implementer] Button component (#125)
36530541916	Board status	workflow_run	completed	skipped	2026-09-29T06:20:12Z	2026-09-29T06:20:12Z	2026-09-29T06:20:13Z	main	gh-aw-spike-implementer[bot]	gh-aw-spike-implementer[bot]	Board status
36530541430	Hold	pull_request	completed	success	2026-09-29T06:20:12Z	2026-09-29T06:20:12Z	2026-09-29T06:20:17Z	implement/button-component-b5b67ed2c6cdc93b	gh-aw-spike-implementer[bot]	gh-aw-spike-implementer[bot]	[implementer] Button component (#125)
36530541440	CI	pull_request	completed	success	2026-09-29T06:20:12Z	2026-09-29T06:20:12Z	2026-09-29T06:21:19Z	implement/button-component-b5b67ed2c6cdc93b	gh-aw-spike-implementer[bot]	gh-aw-spike-implementer[bot]	[implementer] Button component (#125)
36530541364	Review	pull_request	completed	success	2026-09-29T06:20:12Z	2026-09-29T06:20:12Z	2026-09-29T06:28:56Z	implement/button-component-b5b67ed2c6cdc93b	gh-aw-spike-implementer[bot]	gh-aw-spike-implementer[bot]	Review
36530539510	Back to refinement	issue_comment	completed	skipped	2026-09-29T06:20:10Z	2026-09-29T06:20:10Z	2026-09-29T06:20:11Z	main	gh-aw-spike-implementer[bot]	gh-aw-spike-implementer[bot]	[implementer] Button component (#125)
36530537297	Back to refinement	issue_comment	completed	skipped	2026-09-29T06:20:09Z	2026-09-29T06:20:09Z	2026-09-29T06:20:10Z	main	gh-aw-spike-implementer[bot]	gh-aw-spike-implementer[bot]	[implementer] Button component (#125)
36529886362	Board status	workflow_run	completed	success	2026-09-29T06:12:25Z	2026-09-29T06:12:25Z	2026-09-29T06:12:37Z	main	ViktorJT	ViktorJT	Board status
36529873359	Board status	workflow_run	completed	skipped	2026-09-29T06:12:16Z	2026-09-29T06:12:16Z	2026-09-29T06:12:17Z	main	gh-aw-spike-reviewer[bot]	gh-aw-spike-reviewer[bot]	Board status
36529867970	Rework	pull_request	completed	success	2026-09-29T06:12:13Z	2026-09-29T06:12:13Z	2026-09-29T06:21:08Z	implement/button-component-b5b67ed2c6cdc93b	gh-aw-spike-reviewer[bot]	gh-aw-spike-reviewer[bot]	Rework
36529867982	Review	pull_request	completed	skipped	2026-09-29T06:12:13Z	2026-09-29T06:12:13Z	2026-09-29T06:12:14Z	implement/button-component-b5b67ed2c6cdc93b	gh-aw-spike-reviewer[bot]	gh-aw-spike-reviewer[bot]	Review
36529867905	Hold	pull_request	completed	success	2026-09-29T06:12:12Z	2026-09-29T06:12:12Z	2026-09-29T06:12:18Z	implement/button-component-b5b67ed2c6cdc93b	gh-aw-spike-reviewer[bot]	gh-aw-spike-reviewer[bot]	[implementer] Button component (#125)
36529373752	Agentic Maintenance	schedule	completed	success	2026-09-29T06:06:16Z	2026-09-29T06:06:16Z	2026-09-29T06:06:37Z	main	ViktorJT	ViktorJT	Agentic Maintenance
36529374046	Board status	workflow_run	completed	skipped	2026-09-29T06:06:16Z	2026-09-29T06:06:16Z	2026-09-29T06:06:17Z	main	gh-aw-spike-reviewer[bot]	gh-aw-spike-reviewer[bot]	Board status
36529371808	Board status	workflow_run	completed	skipped	2026-09-29T06:06:14Z	2026-09-29T06:06:14Z	2026-09-29T06:06:15Z	main	gh-aw-spike-reviewer[bot]	gh-aw-spike-reviewer[bot]	Board status
36529370090	Back to refinement	issue_comment	completed	skipped	2026-09-29T06:06:13Z	2026-09-29T06:06:13Z	2026-09-29T06:06:14Z	main	gh-aw-spike-reviewer[bot]	gh-aw-spike-reviewer[bot]	[aw] Release read failed
36529366993	Back to refinement	issue_comment	completed	skipped	2026-09-29T06:06:11Z	2026-09-29T06:06:11Z	2026-09-29T06:06:12Z	main	gh-aw-spike-reviewer[bot]	gh-aw-spike-reviewer[bot]	[aw] Detection Runs
36529323156	Conventions	pull_request	completed	success	2026-09-29T06:05:40Z	2026-09-29T06:05:40Z	2026-09-29T06:05:48Z	implement/button-component-b5b67ed2c6cdc93b	ViktorJT	ViktorJT	[implementer] Button component (#125)
36529323184	Hold	pull_request	completed	success	2026-09-29T06:05:40Z	2026-09-29T06:05:40Z	2026-09-29T06:05:45Z	implement/button-component-b5b67ed2c6cdc93b	ViktorJT	ViktorJT	[implementer] Button component (#125)
36529323177	CI	pull_request	completed	success	2026-09-29T06:05:40Z	2026-09-29T06:05:40Z	2026-09-29T06:06:44Z	implement/button-component-b5b67ed2c6cdc93b	ViktorJT	ViktorJT	[implementer] Button component (#125)
36529323170	Review	pull_request	completed	success	2026-09-29T06:05:40Z	2026-09-29T06:05:40Z	2026-09-29T06:12:23Z	implement/button-component-b5b67ed2c6cdc93b	ViktorJT	ViktorJT	Review
36529309503	Board status	workflow_run	completed	success	2026-09-29T06:05:30Z	2026-09-29T06:05:30Z	2026-09-29T06:05:40Z	main	ViktorJT	ViktorJT	Board status
36529305605	Hold	pull_request	completed	success	2026-09-29T06:05:28Z	2026-09-29T06:05:28Z	2026-09-29T06:05:34Z	implement/button-component-b5b67ed2c6cdc93b	ViktorJT	ViktorJT	[implementer] Button component (#125)
36529304699	Hold	pull_request	completed	success	2026-09-29T06:05:27Z	2026-09-29T06:05:27Z	2026-09-29T06:05:34Z	implement/button-component-b5b67ed2c6cdc93b	ViktorJT	ViktorJT	[implementer] Button component (#125)
36529293815	Back to refinement	push	completed	success	2026-09-29T06:05:20Z	2026-09-29T06:05:20Z	2026-09-29T06:05:28Z	develop	ViktorJT	ViktorJT	Sync main into develop: pipeline tests (#140)
36529293841	Config drift	push	completed	success	2026-09-29T06:05:20Z	2026-09-29T06:05:20Z	2026-09-29T06:05:26Z	develop	ViktorJT	ViktorJT	Sync main into develop: pipeline tests (#140)
36529293810	Unblock detect	push	completed	success	2026-09-29T06:05:20Z	2026-09-29T06:05:20Z	2026-09-29T06:05:25Z	develop	ViktorJT	ViktorJT	Sync main into develop: pipeline tests (#140)
36529293828	CI	push	completed	success	2026-09-29T06:05:20Z	2026-09-29T06:05:20Z	2026-09-29T06:06:16Z	develop	ViktorJT	ViktorJT	Sync main into develop: pipeline tests (#140)
36529284137	Board status	workflow_run	completed	success	2026-09-29T06:05:14Z	2026-09-29T06:05:14Z	2026-09-29T06:05:22Z	main	ViktorJT	ViktorJT	Board status
36529266789	Config drift	push	completed	failure	2026-09-29T06:05:03Z	2026-09-29T06:05:03Z	2026-09-29T06:05:11Z	main	ViktorJT	ViktorJT	Merge pull request #140 from Viktor-Jensen-Torp/chain-tests
36529266799	Back to refinement	push	completed	success	2026-09-29T06:05:03Z	2026-09-29T06:05:03Z	2026-09-29T06:05:12Z	main	ViktorJT	ViktorJT	Merge pull request #140 from Viktor-Jensen-Torp/chain-tests
36529266781	CI	push	completed	success	2026-09-29T06:05:03Z	2026-09-29T06:05:03Z	2026-09-29T06:05:54Z	main	ViktorJT	ViktorJT	Merge pull request #140 from Viktor-Jensen-Torp/chain-tests
36529173221	Pipeline tests	pull_request	completed	success	2026-09-29T06:03:56Z	2026-09-29T06:03:56Z	2026-09-29T06:04:15Z	chain-tests	ViktorJT	ViktorJT	Pipeline tests; fix the three chain bugs #136 hit
36529173204	CI	pull_request	completed	success	2026-09-29T06:03:56Z	2026-09-29T06:03:56Z	2026-09-29T06:04:53Z	chain-tests	ViktorJT	ViktorJT	Pipeline tests; fix the three chain bugs #136 hit
36529173230	Release read	pull_request	completed	failure	2026-09-29T06:03:56Z	2026-09-29T06:03:56Z	2026-09-29T06:06:16Z	chain-tests	ViktorJT	ViktorJT	Release read
36529173095	Hold	pull_request	completed	success	2026-09-29T06:03:56Z	2026-09-29T06:03:56Z	2026-09-29T06:04:03Z	chain-tests	ViktorJT	ViktorJT	Pipeline tests; fix the three chain bugs #136 hit
36527541162	Board status	workflow_run	completed	success	2026-09-29T05:43:48Z	2026-09-29T05:43:48Z	2026-09-29T05:43:57Z	main	ViktorJT	ViktorJT	Board status
36527523771	Back to refinement	issues	completed	success	2026-09-29T05:43:35Z	2026-09-29T05:43:35Z	2026-09-29T05:43:46Z	main	ViktorJT	ViktorJT	Button component
36525170503	Board status	workflow_run	completed	success	2026-09-29T05:13:37Z	2026-09-29T05:13:37Z	2026-09-29T05:13:53Z	main	gh-aw-spike-reviewer[bot]	gh-aw-spike-reviewer[bot]	Board status
36525166496	Board status	workflow_run	completed	success	2026-09-29T05:13:34Z	2026-09-29T05:13:34Z	2026-09-29T05:13:43Z	main	ViktorJT	ViktorJT	Board status
36525153627	Board status	workflow_run	completed	skipped	2026-09-29T05:13:24Z	2026-09-29T05:13:24Z	2026-09-29T05:13:25Z	main	gh-aw-spike-reviewer[bot]	gh-aw-spike-reviewer[bot]	Board status
36525148501	Review	pull_request	completed	skipped	2026-09-29T05:13:20Z	2026-09-29T05:13:20Z	2026-09-29T05:13:22Z	implement/button-component-b5b67ed2c6cdc93b	gh-aw-spike-reviewer[bot]	gh-aw-spike-reviewer[bot]	Review
36525148435	Hold	pull_request	completed	failure	2026-09-29T05:13:20Z	2026-09-29T05:13:20Z	2026-09-29T05:13:27Z	implement/button-component-b5b67ed2c6cdc93b	gh-aw-spike-reviewer[bot]	gh-aw-spike-reviewer[bot]	[implementer] Button component (#125)
36525148487	Rework	pull_request	completed	success	2026-09-29T05:13:20Z	2026-09-29T05:13:20Z	2026-09-29T05:13:35Z	implement/button-component-b5b67ed2c6cdc93b	gh-aw-spike-reviewer[bot]	gh-aw-spike-reviewer[bot]	Rework
36524645024	Board status	workflow_run	completed	skipped	2026-09-29T05:06:50Z	2026-09-29T05:06:50Z	2026-09-29T05:07:01Z	main	gh-aw-spike-reviewer[bot]	gh-aw-spike-reviewer[bot]	Board status
36524632331	Board status	workflow_run	completed	skipped	2026-09-29T05:06:39Z	2026-09-29T05:06:39Z	2026-09-29T05:06:40Z	main	gh-aw-spike-reviewer[bot]	gh-aw-spike-reviewer[bot]	Board status
36524630524	Back to refinement	issue_comment	completed	skipped	2026-09-29T05:06:38Z	2026-09-29T05:06:38Z	2026-09-29T05:06:48Z	main	gh-aw-spike-reviewer[bot]	gh-aw-spike-reviewer[bot]	[aw] Release read failed
36524628499	Back to refinement	issue_comment	completed	skipped	2026-09-29T05:06:36Z	2026-09-29T05:06:36Z	2026-09-29T05:06:37Z	main	gh-aw-spike-reviewer[bot]	gh-aw-spike-reviewer[bot]	[aw] Detection Runs
36524581513	Board status	workflow_run	completed	success	2026-09-29T05:05:59Z	2026-09-29T05:05:59Z	2026-09-29T05:06:10Z	main	ViktorJT	ViktorJT	Board status
36524573206	Review	pull_request	completed	success	2026-09-29T05:05:52Z	2026-09-29T05:05:52Z	2026-09-29T05:13:31Z	implement/button-component-b5b67ed2c6cdc93b	ViktorJT	ViktorJT	Review
36524573182	Hold	pull_request	completed	failure	2026-09-29T05:05:52Z	2026-09-29T05:05:52Z	2026-09-29T05:06:00Z	implement/button-component-b5b67ed2c6cdc93b	ViktorJT	ViktorJT	[implementer] Button component (#125)
36524573141	Conventions	pull_request	completed	success	2026-09-29T05:05:52Z	2026-09-29T05:05:52Z	2026-09-29T05:06:02Z	implement/button-component-b5b67ed2c6cdc93b	ViktorJT	ViktorJT	[implementer] Button component (#125)
36524573233	CI	pull_request	completed	success	2026-09-29T05:05:52Z	2026-09-29T05:05:52Z	2026-09-29T05:06:54Z	implement/button-component-b5b67ed2c6cdc93b	ViktorJT	ViktorJT	[implementer] Button component (#125)
36524566860	Back to refinement	push	completed	success	2026-09-29T05:05:47Z	2026-09-29T05:05:47Z	2026-09-29T05:05:57Z	develop	ViktorJT	ViktorJT	Sync main into develop: no kill by name
36524566964	Config drift	push	completed	success	2026-09-29T05:05:47Z	2026-09-29T05:05:47Z	2026-09-29T05:05:53Z	develop	ViktorJT	ViktorJT	Sync main into develop: no kill by name
36524566951	Unblock detect	push	completed	success	2026-09-29T05:05:47Z	2026-09-29T05:05:47Z	2026-09-29T05:05:55Z	develop	ViktorJT	ViktorJT	Sync main into develop: no kill by name
36524566999	CI	push	completed	success	2026-09-29T05:05:47Z	2026-09-29T05:05:47Z	2026-09-29T05:06:47Z	develop	ViktorJT	ViktorJT	Sync main into develop: no kill by name
36524546463	Board status	workflow_run	completed	success	2026-09-29T05:05:31Z	2026-09-29T05:05:31Z	2026-09-29T05:05:43Z	main	ViktorJT	ViktorJT	Board status
36524532677	Config drift	push	completed	failure	2026-09-29T05:05:20Z	2026-09-29T05:05:20Z	2026-09-29T05:05:28Z	main	ViktorJT	ViktorJT	Merge pull request #139 from Viktor-Jensen-Torp/no-kill-by-name
36524532663	Back to refinement	push	completed	success	2026-09-29T05:05:20Z	2026-09-29T05:05:20Z	2026-09-29T05:05:29Z	main	ViktorJT	ViktorJT	Merge pull request #139 from Viktor-Jensen-Torp/no-kill-by-name
36524532662	CI	push	completed	success	2026-09-29T05:05:20Z	2026-09-29T05:05:20Z	2026-09-29T05:06:10Z	main	ViktorJT	ViktorJT	Merge pull request #139 from Viktor-Jensen-Torp/no-kill-by-name
36524457486	Hold	pull_request	completed	success	2026-09-29T05:04:23Z	2026-09-29T05:04:23Z	2026-09-29T05:04:29Z	no-kill-by-name	ViktorJT	ViktorJT	Agents cannot stop processes by name; servers stop by their saved pid
36524457571	CI	pull_request	completed	success	2026-09-29T05:04:23Z	2026-09-29T05:04:23Z	2026-09-29T05:05:13Z	no-kill-by-name	ViktorJT	ViktorJT	Agents cannot stop processes by name; servers stop by their saved pid
36524457452	Release read	pull_request	completed	failure	2026-09-29T05:04:23Z	2026-09-29T05:04:23Z	2026-09-29T05:06:40Z	no-kill-by-name	ViktorJT	ViktorJT	Release read
36524335499	Board status	workflow_run	completed	success	2026-09-29T05:02:48Z	2026-09-29T05:02:48Z	2026-09-29T05:03:02Z	main	gh-aw-spike-reviewer[bot]	gh-aw-spike-reviewer[bot]	Board status
36524330159	Board status	workflow_run	completed	success	2026-09-29T05:02:43Z	2026-09-29T05:02:43Z	2026-09-29T05:02:52Z	main	ViktorJT	ViktorJT	Board status
36524321340	Board status	workflow_run	completed	skipped	2026-09-29T05:02:37Z	2026-09-29T05:02:37Z	2026-09-29T05:02:48Z	main	gh-aw-spike-reviewer[bot]	gh-aw-spike-reviewer[bot]	Board status
36524316089	Review	pull_request	completed	skipped	2026-09-29T05:02:32Z	2026-09-29T05:02:32Z	2026-09-29T05:02:34Z	implement/button-component-b5b67ed2c6cdc93b	gh-aw-spike-reviewer[bot]	gh-aw-spike-reviewer[bot]	Review
36524316093	Rework	pull_request	completed	success	2026-09-29T05:02:32Z	2026-09-29T05:02:32Z	2026-09-29T05:02:46Z	implement/button-component-b5b67ed2c6cdc93b	gh-aw-spike-reviewer[bot]	gh-aw-spike-reviewer[bot]	Rework
36524316109	Hold	pull_request	completed	failure	2026-09-29T05:02:32Z	2026-09-29T05:02:32Z	2026-09-29T05:03:14Z	implement/button-component-b5b67ed2c6cdc93b	gh-aw-spike-reviewer[bot]	gh-aw-spike-reviewer[bot]	[implementer] Button component (#125)
36524303034	Sweeper	schedule	completed	success	2026-09-29T05:02:22Z	2026-09-29T05:02:22Z	2026-09-29T05:02:41Z	main	ViktorJT	ViktorJT	Sweeper
36510745479	Dispatcher	schedule	completed	success	2026-09-29T02:02:48Z	2026-09-29T02:02:48Z	2026-09-29T02:03:01Z	main	ViktorJT	ViktorJT	Dispatcher
36509725752	Board status	schedule	completed	success	2026-09-29T01:49:46Z	2026-09-29T01:49:46Z	2026-09-29T01:49:53Z	main	ViktorJT	ViktorJT	Board status
36501949778	Board status	workflow_run	completed	success	2026-09-29T00:12:39Z	2026-09-29T00:12:39Z	2026-09-29T00:12:47Z	main	gh-aw-spike-reviewer[bot]	gh-aw-spike-reviewer[bot]	Board status
36501946216	Board status	workflow_run	completed	skipped	2026-09-29T00:12:37Z	2026-09-29T00:12:37Z	2026-09-29T00:12:38Z	main	gh-aw-spike-implementer[bot]	gh-aw-spike-implementer[bot]	Board status
36501942085	Back to refinement	issue_comment	completed	skipped	2026-09-29T00:12:34Z	2026-09-29T00:12:34Z	2026-09-29T00:12:35Z	main	gh-aw-spike-implementer[bot]	gh-aw-spike-implementer[bot]	[aw] Rework reported incomplete result
36501791034	Board status	workflow_run	completed	skipped	2026-09-29T00:10:45Z	2026-09-29T00:10:45Z	2026-09-29T00:10:46Z	main	gh-aw-spike-implementer[bot]	gh-aw-spike-implementer[bot]	Board status
36501786359	Back to refinement	issue_comment	completed	skipped	2026-09-29T00:10:42Z	2026-09-29T00:10:42Z	2026-09-29T00:10:43Z	main	gh-aw-spike-implementer[bot]	gh-aw-spike-implementer[bot]	[implementer] Button component (#125)
